調査年 コード,調査年,地域 コード,地域,#C04401_製造品出荷額等（従業者1人当たり）【万円】,#C04505_商業年間商品販売額（卸売業＋小売業）（従業者1人当たり）【万円】
2021100000,2021年度,1000,北海道,3752.5,***
2021100000,2021年度,2000,青森県,3039.1,***
2021100000,2021年度,3000,岩手県,3216.7,***
2021100000,2021年度,4000,宮城県,4475.5,***
2021100000,2021年度,5000,秋田県,2404.3,***
2021100000,2021年度,6000,山形県,3103.7,***
2021100000,2021年度,7000,福島県,3346.5,***
2021100000,2021年度,8000,茨城県,5179.2,***
2021100000,2021年度,9000,栃木県,4395.1,***
2021100000,2021年度,10000,群馬県,3948.2,***
2021100000,2021年度,11000,埼玉県,3756.2,***
2021100000,2021年度,12000,千葉県,6357.1,***
2021100000,2021年度,13000,東京都,3191.9,***
2021100000,2021年度,14000,神奈川県,4988.4,***
2021100000,2021年度,15000,新潟県,2878.6,***
2021100000,2021年度,16000,富山県,3194.7,***
2021100000,2021年度,17000,石川県,2964.6,***
2021100000,2021年度,18000,福井県,3355.2,***
2021100000,2021年度,19000,山梨県,3759,***
2021100000,2021年度,20000,長野県,3354.4,***
2021100000,2021年度,21000,岐阜県,3072.4,***
2021100000,2021年度,22000,静岡県,4303,***
2021100000,2021年度,23000,愛知県,5929.8,***
2021100000,2021年度,24000,三重県,5472.5,***
2021100000,2021年度,25000,滋賀県,4953.2,***
2021100000,2021年度,26000,京都府,4230.7,***
2021100000,2021年度,27000,大阪府,4453.1,***
2021100000,2021年度,28000,兵庫県,4743.8,***
2021100000,2021年度,29000,奈良県,3269.7,***
2021100000,2021年度,30000,和歌山県,4717.6,***
2021100000,2021年度,31000,鳥取県,2778.5,***
2021100000,2021年度,32000,島根県,3152.5,***
2021100000,2021年度,33000,岡山県,5666.6,***
2021100000,2021年度,34000,広島県,4786.4,***
2021100000,2021年度,35000,山口県,6978.7,***
2021100000,2021年度,36000,徳島県,4625.9,***
2021100000,2021年度,37000,香川県,4070.6,***
2021100000,2021年度,38000,愛媛県,6177,***
2021100000,2021年度,39000,高知県,2600.8,***
2021100000,2021年度,40000,福岡県,4282.9,***
2021100000,2021年度,41000,佐賀県,3395.3,***
2021100000,2021年度,42000,長崎県,2872.1,***
2021100000,2021年度,43000,熊本県,3603,***
2021100000,2021年度,44000,大分県,7308.4,***
2021100000,2021年度,45000,宮崎県,3216.8,***
2021100000,2021年度,46000,鹿児島県,3179.1,***
2021100000,2021年度,47000,沖縄県,2000.8,***
2020100000,2020年度,1000,北海道,3273.9,4499.6
2020100000,2020年度,2000,青森県,2911.2,3242.7
2020100000,2020年度,3000,岩手県,2836.4,3545.4
2020100000,2020年度,4000,宮城県,3670.8,5779.5
2020100000,2020年度,5000,秋田県,2091.2,3016.8
2020100000,2020年度,6000,山形県,2802.9,3023.1
2020100000,2020年度,7000,福島県,2969.2,3375.8
2020100000,2020年度,8000,茨城県,4448.3,3485.3
2020100000,2020年度,9000,栃木県,3978.9,3800.3
2020100000,2020年度,10000,群馬県,3701.1,3848.7
2020100000,2020年度,11000,埼玉県,3222.2,3796.2
2020100000,2020年度,12000,千葉県,5625.3,3532.1
2020100000,2020年度,13000,東京都,2867.8,11175.5
2020100000,2020年度,14000,神奈川県,4449.1,3833.8
2020100000,2020年度,15000,新潟県,2509.8,3593
2020100000,2020年度,16000,富山県,2866.9,3702.4
2020100000,2020年度,17000,石川県,2500.8,3950.1
2020100000,2020年度,18000,福井県,2879.1,3239.4
2020100000,2020年度,19000,山梨県,3512.6,2853
2020100000,2020年度,20000,長野県,2949.1,3620.9
2020100000,2020年度,21000,岐阜県,2744,2972.3
2020100000,2020年度,22000,静岡県,3980.4,3989.9
2020100000,2020年度,23000,愛知県,5096.2,6597.3
2020100000,2020年度,24000,三重県,5130,2914.6
2020100000,2020年度,25000,滋賀県,4691.4,2825.6
2020100000,2020年度,26000,京都府,3639.6,4103.7
2020100000,2020年度,27000,大阪府,3794.3,6907
2020100000,2020年度,28000,兵庫県,4188.8,3887.2
2020100000,2020年度,29000,奈良県,2772.3,2351.8
2020100000,2020年度,30000,和歌山県,4514.4,3008.8
2020100000,2020年度,31000,鳥取県,2185.4,3075
2020100000,2020年度,32000,島根県,2746.6,2851
2020100000,2020年度,33000,岡山県,4693.9,3865.7
2020100000,2020年度,34000,広島県,4027.4,4974
2020100000,2020年度,35000,山口県,5821.6,3074
2020100000,2020年度,36000,徳島県,3804.4,2910.5
2020100000,2020年度,37000,香川県,3588.9,4187.1
2020100000,2020年度,38000,愛媛県,4965.8,3985.4
2020100000,2020年度,39000,高知県,2141.3,2660.3
2020100000,2020年度,40000,福岡県,4022.6,5375.1
2020100000,2020年度,41000,佐賀県,3283.5,3025.8
2020100000,2020年度,42000,長崎県,2890.6,2865.2
2020100000,2020年度,43000,熊本県,2964.5,3408
2020100000,2020年度,44000,大分県,5803.5,3015.2
2020100000,2020年度,45000,宮崎県,2910.8,3395.7
2020100000,2020年度,46000,鹿児島県,2776.6,3348.7
2020100000,2020年度,47000,沖縄県,1757.8,2871.4
2019100000,2019年度,1000,北海道,3544.4,3394.3
2019100000,2019年度,2000,青森県,2999.2,2736.5
2019100000,2019年度,3000,岩手県,2986.4,2818.9
2019100000,2019年度,4000,宮城県,3818.7,4082.8
2019100000,2019年度,5000,秋田県,2056.6,2607.3
2019100000,2019年度,6000,山形県,2816.1,2624.2
2019100000,2019年度,7000,福島県,3169.7,2943.1
2019100000,2019年度,8000,茨城県,4595.9,2760.9
2019100000,2019年度,9000,栃木県,4332.2,3080.9
2019100000,2019年度,10000,群馬県,4213.9,3731.2
2019100000,2019年度,11000,埼玉県,3446.5,2843.1
2019100000,2019年度,12000,千葉県,5904.4,2823.7
2019100000,2019年度,13000,東京都,2900.3,7099.9
2019100000,2019年度,14000,神奈川県,4985.9,2805.4
2019100000,2019年度,15000,新潟県,2618.4,2937.2
2019100000,2019年度,16000,富山県,3071.5,3192.9
2019100000,2019年度,17000,石川県,2861.7,3179.1
2019100000,2019年度,18000,福井県,3034.9,2700.7
2019100000,2019年度,19000,山梨県,3445.7,2395.4
2019100000,2019年度,20000,長野県,3005,2930.2
2019100000,2019年度,21000,岐阜県,2890.2,2649.1
2019100000,2019年度,22000,静岡県,4150.4,3080.5
2019100000,2019年度,23000,愛知県,5552.3,4500.7
2019100000,2019年度,24000,三重県,5240.2,2400.1
2019100000,2019年度,25000,滋賀県,4970.2,2337.1
2019100000,2019年度,26000,京都府,3907.8,2587.3
2019100000,2019年度,27000,大阪府,3785.9,4360.6
2019100000,2019年度,28000,兵庫県,4467.2,3080.7
2019100000,2019年度,29000,奈良県,3429.4,2035
2019100000,2019年度,30000,和歌山県,5014.7,2619.6
2019100000,2019年度,31000,鳥取県,2304,2603.4
2019100000,2019年度,32000,島根県,2916.5,2585.7
2019100000,2019年度,33000,岡山県,5122,2849.5
2019100000,2019年度,34000,広島県,4423.1,3606.8
2019100000,2019年度,35000,山口県,6792.3,2437.3
2019100000,2019年度,36000,徳島県,4043.4,2518.7
2019100000,2019年度,37000,香川県,3848,3174.1
2019100000,2019年度,38000,愛媛県,5624.6,3135.2
2019100000,2019年度,39000,高知県,2291.4,2302.1
2019100000,2019年度,40000,福岡県,4454.2,3633.8
2019100000,2019年度,41000,佐賀県,3350.7,2365
2019100000,2019年度,42000,長崎県,3062.1,2649.1
2019100000,2019年度,43000,熊本県,2999,2712.2
2019100000,2019年度,44000,大分県,6486.5,2447.1
2019100000,2019年度,45000,宮崎県,2907,2700.1
2019100000,2019年度,46000,鹿児島県,2792.2,2689.9
2019100000,2019年度,47000,沖縄県,1819.5,2253.5
2018100000,2018年度,1000,北海道,3774.7,3459.2
2018100000,2018年度,2000,青森県,3136,2780
2018100000,2018年度,3000,岩手県,3146.9,2791.6
2018100000,2018年度,4000,宮城県,3981.6,4174.2
2018100000,2018年度,5000,秋田県,2120,2596.2
2018100000,2018年度,6000,山形県,2834.9,2626.4
2018100000,2018年度,7000,福島県,3308.3,2945.1
2018100000,2018年度,8000,茨城県,4809.4,2757.1
2018100000,2018年度,9000,栃木県,4468.1,3114.8
2018100000,2018年度,10000,群馬県,4314.8,3595.1
2018100000,2018年度,11000,埼玉県,3566.3,2889.3
2018100000,2018年度,12000,千葉県,6337.1,2837.9
2018100000,2018年度,13000,東京都,3015.3,7496.5
2018100000,2018年度,14000,神奈川県,5137,2863.2
2018100000,2018年度,15000,新潟県,2705.1,2966.2
2018100000,2018年度,16000,富山県,3227.9,3214.3
2018100000,2018年度,17000,石川県,3008,3197.8
2018100000,2018年度,18000,福井県,3068.8,2700.9
2018100000,2018年度,19000,山梨県,3538.3,2443.8
2018100000,2018年度,20000,長野県,3189.4,2941.6
2018100000,2018年度,21000,岐阜県,2925.4,2647.1
2018100000,2018年度,22000,静岡県,4329.1,3130.9
2018100000,2018年度,23000,愛知県,5758.6,4652.5
2018100000,2018年度,24000,三重県,5590.7,2456.3
2018100000,2018年度,25000,滋賀県,5104.7,2308.9
2018100000,2018年度,26000,京都府,4075.9,2627.4
2018100000,2018年度,27000,大阪府,3963.9,4494.3
2018100000,2018年度,28000,兵庫県,4560.4,3101.8
2018100000,2018年度,29000,奈良県,3530.6,1991.7
2018100000,2018年度,30000,和歌山県,5143.6,2584.5
2018100000,2018年度,31000,鳥取県,2378,2729.1
2018100000,2018年度,32000,島根県,3064.9,2589.5
2018100000,2018年度,33000,岡山県,5733.1,2833.5
2018100000,2018年度,34000,広島県,4628.8,3665.6
2018100000,2018年度,35000,山口県,7201.4,2426.3
2018100000,2018年度,36000,徳島県,3910.2,2530.3
2018100000,2018年度,37000,香川県,3980.4,3223.3
2018100000,2018年度,38000,愛媛県,5518.8,3098.4
2018100000,2018年度,39000,高知県,2280.6,2284.2
2018100000,2018年度,40000,福岡県,4663.1,3694.5
2018100000,2018年度,41000,佐賀県,3373.6,2338.3
2018100000,2018年度,42000,長崎県,3118.9,2670.6
2018100000,2018年度,43000,熊本県,3063.4,2721.1
2018100000,2018年度,44000,大分県,6668.1,2439.3
2018100000,2018年度,45000,宮崎県,3057.2,2738.6
2018100000,2018年度,46000,鹿児島県,2938.6,2720.6
2018100000,2018年度,47000,沖縄県,1914.5,2263.4
2017100000,2017年度,1000,北海道,3654.2,***
2017100000,2017年度,2000,青森県,3338,***
2017100000,2017年度,3000,岩手県,2961.5,***
2017100000,2017年度,4000,宮城県,3900.7,***
2017100000,2017年度,5000,秋田県,2229.4,***
2017100000,2017年度,6000,山形県,2928.7,***
2017100000,2017年度,7000,福島県,3303.9,***
2017100000,2017年度,8000,茨城県,4671.2,***
2017100000,2017年度,9000,栃木県,4581.1,***
2017100000,2017年度,10000,群馬県,4402.6,***
2017100000,2017年度,11000,埼玉県,3517.1,***
2017100000,2017年度,12000,千葉県,5978.5,***
2017100000,2017年度,13000,東京都,3023.3,***
2017100000,2017年度,14000,神奈川県,5120.6,***
2017100000,2017年度,15000,新潟県,2631,***
2017100000,2017年度,16000,富山県,3107.5,***
2017100000,2017年度,17000,石川県,2962.8,***
2017100000,2017年度,18000,福井県,2887.4,***
2017100000,2017年度,19000,山梨県,3557.6,***
2017100000,2017年度,20000,長野県,3101.3,***
2017100000,2017年度,21000,岐阜県,2830.9,***
2017100000,2017年度,22000,静岡県,4213.1,***
2017100000,2017年度,23000,愛知県,5671.9,***
2017100000,2017年度,24000,三重県,5323,***
2017100000,2017年度,25000,滋賀県,5021.7,***
2017100000,2017年度,26000,京都府,3983.2,***
2017100000,2017年度,27000,大阪府,3897.7,***
2017100000,2017年度,28000,兵庫県,4390.9,***
2017100000,2017年度,29000,奈良県,3360.1,***
2017100000,2017年度,30000,和歌山県,5081.5,***
2017100000,2017年度,31000,鳥取県,2456.8,***
2017100000,2017年度,32000,島根県,2892.7,***
2017100000,2017年度,33000,岡山県,5252.2,***
2017100000,2017年度,34000,広島県,4665.8,***
2017100000,2017年度,35000,山口県,6612.6,***
2017100000,2017年度,36000,徳島県,3775,***
2017100000,2017年度,37000,香川県,3697.4,***
2017100000,2017年度,38000,愛媛県,5437.9,***
2017100000,2017年度,39000,高知県,2258.9,***
2017100000,2017年度,40000,福岡県,4507.9,***
2017100000,2017年度,41000,佐賀県,3078.5,***
2017100000,2017年度,42000,長崎県,3119.8,***
2017100000,2017年度,43000,熊本県,3101.3,***
2017100000,2017年度,44000,大分県,6210,***
2017100000,2017年度,45000,宮崎県,3042,***
2017100000,2017年度,46000,鹿児島県,2967.2,***
2017100000,2017年度,47000,沖縄県,1938.1,***
2016100000,2016年度,1000,北海道,3560.4,***
2016100000,2016年度,2000,青森県,3278.3,***
2016100000,2016年度,3000,岩手県,2805.2,***
2016100000,2016年度,4000,宮城県,3692.9,***
2016100000,2016年度,5000,秋田県,2074.7,***
2016100000,2016年度,6000,山形県,2760.8,***
2016100000,2016年度,7000,福島県,3313.5,***
2016100000,2016年度,8000,茨城県,4282.6,***
2016100000,2016年度,9000,栃木県,4536.2,***
2016100000,2016年度,10000,群馬県,4244.1,***
2016100000,2016年度,11000,埼玉県,3297.9,***
2016100000,2016年度,12000,千葉県,5544.4,***
2016100000,2016年度,13000,東京都,2891.9,***
2016100000,2016年度,14000,神奈川県,4643.1,***
2016100000,2016年度,15000,新潟県,2594.3,***
2016100000,2016年度,16000,富山県,3037.7,***
2016100000,2016年度,17000,石川県,2968.8,***
2016100000,2016年度,18000,福井県,2820.1,***
2016100000,2016年度,19000,山梨県,3205.1,***
2016100000,2016年度,20000,長野県,3090.3,***
2016100000,2016年度,21000,岐阜県,2758.5,***
2016100000,2016年度,22000,静岡県,4069.6,***
2016100000,2016年度,23000,愛知県,5445.2,***
2016100000,2016年度,24000,三重県,5151.2,***
2016100000,2016年度,25000,滋賀県,4542.6,***
2016100000,2016年度,26000,京都府,3931.5,***
2016100000,2016年度,27000,大阪府,3585.1,***
2016100000,2016年度,28000,兵庫県,4339.4,***
2016100000,2016年度,29000,奈良県,3127.9,***
2016100000,2016年度,30000,和歌山県,4971.7,***
2016100000,2016年度,31000,鳥取県,2347.7,***
2016100000,2016年度,32000,島根県,2851.7,***
2016100000,2016年度,33000,岡山県,4993.7,***
2016100000,2016年度,34000,広島県,4691.5,***
2016100000,2016年度,35000,山口県,5991.8,***
2016100000,2016年度,36000,徳島県,3771,***
2016100000,2016年度,37000,香川県,3671.9,***
2016100000,2016年度,38000,愛媛県,5021.3,***
2016100000,2016年度,39000,高知県,2315.8,***
2016100000,2016年度,40000,福岡県,4254.2,***
2016100000,2016年度,41000,佐賀県,3102.5,***
2016100000,2016年度,42000,長崎県,3021,***
2016100000,2016年度,43000,熊本県,3033.2,***
2016100000,2016年度,44000,大分県,5887.3,***
2016100000,2016年度,45000,宮崎県,3053.1,***
2016100000,2016年度,46000,鹿児島県,2815.6,***
2016100000,2016年度,47000,沖縄県,1903.6,***
2015100000,2015年度,1000,北海道,3841.5,4079.1
2015100000,2015年度,2000,青森県,3088.3,3074.8
2015100000,2015年度,3000,岩手県,2799.6,3293.2
2015100000,2015年度,4000,宮城県,3606.9,5481.3
2015100000,2015年度,5000,秋田県,2056,2838.7
2015100000,2015年度,6000,山形県,2644.3,2825.4
2015100000,2015年度,7000,福島県,3272.1,3236.3
2015100000,2015年度,8000,茨城県,4599.3,3138.8
2015100000,2015年度,9000,栃木県,4462.9,3605.3
2015100000,2015年度,10000,群馬県,4415.4,4411.9
2015100000,2015年度,11000,埼玉県,3318.1,3439.8
2015100000,2015年度,12000,千葉県,6160.4,3121.2
2015100000,2015年度,13000,東京都,3110.8,10247.7
2015100000,2015年度,14000,神奈川県,4982,3395.8
2015100000,2015年度,15000,新潟県,2641.7,3374
2015100000,2015年度,16000,富山県,3148.8,3604.1
2015100000,2015年度,17000,石川県,2939.8,3811.9
2015100000,2015年度,18000,福井県,2814,2917.9
2015100000,2015年度,19000,山梨県,3478.5,2865.4
2015100000,2015年度,20000,長野県,3115.4,3345.6
2015100000,2015年度,21000,岐阜県,2752.4,2869.8
2015100000,2015年度,22000,静岡県,4130.1,3740.1
2015100000,2015年度,23000,愛知県,5583.3,6031.4
2015100000,2015年度,24000,三重県,5673.4,2790.7
2015100000,2015年度,25000,滋賀県,4589,2506.5
2015100000,2015年度,26000,京都府,3840.2,3229.9
2015100000,2015年度,27000,大阪府,3781.5,6095.3
2015100000,2015年度,28000,兵庫県,4437.2,3615.2
2015100000,2015年度,29000,奈良県,3172.3,2320.8
2015100000,2015年度,30000,和歌山県,5037.4,2870.9
2015100000,2015年度,31000,鳥取県,2249,2828.6
2015100000,2015年度,32000,島根県,2824.5,2802.6
2015100000,2015年度,33000,岡山県,5484.2,3420.3
2015100000,2015年度,34000,広島県,4880.9,4653.6
2015100000,2015年度,35000,山口県,6733.5,2703.4
2015100000,2015年度,36000,徳島県,3767.1,2768.6
2015100000,2015年度,37000,香川県,3715.4,4129
2015100000,2015年度,38000,愛媛県,5390.9,3465.9
2015100000,2015年度,39000,高知県,2277.9,2659.8
2015100000,2015年度,40000,福岡県,4238.4,4744.2
2015100000,2015年度,41000,佐賀県,3145,2569.3
2015100000,2015年度,42000,長崎県,2827.3,2917.1
2015100000,2015年度,43000,熊本県,3079.1,3087.8
2015100000,2015年度,44000,大分県,6803.2,2692.6
2015100000,2015年度,45000,宮崎県,2956.9,3170.4
2015100000,2015年度,46000,鹿児島県,2954.7,3195.4
2015100000,2015年度,47000,沖縄県,2309.5,2516.3
2014100000,2014年度,1000,北海道,4051.1,***
2014100000,2014年度,2000,青森県,2876,***
2014100000,2014年度,3000,岩手県,2749,***
2014100000,2014年度,4000,宮城県,3647.3,***
2014100000,2014年度,5000,秋田県,2002.9,***
2014100000,2014年度,6000,山形県,2649.6,***
2014100000,2014年度,7000,福島県,3337.7,***
2014100000,2014年度,8000,茨城県,4394.7,***
2014100000,2014年度,9000,栃木県,4360.8,***
2014100000,2014年度,10000,群馬県,4184.3,***
2014100000,2014年度,11000,埼玉県,3267.3,***
2014100000,2014年度,12000,千葉県,6912.3,***
2014100000,2014年度,13000,東京都,3024.1,***
2014100000,2014年度,14000,神奈川県,5067,***
2014100000,2014年度,15000,新潟県,2565.9,***
2014100000,2014年度,16000,富山県,2981.1,***
2014100000,2014年度,17000,石川県,2736.5,***
2014100000,2014年度,18000,福井県,2761.7,***
2014100000,2014年度,19000,山梨県,3095.4,***
2014100000,2014年度,20000,長野県,2857.6,***
2014100000,2014年度,21000,岐阜県,2657,***
2014100000,2014年度,22000,静岡県,4148.3,***
2014100000,2014年度,23000,愛知県,5509.9,***
2014100000,2014年度,24000,三重県,5564.6,***
2014100000,2014年度,25000,滋賀県,4481.8,***
2014100000,2014年度,26000,京都府,3535.1,***
2014100000,2014年度,27000,大阪府,3725.9,***
2014100000,2014年度,28000,兵庫県,4248.6,***
2014100000,2014年度,29000,奈良県,3081.6,***
2014100000,2014年度,30000,和歌山県,5973.1,***
2014100000,2014年度,31000,鳥取県,2276.4,***
2014100000,2014年度,32000,島根県,2753.7,***
2014100000,2014年度,33000,岡山県,5883.9,***
2014100000,2014年度,34000,広島県,4567,***
2014100000,2014年度,35000,山口県,7134.7,***
2014100000,2014年度,36000,徳島県,3907.5,***
2014100000,2014年度,37000,香川県,3474.7,***
2014100000,2014年度,38000,愛媛県,5498.8,***
2014100000,2014年度,39000,高知県,2219.5,***
2014100000,2014年度,40000,福岡県,4018.6,***
2014100000,2014年度,41000,佐賀県,2970.8,***
2014100000,2014年度,42000,長崎県,2834.4,***
2014100000,2014年度,43000,熊本県,2760.1,***
2014100000,2014年度,44000,大分県,7001.4,***
2014100000,2014年度,45000,宮崎県,2782.2,***
2014100000,2014年度,46000,鹿児島県,2777.5,***
2014100000,2014年度,47000,沖縄県,2593.3,***
2013100000,2013年度,1000,北海道,3845.4,3488.1
2013100000,2013年度,2000,青森県,2732,2668.9
2013100000,2013年度,3000,岩手県,2762.2,2590.1
2013100000,2013年度,4000,宮城県,3464,4482.3
2013100000,2013年度,5000,秋田県,1797.6,2401.4
2013100000,2013年度,6000,山形県,2461.8,2517.8
2013100000,2013年度,7000,福島県,3157.8,2811.5
2013100000,2013年度,8000,茨城県,4296.6,2801
2013100000,2013年度,9000,栃木県,4255.6,2887.1
2013100000,2013年度,10000,群馬県,3955.8,3757.4
2013100000,2013年度,11000,埼玉県,3140,2754.4
2013100000,2013年度,12000,千葉県,6515.1,2472.6
2013100000,2013年度,13000,東京都,2806.5,8626.6
2013100000,2013年度,14000,神奈川県,4848.4,2538.8
2013100000,2013年度,15000,新潟県,2424.8,2973
2013100000,2013年度,16000,富山県,2805.3,2986.9
2013100000,2013年度,17000,石川県,2581,3240.4
2013100000,2013年度,18000,福井県,2685.8,2501.2
2013100000,2013年度,19000,山梨県,2897.9,2372.2
2013100000,2013年度,20000,長野県,2702.9,2845.2
2013100000,2013年度,21000,岐阜県,2515.3,2456.3
2013100000,2013年度,22000,静岡県,4037,3054
2013100000,2013年度,23000,愛知県,5322.8,4880.5
2013100000,2013年度,24000,三重県,5502.9,2433.1
2013100000,2013年度,25000,滋賀県,4297.8,2168
2013100000,2013年度,26000,京都府,3376.6,2482.7
2013100000,2013年度,27000,大阪府,3557.8,4806
2013100000,2013年度,28000,兵庫県,3981.3,2737.2
2013100000,2013年度,29000,奈良県,2946.5,2041
2013100000,2013年度,30000,和歌山県,5937.6,2289.2
2013100000,2013年度,31000,鳥取県,2181.3,2458.3
2013100000,2013年度,32000,島根県,2562.4,2426.3
2013100000,2013年度,33000,岡山県,5429.2,2793.8
2013100000,2013年度,34000,広島県,4150.5,3892
2013100000,2013年度,35000,山口県,7446.7,2414.6
2013100000,2013年度,36000,徳島県,3730.4,2202.2
2013100000,2013年度,37000,香川県,3343.1,3262.1
2013100000,2013年度,38000,愛媛県,5430,2728.3
2013100000,2013年度,39000,高知県,2185,2252.9
2013100000,2013年度,40000,福岡県,3906.8,3737
2013100000,2013年度,41000,佐賀県,2828.7,2076.9
2013100000,2013年度,42000,長崎県,2883.2,2481
2013100000,2013年度,43000,熊本県,2587.8,2539.3
2013100000,2013年度,44000,大分県,6683,2250.8
2013100000,2013年度,45000,宮崎県,2641.8,2615.7
2013100000,2013年度,46000,鹿児島県,2563.5,2655.4
2013100000,2013年度,47000,沖縄県,2620.3,2103.6
2012100000,2012年度,1000,北海道,3688.9,***
2012100000,2012年度,2000,青森県,2663.1,***
2012100000,2012年度,3000,岩手県,2723.3,***
2012100000,2012年度,4000,宮城県,3278.1,***
2012100000,2012年度,5000,秋田県,1795.2,***
2012100000,2012年度,6000,山形県,2419.3,***
2012100000,2012年度,7000,福島県,3005.4,***
2012100000,2012年度,8000,茨城県,4170.4,***
2012100000,2012年度,9000,栃木県,3929.7,***
2012100000,2012年度,10000,群馬県,3830.4,***
2012100000,2012年度,11000,埼玉県,3260.6,***
2012100000,2012年度,12000,千葉県,6232,***
2012100000,2012年度,13000,東京都,2798.3,***
2012100000,2012年度,14000,神奈川県,4755.7,***
2012100000,2012年度,15000,新潟県,2413.7,***
2012100000,2012年度,16000,富山県,2806.2,***
2012100000,2012年度,17000,石川県,2636.5,***
2012100000,2012年度,18000,福井県,2870.3,***
2012100000,2012年度,19000,山梨県,2849.5,***
2012100000,2012年度,20000,長野県,2707.9,***
2012100000,2012年度,21000,岐阜県,2606.2,***
2012100000,2012年度,22000,静岡県,3989.9,***
2012100000,2012年度,23000,愛知県,5203.2,***
2012100000,2012年度,24000,三重県,5396.7,***
2012100000,2012年度,25000,滋賀県,4351.3,***
2012100000,2012年度,26000,京都府,3466.9,***
2012100000,2012年度,27000,大阪府,3521.3,***
2012100000,2012年度,28000,兵庫県,4102.8,***
2012100000,2012年度,29000,奈良県,2801,***
2012100000,2012年度,30000,和歌山県,5714.3,***
2012100000,2012年度,31000,鳥取県,2225.6,***
2012100000,2012年度,32000,島根県,2389.8,***
2012100000,2012年度,33000,岡山県,5349.1,***
2012100000,2012年度,34000,広島県,4082.3,***
2012100000,2012年度,35000,山口県,6665.7,***
2012100000,2012年度,36000,徳島県,3530.1,***
2012100000,2012年度,37000,香川県,4325.4,***
2012100000,2012年度,38000,愛媛県,5224.6,***
2012100000,2012年度,39000,高知県,2044.5,***
2012100000,2012年度,40000,福岡県,3912.5,***
2012100000,2012年度,41000,佐賀県,2813,***
2012100000,2012年度,42000,長崎県,3059.5,***
2012100000,2012年度,43000,熊本県,2731,***
2012100000,2012年度,44000,大分県,6332,***
2012100000,2012年度,45000,宮崎県,2586.2,***
2012100000,2012年度,46000,鹿児島県,2494.2,***
2012100000,2012年度,47000,沖縄県,2606.8,***
2011100000,2011年度,1000,北海道,3741.7,3396.5
2011100000,2011年度,2000,青森県,2555.4,2597.4
2011100000,2011年度,3000,岩手県,2355.9,2795.6
2011100000,2011年度,4000,宮城県,2699.5,4515.4
2011100000,2011年度,5000,秋田県,1916.1,2450.1
2011100000,2011年度,6000,山形県,2581.6,2384.9
2011100000,2011年度,7000,福島県,2877.4,2535.1
2011100000,2011年度,8000,茨城県,4149.2,2728.7
2011100000,2011年度,9000,栃木県,3962,3195.3
2011100000,2011年度,10000,群馬県,3751.6,3794.6
2011100000,2011年度,11000,埼玉県,3191.9,2955
2011100000,2011年度,12000,千葉県,5829.7,2589.8
2011100000,2011年度,13000,東京都,2702.8,8714.9
2011100000,2011年度,14000,神奈川県,4842,2926.9
2011100000,2011年度,15000,新潟県,2384.6,3128.3
2011100000,2011年度,16000,富山県,2849.6,3185.3
2011100000,2011年度,17000,石川県,2682.8,3252.1
2011100000,2011年度,18000,福井県,2736.5,2536.1
2011100000,2011年度,19000,山梨県,3201.6,2361.4
2011100000,2011年度,20000,長野県,2831.6,2940.2
2011100000,2011年度,21000,岐阜県,2549.1,2372.5
2011100000,2011年度,22000,静岡県,3770.8,2981.1
2011100000,2011年度,23000,愛知県,4799.6,5306
2011100000,2011年度,24000,三重県,4931.5,2363.8
2011100000,2011年度,25000,滋賀県,4371.1,2058.6
2011100000,2011年度,26000,京都府,3655.1,2882.6
2011100000,2011年度,27000,大阪府,3561.5,5634.6
2011100000,2011年度,28000,兵庫県,4093.6,3064.7
2011100000,2011年度,29000,奈良県,2768.4,1967.4
2011100000,2011年度,30000,和歌山県,5820,2250
2011100000,2011年度,31000,鳥取県,2324,2405.7
2011100000,2011年度,32000,島根県,2355.8,2164.4
2011100000,2011年度,33000,岡山県,5411.9,2981.5
2011100000,2011年度,34000,広島県,4211.9,4034.2
2011100000,2011年度,35000,山口県,6960.4,2322.1
2011100000,2011年度,36000,徳島県,3447.9,2239.9
2011100000,2011年度,37000,香川県,4350.7,3572.4
2011100000,2011年度,38000,愛媛県,5582.6,2718.3
2011100000,2011年度,39000,高知県,2086.8,2122
2011100000,2011年度,40000,福岡県,3926.7,3976.1
2011100000,2011年度,41000,佐賀県,2771.4,2290.2
2011100000,2011年度,42000,長崎県,2741.2,2503.5
2011100000,2011年度,43000,熊本県,2813.8,2327.8
2011100000,2011年度,44000,大分県,6161.8,2107.8
2011100000,2011年度,45000,宮崎県,2607.3,2418.8
2011100000,2011年度,46000,鹿児島県,2518.6,2584.4
2011100000,2011年度,47000,沖縄県,2594.1,2010.8
2010100000,2010年度,1000,北海道,3421.7,***
2010100000,2010年度,2000,青森県,2603.8,***
2010100000,2010年度,3000,岩手県,2392.5,***
2010100000,2010年度,4000,宮城県,3063.2,***
2010100000,2010年度,5000,秋田県,1938.6,***
2010100000,2010年度,6000,山形県,2659.1,***
2010100000,2010年度,7000,福島県,3083.9,***
2010100000,2010年度,8000,茨城県,4053.7,***
2010100000,2010年度,9000,栃木県,4257.5,***
2010100000,2010年度,10000,群馬県,3846.5,***
2010100000,2010年度,11000,埼玉県,3267.1,***
2010100000,2010年度,12000,千葉県,5995.1,***
2010100000,2010年度,13000,東京都,2658.6,***
2010100000,2010年度,14000,神奈川県,4541.6,***
2010100000,2010年度,15000,新潟県,2351.3,***
2010100000,2010年度,16000,富山県,2753.6,***
2010100000,2010年度,17000,石川県,2528.4,***
2010100000,2010年度,18000,福井県,2598.3,***
2010100000,2010年度,19000,山梨県,3145.4,***
2010100000,2010年度,20000,長野県,2948,***
2010100000,2010年度,21000,岐阜県,2507.6,***
2010100000,2010年度,22000,静岡県,3861.1,***
2010100000,2010年度,23000,愛知県,4832.1,***
2010100000,2010年度,24000,三重県,5134.3,***
2010100000,2010年度,25000,滋賀県,4418.9,***
2010100000,2010年度,26000,京都府,3433.5,***
2010100000,2010年度,27000,大阪府,3290.8,***
2010100000,2010年度,28000,兵庫県,3948.3,***
2010100000,2010年度,29000,奈良県,2994.3,***
2010100000,2010年度,30000,和歌山県,5477.2,***
2010100000,2010年度,31000,鳥取県,2459,***
2010100000,2010年度,32000,島根県,2300.6,***
2010100000,2010年度,33000,岡山県,5337,***
2010100000,2010年度,34000,広島県,4225.7,***
2010100000,2010年度,35000,山口県,6691.6,***
2010100000,2010年度,36000,徳島県,3479.5,***
2010100000,2010年度,37000,香川県,3852.3,***
2010100000,2010年度,38000,愛媛県,4967.3,***
2010100000,2010年度,39000,高知県,1924.2,***
2010100000,2010年度,40000,福岡県,3763.4,***
2010100000,2010年度,41000,佐賀県,2792.4,***
2010100000,2010年度,42000,長崎県,2982.2,***
2010100000,2010年度,43000,熊本県,2741.3,***
2010100000,2010年度,44000,大分県,6079.7,***
2010100000,2010年度,45000,宮崎県,2335.2,***
2010100000,2010年度,46000,鹿児島県,2517.4,***
2010100000,2010年度,47000,沖縄県,2277.3,***
2009100000,2009年度,1000,北海道,2937.4,***
2009100000,2009年度,2000,青森県,2500.9,***
2009100000,2009年度,3000,岩手県,2240.3,***
2009100000,2009年度,4000,宮城県,2509,***
2009100000,2009年度,5000,秋田県,1748,***
2009100000,2009年度,6000,山形県,2281.8,***
2009100000,2009年度,7000,福島県,2819.3,***
2009100000,2009年度,8000,茨城県,3678.5,***
2009100000,2009年度,9000,栃木県,3859.3,***
2009100000,2009年度,10000,群馬県,3496,***
2009100000,2009年度,11000,埼玉県,3003.7,***
2009100000,2009年度,12000,千葉県,5733,***
2009100000,2009年度,13000,東京都,2468.9,***
2009100000,2009年度,14000,神奈川県,3819.5,***
2009100000,2009年度,15000,新潟県,2221,***
2009100000,2009年度,16000,富山県,2467.7,***
2009100000,2009年度,17000,石川県,2161.3,***
2009100000,2009年度,18000,福井県,2388,***
2009100000,2009年度,19000,山梨県,2597.2,***
2009100000,2009年度,20000,長野県,2587.7,***
2009100000,2009年度,21000,岐阜県,2384.3,***
2009100000,2009年度,22000,静岡県,3657.1,***
2009100000,2009年度,23000,愛知県,4296.1,***
2009100000,2009年度,24000,三重県,4933.6,***
2009100000,2009年度,25000,滋賀県,4124.3,***
2009100000,2009年度,26000,京都府,3194.5,***
2009100000,2009年度,27000,大阪府,3052.7,***
2009100000,2009年度,28000,兵庫県,3699.4,***
2009100000,2009年度,29000,奈良県,3014.2,***
2009100000,2009年度,30000,和歌山県,4912.7,***
2009100000,2009年度,31000,鳥取県,2469,***
2009100000,2009年度,32000,島根県,2063.7,***
2009100000,2009年度,33000,岡山県,4517.7,***
2009100000,2009年度,34000,広島県,3862.2,***
2009100000,2009年度,35000,山口県,5637.8,***
2009100000,2009年度,36000,徳島県,3261,***
2009100000,2009年度,37000,香川県,3714.5,***
2009100000,2009年度,38000,愛媛県,4517.1,***
2009100000,2009年度,39000,高知県,1990.4,***
2009100000,2009年度,40000,福岡県,3593.4,***
2009100000,2009年度,41000,佐賀県,2643,***
2009100000,2009年度,42000,長崎県,2885.1,***
2009100000,2009年度,43000,熊本県,2525,***
2009100000,2009年度,44000,大分県,4542.6,***
2009100000,2009年度,45000,宮崎県,2166.2,***
2009100000,2009年度,46000,鹿児島県,2406.1,***
2009100000,2009年度,47000,沖縄県,2209,***
2008100000,2008年度,1000,北海道,3187.8,***
2008100000,2008年度,2000,青森県,2616.7,***
2008100000,2008年度,3000,岩手県,2562.9,***
2008100000,2008年度,4000,宮城県,2833.6,***
2008100000,2008年度,5000,秋田県,2082.8,***
2008100000,2008年度,6000,山形県,2731.8,***
2008100000,2008年度,7000,福島県,3238.6,***
2008100000,2008年度,8000,茨城県,4289.7,***
2008100000,2008年度,9000,栃木県,4365.4,***
2008100000,2008年度,10000,群馬県,3901.7,***
2008100000,2008年度,11000,埼玉県,3390.8,***
2008100000,2008年度,12000,千葉県,6771.4,***
2008100000,2008年度,13000,東京都,2812.3,***
2008100000,2008年度,14000,神奈川県,4586.8,***
2008100000,2008年度,15000,新潟県,2598.3,***
2008100000,2008年度,16000,富山県,3127.8,***
2008100000,2008年度,17000,石川県,2729.1,***
2008100000,2008年度,18000,福井県,2776.2,***
2008100000,2008年度,19000,山梨県,3291.3,***
2008100000,2008年度,20000,長野県,3079.9,***
2008100000,2008年度,21000,岐阜県,2829.9,***
2008100000,2008年度,22000,静岡県,4294.4,***
2008100000,2008年度,23000,愛知県,5414.7,***
2008100000,2008年度,24000,三重県,5637.4,***
2008100000,2008年度,25000,滋賀県,4619.2,***
2008100000,2008年度,26000,京都府,3573.7,***
2008100000,2008年度,27000,大阪府,3446.9,***
2008100000,2008年度,28000,兵庫県,4279.6,***
2008100000,2008年度,29000,奈良県,3481.3,***
2008100000,2008年度,30000,和歌山県,6213,***
2008100000,2008年度,31000,鳥取県,2835.4,***
2008100000,2008年度,32000,島根県,2437.3,***
2008100000,2008年度,33000,岡山県,5625.2,***
2008100000,2008年度,34000,広島県,4678.2,***
2008100000,2008年度,35000,山口県,6915.3,***
2008100000,2008年度,36000,徳島県,3433,***
2008100000,2008年度,37000,香川県,4088.7,***
2008100000,2008年度,38000,愛媛県,5117.2,***
2008100000,2008年度,39000,高知県,2209.4,***
2008100000,2008年度,40000,福岡県,3774.4,***
2008100000,2008年度,41000,佐賀県,3026.5,***
2008100000,2008年度,42000,長崎県,2986.7,***
2008100000,2008年度,43000,熊本県,2849.6,***
2008100000,2008年度,44000,大分県,6045.4,***
2008100000,2008年度,45000,宮崎県,2314.7,***
2008100000,2008年度,46000,鹿児島県,2663.1,***
2008100000,2008年度,47000,沖縄県,2398.9,***
2007100000,2007年度,1000,北海道,3022.8,***
2007100000,2007年度,2000,青森県,2521.7,***
2007100000,2007年度,3000,岩手県,2561.6,***
2007100000,2007年度,4000,宮城県,2761.1,***
2007100000,2007年度,5000,秋田県,2126.2,***
2007100000,2007年度,6000,山形県,2708.3,***
2007100000,2007年度,7000,福島県,3209.1,***
2007100000,2007年度,8000,茨城県,4393.8,***
2007100000,2007年度,9000,栃木県,4228.3,***
2007100000,2007年度,10000,群馬県,3799.2,***
2007100000,2007年度,11000,埼玉県,3394.4,***
2007100000,2007年度,12000,千葉県,6172.9,***
2007100000,2007年度,13000,東京都,2865.9,***
2007100000,2007年度,14000,神奈川県,4635.8,***
2007100000,2007年度,15000,新潟県,2562.6,***
2007100000,2007年度,16000,富山県,3075.7,***
2007100000,2007年度,17000,石川県,2808.6,***
2007100000,2007年度,18000,福井県,2765,***
2007100000,2007年度,19000,山梨県,3376.9,***
2007100000,2007年度,20000,長野県,3168.1,***
2007100000,2007年度,21000,岐阜県,2713.4,***
2007100000,2007年度,22000,静岡県,4240.9,***
2007100000,2007年度,23000,愛知県,5418.2,***
2007100000,2007年度,24000,三重県,5467.9,***
2007100000,2007年度,25000,滋賀県,4458.4,***
2007100000,2007年度,26000,京都府,3804.7,***
2007100000,2007年度,27000,大阪府,3373.3,***
2007100000,2007年度,28000,兵庫県,4119.6,***
2007100000,2007年度,29000,奈良県,3497.7,***
2007100000,2007年度,30000,和歌山県,6032.3,***
2007100000,2007年度,31000,鳥取県,2840.8,***
2007100000,2007年度,32000,島根県,2643.9,***
2007100000,2007年度,33000,岡山県,5215,***
2007100000,2007年度,34000,広島県,4565.7,***
2007100000,2007年度,35000,山口県,6886.4,***
2007100000,2007年度,36000,徳島県,3330.5,***
2007100000,2007年度,37000,香川県,3859.6,***
2007100000,2007年度,38000,愛媛県,5184.3,***
2007100000,2007年度,39000,高知県,2194.3,***
2007100000,2007年度,40000,福岡県,3706.4,***
2007100000,2007年度,41000,佐賀県,3053.3,***
2007100000,2007年度,42000,長崎県,3179.6,***
2007100000,2007年度,43000,熊本県,2890.7,***
2007100000,2007年度,44000,大分県,5604,***
2007100000,2007年度,45000,宮崎県,2350.9,***
2007100000,2007年度,46000,鹿児島県,2600.4,***
2007100000,2007年度,47000,沖縄県,2219.2,***
2006100000,2006年度,1000,北海道,3147.3,3842.1
2006100000,2006年度,2000,青森県,2672,2776.6
2006100000,2006年度,3000,岩手県,2442.1,2896.1
2006100000,2006年度,4000,宮城県,3030.3,4601.4
2006100000,2006年度,5000,秋田県,2075.8,2658
2006100000,2006年度,6000,山形県,2628.3,2727.8
2006100000,2006年度,7000,福島県,3190.4,2834.7
2006100000,2006年度,8000,茨城県,4192.9,3199.4
2006100000,2006年度,9000,栃木県,4170,3533.5
2006100000,2006年度,10000,群馬県,3660.7,4020.1
2006100000,2006年度,11000,埼玉県,3351.3,3244.8
2006100000,2006年度,12000,千葉県,5891.4,2971.9
2006100000,2006年度,13000,東京都,2821.2,11576.2
2006100000,2006年度,14000,神奈川県,4854.2,3458.8
2006100000,2006年度,15000,新潟県,2374.1,3355.1
2006100000,2006年度,16000,富山県,2956,3378.6
2006100000,2006年度,17000,石川県,2657.5,3849.7
2006100000,2006年度,18000,福井県,2635.2,3024.1
2006100000,2006年度,19000,山梨県,3238.9,2770.1
2006100000,2006年度,20000,長野県,2946.2,3172.8
2006100000,2006年度,21000,岐阜県,2702.5,2693.8
2006100000,2006年度,22000,静岡県,4079.8,3486.2
2006100000,2006年度,23000,愛知県,5195.2,6255.2
2006100000,2006年度,24000,三重県,5377.9,2714.3
2006100000,2006年度,25000,滋賀県,4414.4,2440
2006100000,2006年度,26000,京都府,3380,2962.4
2006100000,2006年度,27000,大阪府,3214.3,6752
2006100000,2006年度,28000,兵庫県,3976.9,3055.4
2006100000,2006年度,29000,奈良県,3303.1,2277.5
2006100000,2006年度,30000,和歌山県,5606,2260.5
2006100000,2006年度,31000,鳥取県,2798.6,2694.7
2006100000,2006年度,32000,島根県,2474,2377.2
2006100000,2006年度,33000,岡山県,5455.7,3220.4
2006100000,2006年度,34000,広島県,4003.6,4518.3
2006100000,2006年度,35000,山口県,7024.4,2848.7
2006100000,2006年度,36000,徳島県,3272.8,2644.7
2006100000,2006年度,37000,香川県,3755.8,4272.2
2006100000,2006年度,38000,愛媛県,4514.7,2948.5
2006100000,2006年度,39000,高知県,2059.1,2411.6
2006100000,2006年度,40000,福岡県,3680.7,4617.3
2006100000,2006年度,41000,佐賀県,2733.8,2577.8
2006100000,2006年度,42000,長崎県,2597.2,2544.2
2006100000,2006年度,43000,熊本県,2872.1,2631.2
2006100000,2006年度,44000,大分県,5521.4,2540.5
2006100000,2006年度,45000,宮崎県,2255.9,2695.9
2006100000,2006年度,46000,鹿児島県,2430.6,2870.4
2006100000,2006年度,47000,沖縄県,2159.2,2420.7
2005100000,2005年度,1000,北海道,2897.4,***
2005100000,2005年度,2000,青森県,2048.1,***
2005100000,2005年度,3000,岩手県,2435.1,***
2005100000,2005年度,4000,宮城県,2882,***
2005100000,2005年度,5000,秋田県,1845.4,***
2005100000,2005年度,6000,山形県,2551,***
2005100000,2005年度,7000,福島県,3053,***
2005100000,2005年度,8000,茨城県,4035.1,***
2005100000,2005年度,9000,栃木県,4020.7,***
2005100000,2005年度,10000,群馬県,3669.8,***
2005100000,2005年度,11000,埼玉県,3275,***
2005100000,2005年度,12000,千葉県,5561.1,***
2005100000,2005年度,13000,東京都,2823.2,***
2005100000,2005年度,14000,神奈川県,4548.9,***
2005100000,2005年度,15000,新潟県,2299,***
2005100000,2005年度,16000,富山県,2897.2,***
2005100000,2005年度,17000,石川県,2556.4,***
2005100000,2005年度,18000,福井県,2462.8,***
2005100000,2005年度,19000,山梨県,3179.7,***
2005100000,2005年度,20000,長野県,2952.9,***
2005100000,2005年度,21000,岐阜県,2533.1,***
2005100000,2005年度,22000,静岡県,3923.1,***
2005100000,2005年度,23000,愛知県,4837.9,***
2005100000,2005年度,24000,三重県,4888.1,***
2005100000,2005年度,25000,滋賀県,4330.5,***
2005100000,2005年度,26000,京都府,3096.6,***
2005100000,2005年度,27000,大阪府,3097.9,***
2005100000,2005年度,28000,兵庫県,3741.8,***
2005100000,2005年度,29000,奈良県,3064.2,***
2005100000,2005年度,30000,和歌山県,5304.2,***
2005100000,2005年度,31000,鳥取県,2659.2,***
2005100000,2005年度,32000,島根県,2439.9,***
2005100000,2005年度,33000,岡山県,4858.1,***
2005100000,2005年度,34000,広島県,3722.4,***
2005100000,2005年度,35000,山口県,6315.7,***
2005100000,2005年度,36000,徳島県,3186.1,***
2005100000,2005年度,37000,香川県,3194.4,***
2005100000,2005年度,38000,愛媛県,4063.8,***
2005100000,2005年度,39000,高知県,2054.5,***
2005100000,2005年度,40000,福岡県,3533.6,***
2005100000,2005年度,41000,佐賀県,2593.5,***
2005100000,2005年度,42000,長崎県,2528.4,***
2005100000,2005年度,43000,熊本県,2726,***
2005100000,2005年度,44000,大分県,5332.5,***
2005100000,2005年度,45000,宮崎県,2214.3,***
2005100000,2005年度,46000,鹿児島県,2353.4,***
2005100000,2005年度,47000,沖縄県,2100.1,***
2004100000,2004年度,1000,北海道,2771.4,***
2004100000,2004年度,2000,青森県,2110.5,***
2004100000,2004年度,3000,岩手県,2506.7,***
2004100000,2004年度,4000,宮城県,2791.5,***
2004100000,2004年度,5000,秋田県,1830.3,***
2004100000,2004年度,6000,山形県,2596.2,***
2004100000,2004年度,7000,福島県,3031.6,***
2004100000,2004年度,8000,茨城県,3908.7,***
2004100000,2004年度,9000,栃木県,3957.3,***
2004100000,2004年度,10000,群馬県,3564.6,***
2004100000,2004年度,11000,埼玉県,3221.3,***
2004100000,2004年度,12000,千葉県,5179.9,***
2004100000,2004年度,13000,東京都,2852.5,***
2004100000,2004年度,14000,神奈川県,4405.1,***
2004100000,2004年度,15000,新潟県,2288.5,***
2004100000,2004年度,16000,富山県,2841.5,***
2004100000,2004年度,17000,石川県,2472.5,***
2004100000,2004年度,18000,福井県,2373.9,***
2004100000,2004年度,19000,山梨県,3165.3,***
2004100000,2004年度,20000,長野県,2880.5,***
2004100000,2004年度,21000,岐阜県,2478.1,***
2004100000,2004年度,22000,静岡県,3856.2,***
2004100000,2004年度,23000,愛知県,4617.2,***
2004100000,2004年度,24000,三重県,4615.1,***
2004100000,2004年度,25000,滋賀県,4320.1,***
2004100000,2004年度,26000,京都府,3075.8,***
2004100000,2004年度,27000,大阪府,3009.2,***
2004100000,2004年度,28000,兵庫県,3597.4,***
2004100000,2004年度,29000,奈良県,3022.2,***
2004100000,2004年度,30000,和歌山県,4450,***
2004100000,2004年度,31000,鳥取県,2832.4,***
2004100000,2004年度,32000,島根県,2387.8,***
2004100000,2004年度,33000,岡山県,4484.2,***
2004100000,2004年度,34000,広島県,3578.7,***
2004100000,2004年度,35000,山口県,5779.3,***
2004100000,2004年度,36000,徳島県,3273.5,***
2004100000,2004年度,37000,香川県,3192.7,***
2004100000,2004年度,38000,愛媛県,3911.8,***
2004100000,2004年度,39000,高知県,2020.8,***
2004100000,2004年度,40000,福岡県,3365.4,***
2004100000,2004年度,41000,佐賀県,2551,***
2004100000,2004年度,42000,長崎県,2135,***
2004100000,2004年度,43000,熊本県,2729.9,***
2004100000,2004年度,44000,大分県,5074.4,***
2004100000,2004年度,45000,宮崎県,2261.9,***
2004100000,2004年度,46000,鹿児島県,2385.5,***
2004100000,2004年度,47000,沖縄県,2090.7,***
2003100000,2003年度,1000,北海道,2742.7,3925.7
2003100000,2003年度,2000,青森県,1928.2,2845.7
2003100000,2003年度,3000,岩手県,2183.9,2926.9
2003100000,2003年度,4000,宮城県,2648.2,4490.1
2003100000,2003年度,5000,秋田県,1683.5,2658.6
2003100000,2003年度,6000,山形県,2463.4,2684.2
2003100000,2003年度,7000,福島県,2909.7,2751.2
2003100000,2003年度,8000,茨城県,3820.8,2868.1
2003100000,2003年度,9000,栃木県,3749.2,3311.5
2003100000,2003年度,10000,群馬県,3385.7,3476.5
2003100000,2003年度,11000,埼玉県,3039.5,3106.1
2003100000,2003年度,12000,千葉県,4902.7,2770.9
2003100000,2003年度,13000,東京都,2730.8,10620.8
2003100000,2003年度,14000,神奈川県,4337.8,3187.3
2003100000,2003年度,15000,新潟県,2136.2,3223.1
2003100000,2003年度,16000,富山県,2713.4,3169.5
2003100000,2003年度,17000,石川県,2424.7,3768.4
2003100000,2003年度,18000,福井県,2239.7,2984.2
2003100000,2003年度,19000,山梨県,2978.8,2690.2
2003100000,2003年度,20000,長野県,2676,3233.9
2003100000,2003年度,21000,岐阜県,2404.5,2695
2003100000,2003年度,22000,静岡県,3679.1,3312.9
2003100000,2003年度,23000,愛知県,4465.2,5850.5
2003100000,2003年度,24000,三重県,4213.3,2619.7
2003100000,2003年度,25000,滋賀県,3997.5,2375.9
2003100000,2003年度,26000,京都府,2915.4,2926.7
2003100000,2003年度,27000,大阪府,2853.9,6152.8
2003100000,2003年度,28000,兵庫県,3386.6,2896.1
2003100000,2003年度,29000,奈良県,2859.8,2201.4
2003100000,2003年度,30000,和歌山県,3683.8,2185.7
2003100000,2003年度,31000,鳥取県,2712.6,2847.4
2003100000,2003年度,32000,島根県,2192.2,2553.4
2003100000,2003年度,33000,岡山県,4219.6,3277
2003100000,2003年度,34000,広島県,3354.2,4310.6
2003100000,2003年度,35000,山口県,5292.9,2707.7
2003100000,2003年度,36000,徳島県,3064.8,2611.9
2003100000,2003年度,37000,香川県,2995,3925.8
2003100000,2003年度,38000,愛媛県,3644.6,2956.7
2003100000,2003年度,39000,高知県,1886,2364.5
2003100000,2003年度,40000,福岡県,3256.6,4344.8
2003100000,2003年度,41000,佐賀県,2491.2,2615.2
2003100000,2003年度,42000,長崎県,2127.4,2616.2
2003100000,2003年度,43000,熊本県,2499.3,2555.5
2003100000,2003年度,44000,大分県,4544.6,2472.9
2003100000,2003年度,45000,宮崎県,2073.8,2674.8
2003100000,2003年度,46000,鹿児島県,2292.8,2894.9
2003100000,2003年度,47000,沖縄県,2436.5,2243.7
2002100000,2002年度,1000,北海道,2700.1,***
2002100000,2002年度,2000,青森県,1836.3,***
2002100000,2002年度,3000,岩手県,2097.8,***
2002100000,2002年度,4000,宮城県,2627.4,***
2002100000,2002年度,5000,秋田県,1721.7,***
2002100000,2002年度,6000,山形県,2399.5,***
2002100000,2002年度,7000,福島県,2869.6,***
2002100000,2002年度,8000,茨城県,3765.4,***
2002100000,2002年度,9000,栃木県,3772.4,***
2002100000,2002年度,10000,群馬県,3323,***
2002100000,2002年度,11000,埼玉県,2934.9,***
2002100000,2002年度,12000,千葉県,4625.6,***
2002100000,2002年度,13000,東京都,2760.6,***
2002100000,2002年度,14000,神奈川県,4085.3,***
2002100000,2002年度,15000,新潟県,2048.5,***
2002100000,2002年度,16000,富山県,2590.2,***
2002100000,2002年度,17000,石川県,2402.3,***
2002100000,2002年度,18000,福井県,2133.5,***
2002100000,2002年度,19000,山梨県,2764.1,***
2002100000,2002年度,20000,長野県,2508.6,***
2002100000,2002年度,21000,岐阜県,2316.9,***
2002100000,2002年度,22000,静岡県,3703.6,***
2002100000,2002年度,23000,愛知県,4357.5,***
2002100000,2002年度,24000,三重県,4083.3,***
2002100000,2002年度,25000,滋賀県,3919.1,***
2002100000,2002年度,26000,京都府,2885.3,***
2002100000,2002年度,27000,大阪府,2812.1,***
2002100000,2002年度,28000,兵庫県,3341.3,***
2002100000,2002年度,29000,奈良県,2732.6,***
2002100000,2002年度,30000,和歌山県,3715,***
2002100000,2002年度,31000,鳥取県,2553.6,***
2002100000,2002年度,32000,島根県,2166,***
2002100000,2002年度,33000,岡山県,4068.1,***
2002100000,2002年度,34000,広島県,3135.2,***
2002100000,2002年度,35000,山口県,4954.4,***
2002100000,2002年度,36000,徳島県,2688.2,***
2002100000,2002年度,37000,香川県,2920.5,***
2002100000,2002年度,38000,愛媛県,3455.1,***
2002100000,2002年度,39000,高知県,1850.3,***
2002100000,2002年度,40000,福岡県,3068,***
2002100000,2002年度,41000,佐賀県,2385.6,***
2002100000,2002年度,42000,長崎県,2372.2,***
2002100000,2002年度,43000,熊本県,2523.4,***
2002100000,2002年度,44000,大分県,4338.1,***
2002100000,2002年度,45000,宮崎県,2018.5,***
2002100000,2002年度,46000,鹿児島県,2265.5,***
2002100000,2002年度,47000,沖縄県,2392.1,***
2001100000,2001年度,1000,北海道,2635.9,3920.1
2001100000,2001年度,2000,青森県,1831.3,2831.5
2001100000,2001年度,3000,岩手県,2194.1,2963.3
2001100000,2001年度,4000,宮城県,2679.2,4616.2
2001100000,2001年度,5000,秋田県,1790.7,2707.7
2001100000,2001年度,6000,山形県,2228.4,2752.8
2001100000,2001年度,7000,福島県,2806.6,2740.5
2001100000,2001年度,8000,茨城県,3679.9,2791.9
2001100000,2001年度,9000,栃木県,3553.2,3300.7
2001100000,2001年度,10000,群馬県,3394.1,2969
2001100000,2001年度,11000,埼玉県,3053.7,3069.1
2001100000,2001年度,12000,千葉県,4449.4,2858
2001100000,2001年度,13000,東京都,3158.4,10310.4
2001100000,2001年度,14000,神奈川県,4153.4,3166
2001100000,2001年度,15000,新潟県,2013.2,3194.6
2001100000,2001年度,16000,富山県,2531.8,3060.5
2001100000,2001年度,17000,石川県,2403.4,3632.8
2001100000,2001年度,18000,福井県,2109.8,2876
2001100000,2001年度,19000,山梨県,2902.6,2556.6
2001100000,2001年度,20000,長野県,2850.9,3271.4
2001100000,2001年度,21000,岐阜県,2359,2737.4
2001100000,2001年度,22000,静岡県,3553.9,3324.3
2001100000,2001年度,23000,愛知県,4251.6,5655
2001100000,2001年度,24000,三重県,3939.8,2519.4
2001100000,2001年度,25000,滋賀県,3920,2335.4
2001100000,2001年度,26000,京都府,3091,2834
2001100000,2001年度,27000,大阪府,2813.7,6008.9
2001100000,2001年度,28000,兵庫県,3353.9,2902.8
2001100000,2001年度,29000,奈良県,2818.3,2140.1
2001100000,2001年度,30000,和歌山県,3907.1,2170.1
2001100000,2001年度,31000,鳥取県,2616,2724.1
2001100000,2001年度,32000,島根県,2132,2500.6
2001100000,2001年度,33000,岡山県,3833,3226.9
2001100000,2001年度,34000,広島県,3133.9,4342.1
2001100000,2001年度,35000,山口県,4620.4,2639
2001100000,2001年度,36000,徳島県,2638.1,2518.2
2001100000,2001年度,37000,香川県,2852.3,4190
2001100000,2001年度,38000,愛媛県,3419.2,2889.1
2001100000,2001年度,39000,高知県,1786.3,2347.1
2001100000,2001年度,40000,福岡県,2993.6,4382.7
2001100000,2001年度,41000,佐賀県,2547.9,2471.2
2001100000,2001年度,42000,長崎県,2475,2452.3
2001100000,2001年度,43000,熊本県,2692.8,2574.3
2001100000,2001年度,44000,大分県,4129.4,2453
2001100000,2001年度,45000,宮崎県,2001.9,2647.7
2001100000,2001年度,46000,鹿児島県,2211.9,2895.5
2001100000,2001年度,47000,沖縄県,2525.8,2297.1
2000100000,2000年度,1000,北海道,2712.6,***
2000100000,2000年度,2000,青森県,1838.4,***
2000100000,2000年度,3000,岩手県,2187.6,***
2000100000,2000年度,4000,宮城県,2688.4,***
2000100000,2000年度,5000,秋田県,1838.8,***
2000100000,2000年度,6000,山形県,2301,***
2000100000,2000年度,7000,福島県,2831.3,***
2000100000,2000年度,8000,茨城県,3746.9,***
2000100000,2000年度,9000,栃木県,3552.7,***
2000100000,2000年度,10000,群馬県,3391.4,***
2000100000,2000年度,11000,埼玉県,3026.9,***
2000100000,2000年度,12000,千葉県,4513.1,***
2000100000,2000年度,13000,東京都,3232.2,***
2000100000,2000年度,14000,神奈川県,4291.8,***
2000100000,2000年度,15000,新潟県,2053.6,***
2000100000,2000年度,16000,富山県,2574,***
2000100000,2000年度,17000,石川県,2359.2,***
2000100000,2000年度,18000,福井県,2271.5,***
2000100000,2000年度,19000,山梨県,3161,***
2000100000,2000年度,20000,長野県,2940,***
2000100000,2000年度,21000,岐阜県,2401.9,***
2000100000,2000年度,22000,静岡県,3601.8,***
2000100000,2000年度,23000,愛知県,4182.3,***
2000100000,2000年度,24000,三重県,4125.3,***
2000100000,2000年度,25000,滋賀県,4122.9,***
2000100000,2000年度,26000,京都府,3335.5,***
2000100000,2000年度,27000,大阪府,2830,***
2000100000,2000年度,28000,兵庫県,3506.8,***
2000100000,2000年度,29000,奈良県,3015.2,***
2000100000,2000年度,30000,和歌山県,3798.8,***
2000100000,2000年度,31000,鳥取県,2549.5,***
2000100000,2000年度,32000,島根県,2327.2,***
2000100000,2000年度,33000,岡山県,3854.2,***
2000100000,2000年度,34000,広島県,3202.7,***
2000100000,2000年度,35000,山口県,4540.1,***
2000100000,2000年度,36000,徳島県,2591.3,***
2000100000,2000年度,37000,香川県,2808.2,***
2000100000,2000年度,38000,愛媛県,3445.8,***
2000100000,2000年度,39000,高知県,1938.6,***
2000100000,2000年度,40000,福岡県,2918.9,***
2000100000,2000年度,41000,佐賀県,2539.4,***
2000100000,2000年度,42000,長崎県,2215.7,***
2000100000,2000年度,43000,熊本県,2776,***
2000100000,2000年度,44000,大分県,4281.4,***
2000100000,2000年度,45000,宮崎県,2050.3,***
2000100000,2000年度,46000,鹿児島県,2259.5,***
2000100000,2000年度,47000,沖縄県,2548.8,***
1999100000,1999年度,1000,北海道,2571.4,***
1999100000,1999年度,2000,青森県,1799.4,***
1999100000,1999年度,3000,岩手県,2028.8,***
1999100000,1999年度,4000,宮城県,2555.4,***
1999100000,1999年度,5000,秋田県,1708.5,***
1999100000,1999年度,6000,山形県,2108.1,***
1999100000,1999年度,7000,福島県,2646.5,***
1999100000,1999年度,8000,茨城県,3627.6,***
1999100000,1999年度,9000,栃木県,3389.8,***
1999100000,1999年度,10000,群馬県,3383.4,***
1999100000,1999年度,11000,埼玉県,2896.9,***
1999100000,1999年度,12000,千葉県,4241.2,***
1999100000,1999年度,13000,東京都,3129.2,***
1999100000,1999年度,14000,神奈川県,3981.7,***
1999100000,1999年度,15000,新潟県,1980.9,***
1999100000,1999年度,16000,富山県,2436,***
1999100000,1999年度,17000,石川県,2285.6,***
1999100000,1999年度,18000,福井県,2097.9,***
1999100000,1999年度,19000,山梨県,2868.5,***
1999100000,1999年度,20000,長野県,2690.6,***
1999100000,1999年度,21000,岐阜県,2244.8,***
1999100000,1999年度,22000,静岡県,3405.6,***
1999100000,1999年度,23000,愛知県,3976.6,***
1999100000,1999年度,24000,三重県,3892.5,***
1999100000,1999年度,25000,滋賀県,3923.5,***
1999100000,1999年度,26000,京都府,3061.1,***
1999100000,1999年度,27000,大阪府,2768.2,***
1999100000,1999年度,28000,兵庫県,3296,***
1999100000,1999年度,29000,奈良県,2902.7,***
1999100000,1999年度,30000,和歌山県,3508.7,***
1999100000,1999年度,31000,鳥取県,2480.6,***
1999100000,1999年度,32000,島根県,2009.3,***
1999100000,1999年度,33000,岡山県,3721.6,***
1999100000,1999年度,34000,広島県,2999.7,***
1999100000,1999年度,35000,山口県,4181.8,***
1999100000,1999年度,36000,徳島県,2566.8,***
1999100000,1999年度,37000,香川県,2732.7,***
1999100000,1999年度,38000,愛媛県,3282.5,***
1999100000,1999年度,39000,高知県,1829.5,***
1999100000,1999年度,40000,福岡県,2928.5,***
1999100000,1999年度,41000,佐賀県,2461.2,***
1999100000,1999年度,42000,長崎県,1930.1,***
1999100000,1999年度,43000,熊本県,2449.7,***
1999100000,1999年度,44000,大分県,3803.4,***
1999100000,1999年度,45000,宮崎県,1949.1,***
1999100000,1999年度,46000,鹿児島県,2258.6,***
1999100000,1999年度,47000,沖縄県,2426.7,***
1998100000,1998年度,1000,北海道,2539.4,4070.7
1998100000,1998年度,2000,青森県,1778.2,3082.6
1998100000,1998年度,3000,岩手県,2003.3,3243
1998100000,1998年度,4000,宮城県,2524,4924.1
1998100000,1998年度,5000,秋田県,1669.6,3241.7
1998100000,1998年度,6000,山形県,2048.2,2980.8
1998100000,1998年度,7000,福島県,2580.8,3041
1998100000,1998年度,8000,茨城県,3734.6,3184
1998100000,1998年度,9000,栃木県,3448.8,3399.4
1998100000,1998年度,10000,群馬県,3303.7,3436.3
1998100000,1998年度,11000,埼玉県,2920.8,3368.6
1998100000,1998年度,12000,千葉県,4297.4,3108.3
1998100000,1998年度,13000,東京都,3109.6,11233.6
1998100000,1998年度,14000,神奈川県,4048.3,3519.9
1998100000,1998年度,15000,新潟県,2033.3,3584.5
1998100000,1998年度,16000,富山県,2476,3429.5
1998100000,1998年度,17000,石川県,2293.1,4161.6
1998100000,1998年度,18000,福井県,2109.8,3381.8
1998100000,1998年度,19000,山梨県,2850.2,2832.4
1998100000,1998年度,20000,長野県,2682.5,3625.7
1998100000,1998年度,21000,岐阜県,2289.9,3061
1998100000,1998年度,22000,静岡県,3362.3,3601.4
1998100000,1998年度,23000,愛知県,4021.5,6814.9
1998100000,1998年度,24000,三重県,3700.9,2735.1
1998100000,1998年度,25000,滋賀県,3853.2,2649.1
1998100000,1998年度,26000,京都府,3081.5,3198.4
1998100000,1998年度,27000,大阪府,2787.3,6909.9
1998100000,1998年度,28000,兵庫県,3329.3,3287.1
1998100000,1998年度,29000,奈良県,2852.4,2463.9
1998100000,1998年度,30000,和歌山県,3447.2,2448.1
1998100000,1998年度,31000,鳥取県,2316.5,3031.7
1998100000,1998年度,32000,島根県,1918.2,2693.7
1998100000,1998年度,33000,岡山県,3652.8,3509.1
1998100000,1998年度,34000,広島県,3075.6,4593.6
1998100000,1998年度,35000,山口県,4087.7,2930
1998100000,1998年度,36000,徳島県,2439.6,2792.5
1998100000,1998年度,37000,香川県,2788.4,4705.4
1998100000,1998年度,38000,愛媛県,3250.1,3120.6
1998100000,1998年度,39000,高知県,1784.9,2450.7
1998100000,1998年度,40000,福岡県,2935,4923.2
1998100000,1998年度,41000,佐賀県,2400.1,2670.1
1998100000,1998年度,42000,長崎県,2050.6,2732.9
1998100000,1998年度,43000,熊本県,2451.1,2890.3
1998100000,1998年度,44000,大分県,3658,2678.7
1998100000,1998年度,45000,宮崎県,1898.8,2906.4
1998100000,1998年度,46000,鹿児島県,2174.3,2994.4
1998100000,1998年度,47000,沖縄県,2176.3,2500.6
1997100000,1997年度,1000,北海道,2624.7,***
1997100000,1997年度,2000,青森県,1829.2,***
1997100000,1997年度,3000,岩手県,2088.8,***
1997100000,1997年度,4000,宮城県,2526,***
1997100000,1997年度,5000,秋田県,1732.5,***
1997100000,1997年度,6000,山形県,2077.1,***
1997100000,1997年度,7000,福島県,2702.5,***
1997100000,1997年度,8000,茨城県,3843.5,***
1997100000,1997年度,9000,栃木県,3627.3,***
1997100000,1997年度,10000,群馬県,3433.4,***
1997100000,1997年度,11000,埼玉県,3105.1,***
1997100000,1997年度,12000,千葉県,4567.2,***
1997100000,1997年度,13000,東京都,3291.2,***
1997100000,1997年度,14000,神奈川県,4370.7,***
1997100000,1997年度,15000,新潟県,2097.3,***
1997100000,1997年度,16000,富山県,2672.9,***
1997100000,1997年度,17000,石川県,2320.6,***
1997100000,1997年度,18000,福井県,2195.2,***
1997100000,1997年度,19000,山梨県,3041.1,***
1997100000,1997年度,20000,長野県,2753.1,***
1997100000,1997年度,21000,岐阜県,2373.9,***
1997100000,1997年度,22000,静岡県,3499,***
1997100000,1997年度,23000,愛知県,4187.8,***
1997100000,1997年度,24000,三重県,3889,***
1997100000,1997年度,25000,滋賀県,4154.8,***
1997100000,1997年度,26000,京都府,3210,***
1997100000,1997年度,27000,大阪府,2921.3,***
1997100000,1997年度,28000,兵庫県,3440.7,***
1997100000,1997年度,29000,奈良県,3038.5,***
1997100000,1997年度,30000,和歌山県,3662.7,***
1997100000,1997年度,31000,鳥取県,2320,***
1997100000,1997年度,32000,島根県,1958.6,***
1997100000,1997年度,33000,岡山県,3869,***
1997100000,1997年度,34000,広島県,3249.4,***
1997100000,1997年度,35000,山口県,4391.1,***
1997100000,1997年度,36000,徳島県,2515.4,***
1997100000,1997年度,37000,香川県,2937.2,***
1997100000,1997年度,38000,愛媛県,3315.5,***
1997100000,1997年度,39000,高知県,1826,***
1997100000,1997年度,40000,福岡県,2973,***
1997100000,1997年度,41000,佐賀県,2407.9,***
1997100000,1997年度,42000,長崎県,2046,***
1997100000,1997年度,43000,熊本県,2507.2,***
1997100000,1997年度,44000,大分県,3786.7,***
1997100000,1997年度,45000,宮崎県,1957.6,***
1997100000,1997年度,46000,鹿児島県,2152.8,***
1997100000,1997年度,47000,沖縄県,2291.3,***
1996100000,1996年度,1000,北海道,2568,4589.4
1996100000,1996年度,2000,青森県,1742.6,3434.7
1996100000,1996年度,3000,岩手県,1971.6,3606.6
1996100000,1996年度,4000,宮城県,2439.6,5891.3
1996100000,1996年度,5000,秋田県,1629,3617.6
1996100000,1996年度,6000,山形県,1944.4,3295.6
1996100000,1996年度,7000,福島県,2541.4,3430.8
1996100000,1996年度,8000,茨城県,3696.7,3533.3
1996100000,1996年度,9000,栃木県,3451.2,3721.2
1996100000,1996年度,10000,群馬県,3241,3842
1996100000,1996年度,11000,埼玉県,3006.1,3889.7
1996100000,1996年度,12000,千葉県,4206.6,3519.5
1996100000,1996年度,13000,東京都,3156.3,10777.3
1996100000,1996年度,14000,神奈川県,4174.8,3866.3
1996100000,1996年度,15000,新潟県,2018.5,4196.3
1996100000,1996年度,16000,富山県,2541.5,4191.4
1996100000,1996年度,17000,石川県,2181.4,4634
1996100000,1996年度,18000,福井県,2074.5,3966.6
1996100000,1996年度,19000,山梨県,2884.3,3011.7
1996100000,1996年度,20000,長野県,2603.7,4081.6
1996100000,1996年度,21000,岐阜県,2255.7,3325.5
1996100000,1996年度,22000,静岡県,3359.4,4283
1996100000,1996年度,23000,愛知県,3992.1,8027.1
1996100000,1996年度,24000,三重県,3617.4,2958.3
1996100000,1996年度,25000,滋賀県,4039.2,3034.8
1996100000,1996年度,26000,京都府,3013,3604.9
1996100000,1996年度,27000,大阪府,2829.5,7936.6
1996100000,1996年度,28000,兵庫県,3254.4,3699.1
1996100000,1996年度,29000,奈良県,2966.1,2738.1
1996100000,1996年度,30000,和歌山県,3439.5,2610.8
1996100000,1996年度,31000,鳥取県,2159.2,3365.3
1996100000,1996年度,32000,島根県,1763,3078.3
1996100000,1996年度,33000,岡山県,3670.6,3910
1996100000,1996年度,34000,広島県,3128.7,5114.3
1996100000,1996年度,35000,山口県,4027.1,3106.1
1996100000,1996年度,36000,徳島県,2368.8,2944.7
1996100000,1996年度,37000,香川県,2727.8,5159.1
1996100000,1996年度,38000,愛媛県,3094,3425.5
1996100000,1996年度,39000,高知県,1789.9,2664.8
1996100000,1996年度,40000,福岡県,2875.8,5414.5
1996100000,1996年度,41000,佐賀県,2330.6,2920.4
1996100000,1996年度,42000,長崎県,2240.9,2966.6
1996100000,1996年度,43000,熊本県,2420.7,3241.8
1996100000,1996年度,44000,大分県,3443.8,2917.6
1996100000,1996年度,45000,宮崎県,1920.5,3082.5
1996100000,1996年度,46000,鹿児島県,2011.3,3232.3
1996100000,1996年度,47000,沖縄県,2147.2,2573.1
1995100000,1995年度,1000,北海道,2463,***
1995100000,1995年度,2000,青森県,1649.5,***
1995100000,1995年度,3000,岩手県,1904.1,***
1995100000,1995年度,4000,宮城県,2354.6,***
1995100000,1995年度,5000,秋田県,1590,***
1995100000,1995年度,6000,山形県,1830.1,***
1995100000,1995年度,7000,福島県,2327.5,***
1995100000,1995年度,8000,茨城県,3631.7,***
1995100000,1995年度,9000,栃木県,3273.2,***
1995100000,1995年度,10000,群馬県,3161,***
1995100000,1995年度,11000,埼玉県,2897.2,***
1995100000,1995年度,12000,千葉県,3915.8,***
1995100000,1995年度,13000,東京都,3038.4,***
1995100000,1995年度,14000,神奈川県,3968.4,***
1995100000,1995年度,15000,新潟県,1905,***
1995100000,1995年度,16000,富山県,2446.7,***
1995100000,1995年度,17000,石川県,2047.8,***
1995100000,1995年度,18000,福井県,2011.9,***
1995100000,1995年度,19000,山梨県,2746,***
1995100000,1995年度,20000,長野県,2509.1,***
1995100000,1995年度,21000,岐阜県,2189.1,***
1995100000,1995年度,22000,静岡県,3261.4,***
1995100000,1995年度,23000,愛知県,3747.2,***
1995100000,1995年度,24000,三重県,3349.2,***
1995100000,1995年度,25000,滋賀県,3800.6,***
1995100000,1995年度,26000,京都府,2983.9,***
1995100000,1995年度,27000,大阪府,2717.6,***
1995100000,1995年度,28000,兵庫県,3122.2,***
1995100000,1995年度,29000,奈良県,2859.9,***
1995100000,1995年度,30000,和歌山県,3280.8,***
1995100000,1995年度,31000,鳥取県,2147.1,***
1995100000,1995年度,32000,島根県,1734,***
1995100000,1995年度,33000,岡山県,3582.9,***
1995100000,1995年度,34000,広島県,2996.8,***
1995100000,1995年度,35000,山口県,3941.5,***
1995100000,1995年度,36000,徳島県,2257.2,***
1995100000,1995年度,37000,香川県,2652.1,***
1995100000,1995年度,38000,愛媛県,2999.9,***
1995100000,1995年度,39000,高知県,1830.2,***
1995100000,1995年度,40000,福岡県,2743.1,***
1995100000,1995年度,41000,佐賀県,2196.7,***
1995100000,1995年度,42000,長崎県,2008.6,***
1995100000,1995年度,43000,熊本県,2303.1,***
1995100000,1995年度,44000,大分県,3393.2,***
1995100000,1995年度,45000,宮崎県,1845.2,***
1995100000,1995年度,46000,鹿児島県,1899.1,***
1995100000,1995年度,47000,沖縄県,2022,***
1994100000,1994年度,1000,北海道,2432,***
1994100000,1994年度,2000,青森県,1556.2,***
1994100000,1994年度,3000,岩手県,1828.1,***
1994100000,1994年度,4000,宮城県,2291.1,***
1994100000,1994年度,5000,秋田県,1460.1,***
1994100000,1994年度,6000,山形県,1735.5,***
1994100000,1994年度,7000,福島県,2147.5,***
1994100000,1994年度,8000,茨城県,3475.2,***
1994100000,1994年度,9000,栃木県,3087.8,***
1994100000,1994年度,10000,群馬県,3229.5,***
1994100000,1994年度,11000,埼玉県,2799,***
1994100000,1994年度,12000,千葉県,3710.7,***
1994100000,1994年度,13000,東京都,2906.9,***
1994100000,1994年度,14000,神奈川県,3795.8,***
1994100000,1994年度,15000,新潟県,1819,***
1994100000,1994年度,16000,富山県,2357.5,***
1994100000,1994年度,17000,石川県,1957.1,***
1994100000,1994年度,18000,福井県,1904.2,***
1994100000,1994年度,19000,山梨県,2517.2,***
1994100000,1994年度,20000,長野県,2311.2,***
1994100000,1994年度,21000,岐阜県,2102.5,***
1994100000,1994年度,22000,静岡県,3100.2,***
1994100000,1994年度,23000,愛知県,3692.2,***
1994100000,1994年度,24000,三重県,3251.8,***
1994100000,1994年度,25000,滋賀県,3682.5,***
1994100000,1994年度,26000,京都府,2963.2,***
1994100000,1994年度,27000,大阪府,2678,***
1994100000,1994年度,28000,兵庫県,3237.4,***
1994100000,1994年度,29000,奈良県,2790,***
1994100000,1994年度,30000,和歌山県,3146.8,***
1994100000,1994年度,31000,鳥取県,2028.6,***
1994100000,1994年度,32000,島根県,1555.9,***
1994100000,1994年度,33000,岡山県,3464.5,***
1994100000,1994年度,34000,広島県,3012.3,***
1994100000,1994年度,35000,山口県,3774.2,***
1994100000,1994年度,36000,徳島県,2192.3,***
1994100000,1994年度,37000,香川県,2581.9,***
1994100000,1994年度,38000,愛媛県,2841.9,***
1994100000,1994年度,39000,高知県,1762,***
1994100000,1994年度,40000,福岡県,2668.1,***
1994100000,1994年度,41000,佐賀県,2139.8,***
1994100000,1994年度,42000,長崎県,1969.2,***
1994100000,1994年度,43000,熊本県,2136.9,***
1994100000,1994年度,44000,大分県,3144.3,***
1994100000,1994年度,45000,宮崎県,1762.3,***
1994100000,1994年度,46000,鹿児島県,1905,***
1994100000,1994年度,47000,沖縄県,2031.5,***
1993100000,1993年度,1000,北海道,2417.9,4334.3
1993100000,1993年度,2000,青森県,1566.2,3200.1
1993100000,1993年度,3000,岩手県,1721.2,3486.6
1993100000,1993年度,4000,宮城県,2231,5781.3
1993100000,1993年度,5000,秋田県,1398.1,3422.8
1993100000,1993年度,6000,山形県,1684.2,3318
1993100000,1993年度,7000,福島県,2054.9,3550.5
1993100000,1993年度,8000,茨城県,3410.1,3456.6
1993100000,1993年度,9000,栃木県,3092.6,3488
1993100000,1993年度,10000,群馬県,3155,3866.5
1993100000,1993年度,11000,埼玉県,2831.7,3902.1
1993100000,1993年度,12000,千葉県,3703.6,3404.4
1993100000,1993年度,13000,東京都,2847.6,11598.5
1993100000,1993年度,14000,神奈川県,3876.9,3806
1993100000,1993年度,15000,新潟県,1799.3,4010.7
1993100000,1993年度,16000,富山県,2380,3968.9
1993100000,1993年度,17000,石川県,1942.9,4408.4
1993100000,1993年度,18000,福井県,1928.2,3825.1
1993100000,1993年度,19000,山梨県,2424.4,3133.4
1993100000,1993年度,20000,長野県,2271.4,4148.5
1993100000,1993年度,21000,岐阜県,2146.6,3281.3
1993100000,1993年度,22000,静岡県,3090.4,4159.4
1993100000,1993年度,23000,愛知県,3757.5,7576.2
1993100000,1993年度,24000,三重県,3190,2959.8
1993100000,1993年度,25000,滋賀県,3669.3,2835.8
1993100000,1993年度,26000,京都府,2964.1,3565.6
1993100000,1993年度,27000,大阪府,2727.8,7755.2
1993100000,1993年度,28000,兵庫県,2996.6,3819.9
1993100000,1993年度,29000,奈良県,2754.7,2625.3
1993100000,1993年度,30000,和歌山県,3180.8,2606.2
1993100000,1993年度,31000,鳥取県,1850.6,3187.6
1993100000,1993年度,32000,島根県,1480.9,2779
1993100000,1993年度,33000,岡山県,3385.2,3980.1
1993100000,1993年度,34000,広島県,3047.6,4932.2
1993100000,1993年度,35000,山口県,3827.4,3021
1993100000,1993年度,36000,徳島県,2115.5,2816.8
1993100000,1993年度,37000,香川県,2609.3,4775.3
1993100000,1993年度,38000,愛媛県,2789.1,3407.1
1993100000,1993年度,39000,高知県,1693.8,2626
1993100000,1993年度,40000,福岡県,2658.3,5080.6
1993100000,1993年度,41000,佐賀県,2111.4,2875.7
1993100000,1993年度,42000,長崎県,2014.9,2828.5
1993100000,1993年度,43000,熊本県,2100.1,3059.9
1993100000,1993年度,44000,大分県,3114.6,2838.6
1993100000,1993年度,45000,宮崎県,1736.8,3030.9
1993100000,1993年度,46000,鹿児島県,1849.9,3118.8
1993100000,1993年度,47000,沖縄県,2064.2,2367.7
1992100000,1992年度,1000,北海道,2460.5,***
1992100000,1992年度,2000,青森県,1566.4,***
1992100000,1992年度,3000,岩手県,1692.2,***
1992100000,1992年度,4000,宮城県,2251.3,***
1992100000,1992年度,5000,秋田県,1355.8,***
1992100000,1992年度,6000,山形県,1678.1,***
1992100000,1992年度,7000,福島県,2098.3,***
1992100000,1992年度,8000,茨城県,3503.7,***
1992100000,1992年度,9000,栃木県,3171.1,***
1992100000,1992年度,10000,群馬県,3228.8,***
1992100000,1992年度,11000,埼玉県,2915.2,***
1992100000,1992年度,12000,千葉県,3951.8,***
1992100000,1992年度,13000,東京都,2948,***
1992100000,1992年度,14000,神奈川県,3994.4,***
1992100000,1992年度,15000,新潟県,1828.6,***
1992100000,1992年度,16000,富山県,2460.2,***
1992100000,1992年度,17000,石川県,2004.6,***
1992100000,1992年度,18000,福井県,1996.5,***
1992100000,1992年度,19000,山梨県,2527.4,***
1992100000,1992年度,20000,長野県,2324.6,***
1992100000,1992年度,21000,岐阜県,2220.3,***
1992100000,1992年度,22000,静岡県,3203.1,***
1992100000,1992年度,23000,愛知県,3967.6,***
1992100000,1992年度,24000,三重県,3315.4,***
1992100000,1992年度,25000,滋賀県,3831.1,***
1992100000,1992年度,26000,京都府,2949.2,***
1992100000,1992年度,27000,大阪府,2896.2,***
1992100000,1992年度,28000,兵庫県,3112.2,***
1992100000,1992年度,29000,奈良県,2746,***
1992100000,1992年度,30000,和歌山県,3237.7,***
1992100000,1992年度,31000,鳥取県,1911.8,***
1992100000,1992年度,32000,島根県,1494.8,***
1992100000,1992年度,33000,岡山県,3585.1,***
1992100000,1992年度,34000,広島県,3196.9,***
1992100000,1992年度,35000,山口県,3988.7,***
1992100000,1992年度,36000,徳島県,2112.4,***
1992100000,1992年度,37000,香川県,2722.9,***
1992100000,1992年度,38000,愛媛県,2717.5,***
1992100000,1992年度,39000,高知県,1634.1,***
1992100000,1992年度,40000,福岡県,2680.6,***
1992100000,1992年度,41000,佐賀県,2096.9,***
1992100000,1992年度,42000,長崎県,1988.8,***
1992100000,1992年度,43000,熊本県,2048.3,***
1992100000,1992年度,44000,大分県,3237.8,***
1992100000,1992年度,45000,宮崎県,1759.2,***
1992100000,1992年度,46000,鹿児島県,1773.1,***
1992100000,1992年度,47000,沖縄県,2089.8,***
1991100000,1991年度,1000,北海道,2503.2,***
1991100000,1991年度,2000,青森県,1556.8,***
1991100000,1991年度,3000,岩手県,1678.8,***
1991100000,1991年度,4000,宮城県,2254.7,***
1991100000,1991年度,5000,秋田県,1382,***
1991100000,1991年度,6000,山形県,1697.3,***
1991100000,1991年度,7000,福島県,2136.3,***
1991100000,1991年度,8000,茨城県,3517.2,***
1991100000,1991年度,9000,栃木県,3307.9,***
1991100000,1991年度,10000,群馬県,3288.8,***
1991100000,1991年度,11000,埼玉県,2974.5,***
1991100000,1991年度,12000,千葉県,4045.3,***
1991100000,1991年度,13000,東京都,3011.8,***
1991100000,1991年度,14000,神奈川県,4110.9,***
1991100000,1991年度,15000,新潟県,1859.2,***
1991100000,1991年度,16000,富山県,2516.4,***
1991100000,1991年度,17000,石川県,2047.9,***
1991100000,1991年度,18000,福井県,2044.6,***
1991100000,1991年度,19000,山梨県,2700.2,***
1991100000,1991年度,20000,長野県,2385.5,***
1991100000,1991年度,21000,岐阜県,2253.7,***
1991100000,1991年度,22000,静岡県,3255.9,***
1991100000,1991年度,23000,愛知県,3980.1,***
1991100000,1991年度,24000,三重県,3375.3,***
1991100000,1991年度,25000,滋賀県,3926.9,***
1991100000,1991年度,26000,京都府,2968.7,***
1991100000,1991年度,27000,大阪府,2952.5,***
1991100000,1991年度,28000,兵庫県,3184,***
1991100000,1991年度,29000,奈良県,2894.1,***
1991100000,1991年度,30000,和歌山県,3416.8,***
1991100000,1991年度,31000,鳥取県,1887.7,***
1991100000,1991年度,32000,島根県,1502.6,***
1991100000,1991年度,33000,岡山県,3579.1,***
1991100000,1991年度,34000,広島県,3279.2,***
1991100000,1991年度,35000,山口県,3913.3,***
1991100000,1991年度,36000,徳島県,2111.4,***
1991100000,1991年度,37000,香川県,2710,***
1991100000,1991年度,38000,愛媛県,2720.2,***
1991100000,1991年度,39000,高知県,1607.3,***
1991100000,1991年度,40000,福岡県,2727.4,***
1991100000,1991年度,41000,佐賀県,2030.6,***
1991100000,1991年度,42000,長崎県,1789.8,***
1991100000,1991年度,43000,熊本県,2052.6,***
1991100000,1991年度,44000,大分県,3360.6,***
1991100000,1991年度,45000,宮崎県,1718.6,***
1991100000,1991年度,46000,鹿児島県,1757.9,***
1991100000,1991年度,47000,沖縄県,2142.5,***
1990100000,1990年度,1000,北海道,2468.2,4729.1
1990100000,1990年度,2000,青森県,1530,3125.3
1990100000,1990年度,3000,岩手県,1629,3344.3
1990100000,1990年度,4000,宮城県,2256,6197.7
1990100000,1990年度,5000,秋田県,1296.1,3240.2
1990100000,1990年度,6000,山形県,1611.7,3413.5
1990100000,1990年度,7000,福島県,1986.7,3602
1990100000,1990年度,8000,茨城県,3376.9,3907.5
1990100000,1990年度,9000,栃木県,3191.7,4135.9
1990100000,1990年度,10000,群馬県,3042.6,4432.3
1990100000,1990年度,11000,埼玉県,2858.6,4275.2
1990100000,1990年度,12000,千葉県,4002.6,3510.9
1990100000,1990年度,13000,東京都,2910.9,12594.6
1990100000,1990年度,14000,神奈川県,3996.3,4652.9
1990100000,1990年度,15000,新潟県,1763.8,4031.2
1990100000,1990年度,16000,富山県,2455.3,4302.4
1990100000,1990年度,17000,石川県,1990.9,4796.6
1990100000,1990年度,18000,福井県,1935.8,3814.2
1990100000,1990年度,19000,山梨県,2585.6,3305
1990100000,1990年度,20000,長野県,2297.9,4566.9
1990100000,1990年度,21000,岐阜県,2164.7,3622.7
1990100000,1990年度,22000,静岡県,3105.2,4845.8
1990100000,1990年度,23000,愛知県,3827.5,9004.8
1990100000,1990年度,24000,三重県,3280.8,3330.9
1990100000,1990年度,25000,滋賀県,3662.7,3189.5
1990100000,1990年度,26000,京都府,2829.8,3828.8
1990100000,1990年度,27000,大阪府,2845.6,8737.5
1990100000,1990年度,28000,兵庫県,3081,4021.5
1990100000,1990年度,29000,奈良県,2745.6,2739.2
1990100000,1990年度,30000,和歌山県,3334.6,2586.7
1990100000,1990年度,31000,鳥取県,1764.3,3223.5
1990100000,1990年度,32000,島根県,1416.8,2857.7
1990100000,1990年度,33000,岡山県,3365.6,3938.3
1990100000,1990年度,34000,広島県,3211.8,5791.5
1990100000,1990年度,35000,山口県,3801.1,3451.6
1990100000,1990年度,36000,徳島県,2025.8,2802
1990100000,1990年度,37000,香川県,2552.2,5152.8
1990100000,1990年度,38000,愛媛県,2621.4,3520.8
1990100000,1990年度,39000,高知県,1458.3,2486.3
1990100000,1990年度,40000,福岡県,2646.2,5328.9
1990100000,1990年度,41000,佐賀県,1981.1,2896.4
1990100000,1990年度,42000,長崎県,1656,2874
1990100000,1990年度,43000,熊本県,1939.3,3242.1
1990100000,1990年度,44000,大分県,3277.3,2734.8
1990100000,1990年度,45000,宮崎県,1679.9,3129.7
1990100000,1990年度,46000,鹿児島県,1720.7,3153.4
1990100000,1990年度,47000,沖縄県,2139.7,2486
1989100000,1989年度,1000,北海道,2382.9,***
1989100000,1989年度,2000,青森県,1523.6,***
1989100000,1989年度,3000,岩手県,1574.9,***
1989100000,1989年度,4000,宮城県,2119.7,***
1989100000,1989年度,5000,秋田県,1242.1,***
1989100000,1989年度,6000,山形県,1483.9,***
1989100000,1989年度,7000,福島県,1878.5,***
1989100000,1989年度,8000,茨城県,3195.3,***
1989100000,1989年度,9000,栃木県,2964.8,***
1989100000,1989年度,10000,群馬県,2915,***
1989100000,1989年度,11000,埼玉県,2681.4,***
1989100000,1989年度,12000,千葉県,3660.9,***
1989100000,1989年度,13000,東京都,2745.1,***
1989100000,1989年度,14000,神奈川県,3698.7,***
1989100000,1989年度,15000,新潟県,1654.6,***
1989100000,1989年度,16000,富山県,2329,***
1989100000,1989年度,17000,石川県,1834.7,***
1989100000,1989年度,18000,福井県,1818.9,***
1989100000,1989年度,19000,山梨県,2398.1,***
1989100000,1989年度,20000,長野県,2140.3,***
1989100000,1989年度,21000,岐阜県,2009.6,***
1989100000,1989年度,22000,静岡県,2957.4,***
1989100000,1989年度,23000,愛知県,3529.1,***
1989100000,1989年度,24000,三重県,3084.1,***
1989100000,1989年度,25000,滋賀県,3425.1,***
1989100000,1989年度,26000,京都府,2657.2,***
1989100000,1989年度,27000,大阪府,2715.4,***
1989100000,1989年度,28000,兵庫県,2892,***
1989100000,1989年度,29000,奈良県,2578.6,***
1989100000,1989年度,30000,和歌山県,3113.1,***
1989100000,1989年度,31000,鳥取県,1729.4,***
1989100000,1989年度,32000,島根県,1355,***
1989100000,1989年度,33000,岡山県,3188.6,***
1989100000,1989年度,34000,広島県,3029.5,***
1989100000,1989年度,35000,山口県,3811.3,***
1989100000,1989年度,36000,徳島県,2010.5,***
1989100000,1989年度,37000,香川県,2324.7,***
1989100000,1989年度,38000,愛媛県,2595.2,***
1989100000,1989年度,39000,高知県,1351.1,***
1989100000,1989年度,40000,福岡県,2529.9,***
1989100000,1989年度,41000,佐賀県,1861.9,***
1989100000,1989年度,42000,長崎県,1606,***
1989100000,1989年度,43000,熊本県,1874.8,***
1989100000,1989年度,44000,大分県,3184.7,***
1989100000,1989年度,45000,宮崎県,1659.6,***
1989100000,1989年度,46000,鹿児島県,1649.7,***
1989100000,1989年度,47000,沖縄県,1995.9,***
1988100000,1988年度,1000,北海道,2308.9,***
1988100000,1988年度,2000,青森県,1402.7,***
1988100000,1988年度,3000,岩手県,1479.4,***
1988100000,1988年度,4000,宮城県,1981.1,***
1988100000,1988年度,5000,秋田県,1193.6,***
1988100000,1988年度,6000,山形県,1388,***
1988100000,1988年度,7000,福島県,1712,***
1988100000,1988年度,8000,茨城県,2929.8,***
1988100000,1988年度,9000,栃木県,2788.4,***
1988100000,1988年度,10000,群馬県,2621.5,***
1988100000,1988年度,11000,埼玉県,2487.2,***
1988100000,1988年度,12000,千葉県,3374.9,***
1988100000,1988年度,13000,東京都,2455.9,***
1988100000,1988年度,14000,神奈川県,3383.8,***
1988100000,1988年度,15000,新潟県,1547.2,***
1988100000,1988年度,16000,富山県,2187.8,***
1988100000,1988年度,17000,石川県,1687.9,***
1988100000,1988年度,18000,福井県,1703.2,***
1988100000,1988年度,19000,山梨県,2227.1,***
1988100000,1988年度,20000,長野県,1989.8,***
1988100000,1988年度,21000,岐阜県,1844.8,***
1988100000,1988年度,22000,静岡県,2725,***
1988100000,1988年度,23000,愛知県,3234.3,***
1988100000,1988年度,24000,三重県,2811,***
1988100000,1988年度,25000,滋賀県,3163.9,***
1988100000,1988年度,26000,京都府,2567.5,***
1988100000,1988年度,27000,大阪府,2500,***
1988100000,1988年度,28000,兵庫県,2658.7,***
1988100000,1988年度,29000,奈良県,2443.2,***
1988100000,1988年度,30000,和歌山県,2821.3,***
1988100000,1988年度,31000,鳥取県,1597,***
1988100000,1988年度,32000,島根県,1286.4,***
1988100000,1988年度,33000,岡山県,3043.2,***
1988100000,1988年度,34000,広島県,2736.3,***
1988100000,1988年度,35000,山口県,3572.9,***
1988100000,1988年度,36000,徳島県,1789,***
1988100000,1988年度,37000,香川県,2112.6,***
1988100000,1988年度,38000,愛媛県,2316.8,***
1988100000,1988年度,39000,高知県,1274.6,***
1988100000,1988年度,40000,福岡県,2313.6,***
1988100000,1988年度,41000,佐賀県,1760.4,***
1988100000,1988年度,42000,長崎県,1438.5,***
1988100000,1988年度,43000,熊本県,1744.3,***
1988100000,1988年度,44000,大分県,2859.1,***
1988100000,1988年度,45000,宮崎県,1568.3,***
1988100000,1988年度,46000,鹿児島県,1664.3,***
1988100000,1988年度,47000,沖縄県,1790.2,***
1987100000,1987年度,1000,北海道,2243.2,4143.3
1987100000,1987年度,2000,青森県,1392.1,2658.5
1987100000,1987年度,3000,岩手県,1413.7,2915.9
1987100000,1987年度,4000,宮城県,1885.6,5120.8
1987100000,1987年度,5000,秋田県,1138.2,2994.7
1987100000,1987年度,6000,山形県,1306.9,2988.5
1987100000,1987年度,7000,福島県,1590,3059.3
1987100000,1987年度,8000,茨城県,2708.6,3144
1987100000,1987年度,9000,栃木県,2598.2,3396.6
1987100000,1987年度,10000,群馬県,2468.9,3556.7
1987100000,1987年度,11000,埼玉県,2322.8,3230.3
1987100000,1987年度,12000,千葉県,3166.2,3058.4
1987100000,1987年度,13000,東京都,2299.2,10308.9
1987100000,1987年度,14000,神奈川県,3252.4,3552
1987100000,1987年度,15000,新潟県,1445.6,3410.9
1987100000,1987年度,16000,富山県,2022,3785.9
1987100000,1987年度,17000,石川県,1530.7,3854.1
1987100000,1987年度,18000,福井県,1622.1,3292.3
1987100000,1987年度,19000,山梨県,2079.4,2816.4
1987100000,1987年度,20000,長野県,1810.2,3808
1987100000,1987年度,21000,岐阜県,1717.6,3050.3
1987100000,1987年度,22000,静岡県,2575.8,3854.8
1987100000,1987年度,23000,愛知県,3017.9,7362.7
1987100000,1987年度,24000,三重県,2605.4,2748.1
1987100000,1987年度,25000,滋賀県,2892.1,2608.2
1987100000,1987年度,26000,京都府,2393.7,3218.7
1987100000,1987年度,27000,大阪府,2357.1,7409.7
1987100000,1987年度,28000,兵庫県,2477.5,3248.3
1987100000,1987年度,29000,奈良県,2221.8,2383
1987100000,1987年度,30000,和歌山県,2666.5,2255.1
1987100000,1987年度,31000,鳥取県,1455.9,2888.2
1987100000,1987年度,32000,島根県,1192.1,2595.9
1987100000,1987年度,33000,岡山県,2880.8,3316.5
1987100000,1987年度,34000,広島県,2563.5,4498.4
1987100000,1987年度,35000,山口県,3140.8,2962.1
1987100000,1987年度,36000,徳島県,1661.3,2645.6
1987100000,1987年度,37000,香川県,2026.7,4202
1987100000,1987年度,38000,愛媛県,2249.6,2954
1987100000,1987年度,39000,高知県,1216.3,2207
1987100000,1987年度,40000,福岡県,2162.8,4545.6
1987100000,1987年度,41000,佐賀県,1661.4,2412.6
1987100000,1987年度,42000,長崎県,1489,2381
1987100000,1987年度,43000,熊本県,1632.4,2710.2
1987100000,1987年度,44000,大分県,2662,2311.9
1987100000,1987年度,45000,宮崎県,1512.9,2605.3
1987100000,1987年度,46000,鹿児島県,1568.4,2685.9
1987100000,1987年度,47000,沖縄県,1965.4,2065.8
1986100000,1986年度,1000,北海道,2279,***
1986100000,1986年度,2000,青森県,1450.2,***
1986100000,1986年度,3000,岩手県,1378.6,***
1986100000,1986年度,4000,宮城県,1856.9,***
1986100000,1986年度,5000,秋田県,1116.7,***
1986100000,1986年度,6000,山形県,1297.7,***
1986100000,1986年度,7000,福島県,1547.1,***
1986100000,1986年度,8000,茨城県,2632.8,***
1986100000,1986年度,9000,栃木県,2478.6,***
1986100000,1986年度,10000,群馬県,2414.3,***
1986100000,1986年度,11000,埼玉県,2256.9,***
1986100000,1986年度,12000,千葉県,3229.4,***
1986100000,1986年度,13000,東京都,2192.7,***
1986100000,1986年度,14000,神奈川県,3239.3,***
1986100000,1986年度,15000,新潟県,1438.9,***
1986100000,1986年度,16000,富山県,1954.5,***
1986100000,1986年度,17000,石川県,1515.2,***
1986100000,1986年度,18000,福井県,1594.6,***
1986100000,1986年度,19000,山梨県,1994.4,***
1986100000,1986年度,20000,長野県,1805.4,***
1986100000,1986年度,21000,岐阜県,1697.4,***
1986100000,1986年度,22000,静岡県,2534.7,***
1986100000,1986年度,23000,愛知県,2992,***
1986100000,1986年度,24000,三重県,2602.4,***
1986100000,1986年度,25000,滋賀県,2818.7,***
1986100000,1986年度,26000,京都府,2330.3,***
1986100000,1986年度,27000,大阪府,2356.2,***
1986100000,1986年度,28000,兵庫県,2436,***
1986100000,1986年度,29000,奈良県,2202.6,***
1986100000,1986年度,30000,和歌山県,2754.2,***
1986100000,1986年度,31000,鳥取県,1391.7,***
1986100000,1986年度,32000,島根県,1172.2,***
1986100000,1986年度,33000,岡山県,2950.1,***
1986100000,1986年度,34000,広島県,2486.5,***
1986100000,1986年度,35000,山口県,3301.3,***
1986100000,1986年度,36000,徳島県,1649.1,***
1986100000,1986年度,37000,香川県,2052.3,***
1986100000,1986年度,38000,愛媛県,2323.3,***
1986100000,1986年度,39000,高知県,1289.1,***
1986100000,1986年度,40000,福岡県,2195.1,***
1986100000,1986年度,41000,佐賀県,1616.5,***
1986100000,1986年度,42000,長崎県,1488.9,***
1986100000,1986年度,43000,熊本県,1621.4,***
1986100000,1986年度,44000,大分県,2666,***
1986100000,1986年度,45000,宮崎県,1534.1,***
1986100000,1986年度,46000,鹿児島県,1618,***
1986100000,1986年度,47000,沖縄県,2140.7,***
1985100000,1985年度,1000,北海道,2402.4,***
1985100000,1985年度,2000,青森県,1545.6,***
1985100000,1985年度,3000,岩手県,1347.9,***
1985100000,1985年度,4000,宮城県,1902.3,***
1985100000,1985年度,5000,秋田県,1197.1,***
1985100000,1985年度,6000,山形県,1301.6,***
1985100000,1985年度,7000,福島県,1577.4,***
1985100000,1985年度,8000,茨城県,2800.2,***
1985100000,1985年度,9000,栃木県,2519.8,***
1985100000,1985年度,10000,群馬県,2488.9,***
1985100000,1985年度,11000,埼玉県,2280,***
1985100000,1985年度,12000,千葉県,3710.9,***
1985100000,1985年度,13000,東京都,2176.6,***
1985100000,1985年度,14000,神奈川県,3533.4,***
1985100000,1985年度,15000,新潟県,1471.6,***
1985100000,1985年度,16000,富山県,2040.8,***
1985100000,1985年度,17000,石川県,1469,***
1985100000,1985年度,18000,福井県,1586.1,***
1985100000,1985年度,19000,山梨県,2046.9,***
1985100000,1985年度,20000,長野県,1844.3,***
1985100000,1985年度,21000,岐阜県,1749.5,***
1985100000,1985年度,22000,静岡県,2519.4,***
1985100000,1985年度,23000,愛知県,3095.1,***
1985100000,1985年度,24000,三重県,2695.1,***
1985100000,1985年度,25000,滋賀県,2831.9,***
1985100000,1985年度,26000,京都府,2314.6,***
1985100000,1985年度,27000,大阪府,2454.2,***
1985100000,1985年度,28000,兵庫県,2580.7,***
1985100000,1985年度,29000,奈良県,2253.4,***
1985100000,1985年度,30000,和歌山県,3357.4,***
1985100000,1985年度,31000,鳥取県,1448.4,***
1985100000,1985年度,32000,島根県,1196.6,***
1985100000,1985年度,33000,岡山県,3187.5,***
1985100000,1985年度,34000,広島県,2460.9,***
1985100000,1985年度,35000,山口県,3732.9,***
1985100000,1985年度,36000,徳島県,1669.3,***
1985100000,1985年度,37000,香川県,2177.7,***
1985100000,1985年度,38000,愛媛県,2547.4,***
1985100000,1985年度,39000,高知県,1345.6,***
1985100000,1985年度,40000,福岡県,2319.8,***
1985100000,1985年度,41000,佐賀県,1667.2,***
1985100000,1985年度,42000,長崎県,1617.2,***
1985100000,1985年度,43000,熊本県,1672.6,***
1985100000,1985年度,44000,大分県,2938.4,***
1985100000,1985年度,45000,宮崎県,1562.7,***
1985100000,1985年度,46000,鹿児島県,1615.6,***
1985100000,1985年度,47000,沖縄県,2382.3,***
1984100000,1984年度,1000,北海道,2333.4,4208.8
1984100000,1984年度,2000,青森県,1550.6,2683.9
1984100000,1984年度,3000,岩手県,1369.6,2953
1984100000,1984年度,4000,宮城県,1886,5299.5
1984100000,1984年度,5000,秋田県,1170.5,2889.9
1984100000,1984年度,6000,山形県,1258.4,2873.7
1984100000,1984年度,7000,福島県,1503.9,2867.9
1984100000,1984年度,8000,茨城県,2739.9,2961.6
1984100000,1984年度,9000,栃木県,2397.7,3151.4
1984100000,1984年度,10000,群馬県,2391.7,3566.3
1984100000,1984年度,11000,埼玉県,2227.7,3086.3
1984100000,1984年度,12000,千葉県,3595.6,2851.8
1984100000,1984年度,13000,東京都,2185,11188.8
1984100000,1984年度,14000,神奈川県,3380.8,3385.2
1984100000,1984年度,15000,新潟県,1433.5,3281.2
1984100000,1984年度,16000,富山県,1988.3,3664.2
1984100000,1984年度,17000,石川県,1395.5,3895.6
1984100000,1984年度,18000,福井県,1484.4,3179.1
1984100000,1984年度,19000,山梨県,1832.9,2557
1984100000,1984年度,20000,長野県,1775.2,3802.4
1984100000,1984年度,21000,岐阜県,1625.9,2902.8
1984100000,1984年度,22000,静岡県,2377.4,3780.6
1984100000,1984年度,23000,愛知県,2893.2,7022.3
1984100000,1984年度,24000,三重県,2669.7,2665.8
1984100000,1984年度,25000,滋賀県,2685.6,2432.6
1984100000,1984年度,26000,京都府,2159.9,3164.3
1984100000,1984年度,27000,大阪府,2398.2,7689
1984100000,1984年度,28000,兵庫県,2550.4,3293.5
1984100000,1984年度,29000,奈良県,2214,2085
1984100000,1984年度,30000,和歌山県,3257.5,2259.2
1984100000,1984年度,31000,鳥取県,1320.6,2734.2
1984100000,1984年度,32000,島根県,1165.9,2529.5
1984100000,1984年度,33000,岡山県,3138,3286.2
1984100000,1984年度,34000,広島県,2376.6,4533.4
1984100000,1984年度,35000,山口県,3767.8,2966.1
1984100000,1984年度,36000,徳島県,1534,2253.6
1984100000,1984年度,37000,香川県,2132.8,4348.4
1984100000,1984年度,38000,愛媛県,2529.6,2806.3
1984100000,1984年度,39000,高知県,1384.7,2121
1984100000,1984年度,40000,福岡県,2251.9,4544
1984100000,1984年度,41000,佐賀県,1554.3,2518.8
1984100000,1984年度,42000,長崎県,1595.6,2371.5
1984100000,1984年度,43000,熊本県,1603.9,2998.2
1984100000,1984年度,44000,大分県,2976.7,2400.3
1984100000,1984年度,45000,宮崎県,1486.2,2411
1984100000,1984年度,46000,鹿児島県,1544.7,2663.1
1984100000,1984年度,47000,沖縄県,2471.2,2104.3
1983100000,1983年度,1000,北海道,2285.6,***
1983100000,1983年度,2000,青森県,1481.8,***
1983100000,1983年度,3000,岩手県,1232.7,***
1983100000,1983年度,4000,宮城県,1809.6,***
1983100000,1983年度,5000,秋田県,1093.4,***
1983100000,1983年度,6000,山形県,1143.3,***
1983100000,1983年度,7000,福島県,1375.5,***
1983100000,1983年度,8000,茨城県,2513.2,***
1983100000,1983年度,9000,栃木県,2250.3,***
1983100000,1983年度,10000,群馬県,2115.8,***
1983100000,1983年度,11000,埼玉県,2074.2,***
1983100000,1983年度,12000,千葉県,3484.9,***
1983100000,1983年度,13000,東京都,2011.4,***
1983100000,1983年度,14000,神奈川県,3203.9,***
1983100000,1983年度,15000,新潟県,1382.6,***
1983100000,1983年度,16000,富山県,1915.6,***
1983100000,1983年度,17000,石川県,1301.7,***
1983100000,1983年度,18000,福井県,1342.5,***
1983100000,1983年度,19000,山梨県,1595.8,***
1983100000,1983年度,20000,長野県,1594.2,***
1983100000,1983年度,21000,岐阜県,1534.8,***
1983100000,1983年度,22000,静岡県,2242.6,***
1983100000,1983年度,23000,愛知県,2664.5,***
1983100000,1983年度,24000,三重県,2570.4,***
1983100000,1983年度,25000,滋賀県,2446.8,***
1983100000,1983年度,26000,京都府,1988.6,***
1983100000,1983年度,27000,大阪府,2260.8,***
1983100000,1983年度,28000,兵庫県,2379.8,***
1983100000,1983年度,29000,奈良県,2051.6,***
1983100000,1983年度,30000,和歌山県,3033.4,***
1983100000,1983年度,31000,鳥取県,1205.6,***
1983100000,1983年度,32000,島根県,1056.5,***
1983100000,1983年度,33000,岡山県,2929.3,***
1983100000,1983年度,34000,広島県,2279.4,***
1983100000,1983年度,35000,山口県,3621.5,***
1983100000,1983年度,36000,徳島県,1476.7,***
1983100000,1983年度,37000,香川県,2124.1,***
1983100000,1983年度,38000,愛媛県,2360.7,***
1983100000,1983年度,39000,高知県,1326.9,***
1983100000,1983年度,40000,福岡県,2089.6,***
1983100000,1983年度,41000,佐賀県,1474.9,***
1983100000,1983年度,42000,長崎県,1454.3,***
1983100000,1983年度,43000,熊本県,1480.4,***
1983100000,1983年度,44000,大分県,2874.7,***
1983100000,1983年度,45000,宮崎県,1437,***
1983100000,1983年度,46000,鹿児島県,1474.8,***
1983100000,1983年度,47000,沖縄県,2496.6,***
1982100000,1982年度,1000,北海道,2246.3,***
1982100000,1982年度,2000,青森県,1477.1,***
1982100000,1982年度,3000,岩手県,1192.8,***
1982100000,1982年度,4000,宮城県,1748.8,***
1982100000,1982年度,5000,秋田県,1074.4,***
1982100000,1982年度,6000,山形県,1076.2,***
1982100000,1982年度,7000,福島県,1325.4,***
1982100000,1982年度,8000,茨城県,2530.4,***
1982100000,1982年度,9000,栃木県,2169.4,***
1982100000,1982年度,10000,群馬県,2030.9,***
1982100000,1982年度,11000,埼玉県,2027.4,***
1982100000,1982年度,12000,千葉県,3635.1,***
1982100000,1982年度,13000,東京都,1984.3,***
1982100000,1982年度,14000,神奈川県,3200.4,***
1982100000,1982年度,15000,新潟県,1387.7,***
1982100000,1982年度,16000,富山県,1888.2,***
1982100000,1982年度,17000,石川県,1264.4,***
1982100000,1982年度,18000,福井県,1268.7,***
1982100000,1982年度,19000,山梨県,1492.9,***
1982100000,1982年度,20000,長野県,1467,***
1982100000,1982年度,21000,岐阜県,1512.9,***
1982100000,1982年度,22000,静岡県,2202.2,***
1982100000,1982年度,23000,愛知県,2634.6,***
1982100000,1982年度,24000,三重県,2521.6,***
1982100000,1982年度,25000,滋賀県,2365.7,***
1982100000,1982年度,26000,京都府,1937.2,***
1982100000,1982年度,27000,大阪府,2269.1,***
1982100000,1982年度,28000,兵庫県,2395.8,***
1982100000,1982年度,29000,奈良県,2041.4,***
1982100000,1982年度,30000,和歌山県,3546.9,***
1982100000,1982年度,31000,鳥取県,1177.5,***
1982100000,1982年度,32000,島根県,1054.7,***
1982100000,1982年度,33000,岡山県,2937.8,***
1982100000,1982年度,34000,広島県,2264.2,***
1982100000,1982年度,35000,山口県,3401,***
1982100000,1982年度,36000,徳島県,1406.9,***
1982100000,1982年度,37000,香川県,2150.4,***
1982100000,1982年度,38000,愛媛県,2412.5,***
1982100000,1982年度,39000,高知県,1328.6,***
1982100000,1982年度,40000,福岡県,2105.1,***
1982100000,1982年度,41000,佐賀県,1416.2,***
1982100000,1982年度,42000,長崎県,1385.8,***
1982100000,1982年度,43000,熊本県,1477.9,***
1982100000,1982年度,44000,大分県,2908.3,***
1982100000,1982年度,45000,宮崎県,1373.7,***
1982100000,1982年度,46000,鹿児島県,1416.8,***
1982100000,1982年度,47000,沖縄県,2686.5,***
1981100000,1981年度,1000,北海道,2175.5,3953.6
1981100000,1981年度,2000,青森県,1389.9,2543
1981100000,1981年度,3000,岩手県,1160.6,2656.2
1981100000,1981年度,4000,宮城県,1706,4910.8
1981100000,1981年度,5000,秋田県,1057.8,2549.1
1981100000,1981年度,6000,山形県,1070.8,2695.1
1981100000,1981年度,7000,福島県,1265.8,2556.1
1981100000,1981年度,8000,茨城県,2437.2,2654.2
1981100000,1981年度,9000,栃木県,2078.8,2776.4
1981100000,1981年度,10000,群馬県,1869.3,2967.6
1981100000,1981年度,11000,埼玉県,1967.8,2705.5
1981100000,1981年度,12000,千葉県,3627.2,2664.6
1981100000,1981年度,13000,東京都,1877.3,10289.8
1981100000,1981年度,14000,神奈川県,3137.6,3087.3
1981100000,1981年度,15000,新潟県,1343.8,3038.4
1981100000,1981年度,16000,富山県,1823.9,3286.2
1981100000,1981年度,17000,石川県,1252,3731
1981100000,1981年度,18000,福井県,1244.4,3021
1981100000,1981年度,19000,山梨県,1448.2,2405.9
1981100000,1981年度,20000,長野県,1403.9,2885.8
1981100000,1981年度,21000,岐阜県,1430.9,2661.7
1981100000,1981年度,22000,静岡県,2147.1,3233.3
1981100000,1981年度,23000,愛知県,2533.1,6201.4
1981100000,1981年度,24000,三重県,2438.8,2409.9
1981100000,1981年度,25000,滋賀県,2211.3,2232.7
1981100000,1981年度,26000,京都府,1835.9,3133.3
1981100000,1981年度,27000,大阪府,2203.5,7018.9
1981100000,1981年度,28000,兵庫県,2282.2,3062.5
1981100000,1981年度,29000,奈良県,1983.3,2055.4
1981100000,1981年度,30000,和歌山県,3489.7,2114.9
1981100000,1981年度,31000,鳥取県,1129.2,2586.9
1981100000,1981年度,32000,島根県,1024.1,2333.6
1981100000,1981年度,33000,岡山県,2942,2975.8
1981100000,1981年度,34000,広島県,2239.2,4285.9
1981100000,1981年度,35000,山口県,3372.4,2624.3
1981100000,1981年度,36000,徳島県,1398.9,2107.4
1981100000,1981年度,37000,香川県,2134.5,4174.2
1981100000,1981年度,38000,愛媛県,2377,2584.4
1981100000,1981年度,39000,高知県,1301.1,2147.9
1981100000,1981年度,40000,福岡県,2097.9,4181
1981100000,1981年度,41000,佐賀県,1422.8,2224.3
1981100000,1981年度,42000,長崎県,1381.4,2148
1981100000,1981年度,43000,熊本県,1375.3,2433.1
1981100000,1981年度,44000,大分県,2972.2,2331.5
1981100000,1981年度,45000,宮崎県,1346,2221.7
1981100000,1981年度,46000,鹿児島県,1387,2392.4
1981100000,1981年度,47000,沖縄県,2711,1949.7
1980100000,1980年度,1000,北海道,2121.6,***
1980100000,1980年度,2000,青森県,1406.8,***
1980100000,1980年度,3000,岩手県,1176.2,***
1980100000,1980年度,4000,宮城県,1670.8,***
1980100000,1980年度,5000,秋田県,1120.1,***
1980100000,1980年度,6000,山形県,1043.5,***
1980100000,1980年度,7000,福島県,1245.6,***
1980100000,1980年度,8000,茨城県,2407.3,***
1980100000,1980年度,9000,栃木県,2088.5,***
1980100000,1980年度,10000,群馬県,1763.9,***
1980100000,1980年度,11000,埼玉県,1927.5,***
1980100000,1980年度,12000,千葉県,3588.3,***
1980100000,1980年度,13000,東京都,1803.4,***
1980100000,1980年度,14000,神奈川県,3018.4,***
1980100000,1980年度,15000,新潟県,1354.5,***
1980100000,1980年度,16000,富山県,1852.4,***
1980100000,1980年度,17000,石川県,1199.6,***
1980100000,1980年度,18000,福井県,1172.7,***
1980100000,1980年度,19000,山梨県,1364.5,***
1980100000,1980年度,20000,長野県,1317.2,***
1980100000,1980年度,21000,岐阜県,1373.4,***
1980100000,1980年度,22000,静岡県,2049.6,***
1980100000,1980年度,23000,愛知県,2421,***
1980100000,1980年度,24000,三重県,2326.8,***
1980100000,1980年度,25000,滋賀県,2168.5,***
1980100000,1980年度,26000,京都府,1739,***
1980100000,1980年度,27000,大阪府,2154.2,***
1980100000,1980年度,28000,兵庫県,2235.6,***
1980100000,1980年度,29000,奈良県,1913.3,***
1980100000,1980年度,30000,和歌山県,3290.9,***
1980100000,1980年度,31000,鳥取県,1109.5,***
1980100000,1980年度,32000,島根県,1014.3,***
1980100000,1980年度,33000,岡山県,2895.4,***
1980100000,1980年度,34000,広島県,2122.4,***
1980100000,1980年度,35000,山口県,3376.9,***
1980100000,1980年度,36000,徳島県,1331.6,***
1980100000,1980年度,37000,香川県,2051.2,***
1980100000,1980年度,38000,愛媛県,2262.3,***
1980100000,1980年度,39000,高知県,1270.7,***
1980100000,1980年度,40000,福岡県,2021.2,***
1980100000,1980年度,41000,佐賀県,1349.3,***
1980100000,1980年度,42000,長崎県,1077.1,***
1980100000,1980年度,43000,熊本県,1333.4,***
1980100000,1980年度,44000,大分県,3119.1,***
1980100000,1980年度,45000,宮崎県,1378.5,***
1980100000,1980年度,46000,鹿児島県,1315.1,***
1980100000,1980年度,47000,沖縄県,2648.5,***
1979100000,1979年度,1000,北海道,1755.7,***
1979100000,1979年度,2000,青森県,1186.8,***
1979100000,1979年度,3000,岩手県,1047.3,***
1979100000,1979年度,4000,宮城県,1401.5,***
1979100000,1979年度,5000,秋田県,918.6,***
1979100000,1979年度,6000,山形県,878.9,***
1979100000,1979年度,7000,福島県,1046.1,***
1979100000,1979年度,8000,茨城県,1988.3,***
1979100000,1979年度,9000,栃木県,1700.2,***
1979100000,1979年度,10000,群馬県,1454,***
1979100000,1979年度,11000,埼玉県,1616.1,***
1979100000,1979年度,12000,千葉県,2830.4,***
1979100000,1979年度,13000,東京都,1472,***
1979100000,1979年度,14000,神奈川県,2485.6,***
1979100000,1979年度,15000,新潟県,1086.9,***
1979100000,1979年度,16000,富山県,1573.2,***
1979100000,1979年度,17000,石川県,954.2,***
1979100000,1979年度,18000,福井県,933.7,***
1979100000,1979年度,19000,山梨県,1033.6,***
1979100000,1979年度,20000,長野県,1111.3,***
1979100000,1979年度,21000,岐阜県,1112.2,***
1979100000,1979年度,22000,静岡県,1670.8,***
1979100000,1979年度,23000,愛知県,1970.9,***
1979100000,1979年度,24000,三重県,1882,***
1979100000,1979年度,25000,滋賀県,1818.2,***
1979100000,1979年度,26000,京都府,1323.1,***
1979100000,1979年度,27000,大阪府,1758.2,***
1979100000,1979年度,28000,兵庫県,1867.2,***
1979100000,1979年度,29000,奈良県,1521.6,***
1979100000,1979年度,30000,和歌山県,2420.2,***
1979100000,1979年度,31000,鳥取県,960.9,***
1979100000,1979年度,32000,島根県,865,***
1979100000,1979年度,33000,岡山県,2237.8,***
1979100000,1979年度,34000,広島県,1807.1,***
1979100000,1979年度,35000,山口県,2612.2,***
1979100000,1979年度,36000,徳島県,1113.8,***
1979100000,1979年度,37000,香川県,1523.3,***
1979100000,1979年度,38000,愛媛県,1775.4,***
1979100000,1979年度,39000,高知県,1057.9,***
1979100000,1979年度,40000,福岡県,1617.4,***
1979100000,1979年度,41000,佐賀県,1183.4,***
1979100000,1979年度,42000,長崎県,1002.3,***
1979100000,1979年度,43000,熊本県,1077.9,***
1979100000,1979年度,44000,大分県,2440.2,***
1979100000,1979年度,45000,宮崎県,1130.2,***
1979100000,1979年度,46000,鹿児島県,1078.2,***
1979100000,1979年度,47000,沖縄県,1906.8,***
1978100000,1978年度,1000,北海道,1559.8,3303.2
1978100000,1978年度,2000,青森県,1103.3,2355.7
1978100000,1978年度,3000,岩手県,937.4,2341.2
1978100000,1978年度,4000,宮城県,1235.3,3929.2
1978100000,1978年度,5000,秋田県,788.8,2324.5
1978100000,1978年度,6000,山形県,789,2239
1978100000,1978年度,7000,福島県,922.3,2131.7
1978100000,1978年度,8000,茨城県,1757.4,2189.3
1978100000,1978年度,9000,栃木県,1468.7,2151.3
1978100000,1978年度,10000,群馬県,1269.6,2257.2
1978100000,1978年度,11000,埼玉県,1466.4,2099.5
1978100000,1978年度,12000,千葉県,2378.4,2126.8
1978100000,1978年度,13000,東京都,1325,6926
1978100000,1978年度,14000,神奈川県,2216.3,2474.6
1978100000,1978年度,15000,新潟県,975.9,2536.5
1978100000,1978年度,16000,富山県,1372,2743.3
1978100000,1978年度,17000,石川県,825.5,3039.5
1978100000,1978年度,18000,福井県,831.3,2459.4
1978100000,1978年度,19000,山梨県,941,1879.3
1978100000,1978年度,20000,長野県,1025.1,2242.7
1978100000,1978年度,21000,岐阜県,999,2104
1978100000,1978年度,22000,静岡県,1518.8,2560.8
1978100000,1978年度,23000,愛知県,1776.7,4938.3
1978100000,1978年度,24000,三重県,1637.7,1898.5
1978100000,1978年度,25000,滋賀県,1608.8,1837.5
1978100000,1978年度,26000,京都府,1193.2,2630.6
1978100000,1978年度,27000,大阪府,1586.6,5787
1978100000,1978年度,28000,兵庫県,1659.6,2606.6
1978100000,1978年度,29000,奈良県,1391.3,1612.3
1978100000,1978年度,30000,和歌山県,2068.5,1689.5
1978100000,1978年度,31000,鳥取県,874.1,2201.3
1978100000,1978年度,32000,島根県,782.6,1914.1
1978100000,1978年度,33000,岡山県,1963.7,2358.1
1978100000,1978年度,34000,広島県,1568.2,3364
1978100000,1978年度,35000,山口県,2277.7,2156.1
1978100000,1978年度,36000,徳島県,993.6,1764.6
1978100000,1978年度,37000,香川県,1334.7,3109.3
1978100000,1978年度,38000,愛媛県,1566.6,1821.7
1978100000,1978年度,39000,高知県,957.7,1771.1
1978100000,1978年度,40000,福岡県,1449.4,3368.8
1978100000,1978年度,41000,佐賀県,1073.3,1824.2
1978100000,1978年度,42000,長崎県,958.2,1793.7
1978100000,1978年度,43000,熊本県,985.2,2058.5
1978100000,1978年度,44000,大分県,2061.1,1930.1
1978100000,1978年度,45000,宮崎県,1064.8,1825.8
1978100000,1978年度,46000,鹿児島県,986.5,1953.4
1978100000,1978年度,47000,沖縄県,1699.3,1449
1977100000,1977年度,1000,北海道,1517.7,***
1977100000,1977年度,2000,青森県,1060.8,***
1977100000,1977年度,3000,岩手県,884.6,***
1977100000,1977年度,4000,宮城県,1179.3,***
1977100000,1977年度,5000,秋田県,784.3,***
1977100000,1977年度,6000,山形県,740.6,***
1977100000,1977年度,7000,福島県,880.6,***
1977100000,1977年度,8000,茨城県,1645.3,***
1977100000,1977年度,9000,栃木県,1369.7,***
1977100000,1977年度,10000,群馬県,1160.2,***
1977100000,1977年度,11000,埼玉県,1360.4,***
1977100000,1977年度,12000,千葉県,2406.7,***
1977100000,1977年度,13000,東京都,1235.9,***
1977100000,1977年度,14000,神奈川県,2116.6,***
1977100000,1977年度,15000,新潟県,940.1,***
1977100000,1977年度,16000,富山県,1295,***
1977100000,1977年度,17000,石川県,786.6,***
1977100000,1977年度,18000,福井県,797.7,***
1977100000,1977年度,19000,山梨県,872.4,***
1977100000,1977年度,20000,長野県,968.6,***
1977100000,1977年度,21000,岐阜県,931.5,***
1977100000,1977年度,22000,静岡県,1435.3,***
1977100000,1977年度,23000,愛知県,1664.7,***
1977100000,1977年度,24000,三重県,1598.3,***
1977100000,1977年度,25000,滋賀県,1420.5,***
1977100000,1977年度,26000,京都府,1113,***
1977100000,1977年度,27000,大阪府,1506.3,***
1977100000,1977年度,28000,兵庫県,1615,***
1977100000,1977年度,29000,奈良県,1292.2,***
1977100000,1977年度,30000,和歌山県,2274.3,***
1977100000,1977年度,31000,鳥取県,828.1,***
1977100000,1977年度,32000,島根県,727.7,***
1977100000,1977年度,33000,岡山県,1922.9,***
1977100000,1977年度,34000,広島県,1506,***
1977100000,1977年度,35000,山口県,2301.2,***
1977100000,1977年度,36000,徳島県,984.9,***
1977100000,1977年度,37000,香川県,1350.2,***
1977100000,1977年度,38000,愛媛県,1602.8,***
1977100000,1977年度,39000,高知県,950.1,***
1977100000,1977年度,40000,福岡県,1367.8,***
1977100000,1977年度,41000,佐賀県,1019,***
1977100000,1977年度,42000,長崎県,1022,***
1977100000,1977年度,43000,熊本県,949.4,***
1977100000,1977年度,44000,大分県,1952.4,***
1977100000,1977年度,45000,宮崎県,987.4,***
1977100000,1977年度,46000,鹿児島県,946.8,***
1977100000,1977年度,47000,沖縄県,1820.9,***
1976100000,1976年度,1000,北海道,1340,***
1976100000,1976年度,2000,青森県,919.4,***
1976100000,1976年度,3000,岩手県,811.1,***
1976100000,1976年度,4000,宮城県,1036.1,***
1976100000,1976年度,5000,秋田県,725.6,***
1976100000,1976年度,6000,山形県,657.9,***
1976100000,1976年度,7000,福島県,808.2,***
1976100000,1976年度,8000,茨城県,1504.9,***
1976100000,1976年度,9000,栃木県,1224.9,***
1976100000,1976年度,10000,群馬県,1033.7,***
1976100000,1976年度,11000,埼玉県,1208.4,***
1976100000,1976年度,12000,千葉県,2256.1,***
1976100000,1976年度,13000,東京都,1116.6,***
1976100000,1976年度,14000,神奈川県,1930.9,***
1976100000,1976年度,15000,新潟県,856.4,***
1976100000,1976年度,16000,富山県,1187.3,***
1976100000,1976年度,17000,石川県,718.4,***
1976100000,1976年度,18000,福井県,742.9,***
1976100000,1976年度,19000,山梨県,755.5,***
1976100000,1976年度,20000,長野県,845,***
1976100000,1976年度,21000,岐阜県,866.9,***
1976100000,1976年度,22000,静岡県,1248.4,***
1976100000,1976年度,23000,愛知県,1474.9,***
1976100000,1976年度,24000,三重県,1445.7,***
1976100000,1976年度,25000,滋賀県,1263.7,***
1976100000,1976年度,26000,京都府,1000.8,***
1976100000,1976年度,27000,大阪府,1376.4,***
1976100000,1976年度,28000,兵庫県,1468.5,***
1976100000,1976年度,29000,奈良県,1172.9,***
1976100000,1976年度,30000,和歌山県,2053.6,***
1976100000,1976年度,31000,鳥取県,746,***
1976100000,1976年度,32000,島根県,629.2,***
1976100000,1976年度,33000,岡山県,1784.9,***
1976100000,1976年度,34000,広島県,1368.5,***
1976100000,1976年度,35000,山口県,2061.6,***
1976100000,1976年度,36000,徳島県,891,***
1976100000,1976年度,37000,香川県,1238.7,***
1976100000,1976年度,38000,愛媛県,1494.9,***
1976100000,1976年度,39000,高知県,883.5,***
1976100000,1976年度,40000,福岡県,1185.8,***
1976100000,1976年度,41000,佐賀県,893.5,***
1976100000,1976年度,42000,長崎県,821.1,***
1976100000,1976年度,43000,熊本県,832.5,***
1976100000,1976年度,44000,大分県,1628.4,***
1976100000,1976年度,45000,宮崎県,886.8,***
1976100000,1976年度,46000,鹿児島県,850.2,***
1976100000,1976年度,47000,沖縄県,1756.3,***
1975100000,1975年度,1000,北海道,1187.6,2590.2
1975100000,1975年度,2000,青森県,814.9,1808.7
1975100000,1975年度,3000,岩手県,709.6,1896
1975100000,1975年度,4000,宮城県,938,3302.7
1975100000,1975年度,5000,秋田県,674.9,1904.4
1975100000,1975年度,6000,山形県,583.3,1709.5
1975100000,1975年度,7000,福島県,707,1750.6
1975100000,1975年度,8000,茨城県,1325.9,1501.5
1975100000,1975年度,9000,栃木県,1085,1717.3
1975100000,1975年度,10000,群馬県,921.3,1733.3
1975100000,1975年度,11000,埼玉県,1095,1648.4
1975100000,1975年度,12000,千葉県,2018.9,1737.4
1975100000,1975年度,13000,東京都,1071.2,6036
1975100000,1975年度,14000,神奈川県,1717.6,2049.9
1975100000,1975年度,15000,新潟県,808.3,2122.3
1975100000,1975年度,16000,富山県,1039,2153.9
1975100000,1975年度,17000,石川県,756.8,2489.7
1975100000,1975年度,18000,福井県,697.8,1986.9
1975100000,1975年度,19000,山梨県,769.1,1465.6
1975100000,1975年度,20000,長野県,743.4,1760.3
1975100000,1975年度,21000,岐阜県,834.2,1701.7
1975100000,1975年度,22000,静岡県,1157.2,2063.5
1975100000,1975年度,23000,愛知県,1333.7,4130.9
1975100000,1975年度,24000,三重県,1303,1545.6
1975100000,1975年度,25000,滋賀県,1072.2,1529.9
1975100000,1975年度,26000,京都府,1000.8,2286.5
1975100000,1975年度,27000,大阪府,1285.2,5027.2
1975100000,1975年度,28000,兵庫県,1360.2,2182.9
1975100000,1975年度,29000,奈良県,1110.7,1224.1
1975100000,1975年度,30000,和歌山県,2078.1,1338
1975100000,1975年度,31000,鳥取県,650.9,1725.2
1975100000,1975年度,32000,島根県,543.1,1489.4
1975100000,1975年度,33000,岡山県,1550.9,2018.8
1975100000,1975年度,34000,広島県,1268.9,2786.4
1975100000,1975年度,35000,山口県,1815.6,1833.4
1975100000,1975年度,36000,徳島県,812.6,1325.9
1975100000,1975年度,37000,香川県,1062.3,2640.4
1975100000,1975年度,38000,愛媛県,1329.4,1515.1
1975100000,1975年度,39000,高知県,806.8,1313.5
1975100000,1975年度,40000,福岡県,1086.6,3032.5
1975100000,1975年度,41000,佐賀県,758,1375.2
1975100000,1975年度,42000,長崎県,859.4,1420.3
1975100000,1975年度,43000,熊本県,701.8,1505.8
1975100000,1975年度,44000,大分県,1377.7,1373.8
1975100000,1975年度,45000,宮崎県,793.6,1397
1975100000,1975年度,46000,鹿児島県,803.5,1551.8
1975100000,1975年度,47000,沖縄県,1540.7,1313.5
