調査年 コード,調査年,地域 コード,地域,#E09211_小学校長期欠席児童比率（年度間30日以上）（児童千人当たり）【‐】,#L02418_教育費割合（二人以上の世帯）【％】
2022100000,2022年度,1000,北海道,***,3.4
2022100000,2022年度,2000,青森県,***,2.2
2022100000,2022年度,3000,岩手県,***,2.7
2022100000,2022年度,4000,宮城県,***,2
2022100000,2022年度,5000,秋田県,***,3.1
2022100000,2022年度,6000,山形県,***,2.8
2022100000,2022年度,7000,福島県,***,3.7
2022100000,2022年度,8000,茨城県,***,3.1
2022100000,2022年度,9000,栃木県,***,5
2022100000,2022年度,10000,群馬県,***,3.4
2022100000,2022年度,11000,埼玉県,***,8.6
2022100000,2022年度,12000,千葉県,***,3.6
2022100000,2022年度,13000,東京都,***,6
2022100000,2022年度,14000,神奈川県,***,7
2022100000,2022年度,15000,新潟県,***,3.4
2022100000,2022年度,16000,富山県,***,3
2022100000,2022年度,17000,石川県,***,3.8
2022100000,2022年度,18000,福井県,***,2.8
2022100000,2022年度,19000,山梨県,***,2.2
2022100000,2022年度,20000,長野県,***,2.5
2022100000,2022年度,21000,岐阜県,***,5
2022100000,2022年度,22000,静岡県,***,4.3
2022100000,2022年度,23000,愛知県,***,3.8
2022100000,2022年度,24000,三重県,***,2.8
2022100000,2022年度,25000,滋賀県,***,6.2
2022100000,2022年度,26000,京都府,***,4
2022100000,2022年度,27000,大阪府,***,2.6
2022100000,2022年度,28000,兵庫県,***,3.9
2022100000,2022年度,29000,奈良県,***,3.4
2022100000,2022年度,30000,和歌山県,***,4.5
2022100000,2022年度,31000,鳥取県,***,2.5
2022100000,2022年度,32000,島根県,***,2.1
2022100000,2022年度,33000,岡山県,***,4.2
2022100000,2022年度,34000,広島県,***,4.4
2022100000,2022年度,35000,山口県,***,2.9
2022100000,2022年度,36000,徳島県,***,3.4
2022100000,2022年度,37000,香川県,***,2.4
2022100000,2022年度,38000,愛媛県,***,2.8
2022100000,2022年度,39000,高知県,***,3.3
2022100000,2022年度,40000,福岡県,***,4
2022100000,2022年度,41000,佐賀県,***,3.1
2022100000,2022年度,42000,長崎県,***,3.2
2022100000,2022年度,43000,熊本県,***,3.6
2022100000,2022年度,44000,大分県,***,3.5
2022100000,2022年度,45000,宮崎県,***,2.8
2022100000,2022年度,46000,鹿児島県,***,4
2022100000,2022年度,47000,沖縄県,***,3.6
2021100000,2021年度,1000,北海道,30.16,3.7
2021100000,2021年度,2000,青森県,15.02,2.2
2021100000,2021年度,3000,岩手県,12.77,3.5
2021100000,2021年度,4000,宮城県,27,3.6
2021100000,2021年度,5000,秋田県,15.77,2.1
2021100000,2021年度,6000,山形県,11.13,3.1
2021100000,2021年度,7000,福島県,17.24,3.3
2021100000,2021年度,8000,茨城県,34.08,2.6
2021100000,2021年度,9000,栃木県,23.6,3.3
2021100000,2021年度,10000,群馬県,24.46,3.3
2021100000,2021年度,11000,埼玉県,36.3,4.7
2021100000,2021年度,12000,千葉県,27.92,4.9
2021100000,2021年度,13000,東京都,36.31,6.1
2021100000,2021年度,14000,神奈川県,34.59,6.8
2021100000,2021年度,15000,新潟県,14.43,4
2021100000,2021年度,16000,富山県,20.62,3.9
2021100000,2021年度,17000,石川県,20.65,4.8
2021100000,2021年度,18000,福井県,15.09,3.9
2021100000,2021年度,19000,山梨県,25.93,3.9
2021100000,2021年度,20000,長野県,31.61,2.8
2021100000,2021年度,21000,岐阜県,34.4,3.8
2021100000,2021年度,22000,静岡県,23.02,4.8
2021100000,2021年度,23000,愛知県,23.82,4
2021100000,2021年度,24000,三重県,25.79,4.3
2021100000,2021年度,25000,滋賀県,30.24,3.9
2021100000,2021年度,26000,京都府,26.64,5.8
2021100000,2021年度,27000,大阪府,41.08,4.2
2021100000,2021年度,28000,兵庫県,27.94,5.8
2021100000,2021年度,29000,奈良県,35.99,3.1
2021100000,2021年度,30000,和歌山県,20.72,3.6
2021100000,2021年度,31000,鳥取県,22.16,3.1
2021100000,2021年度,32000,島根県,22.07,2.5
2021100000,2021年度,33000,岡山県,30.74,5
2021100000,2021年度,34000,広島県,29.21,4.1
2021100000,2021年度,35000,山口県,20.71,3.3
2021100000,2021年度,36000,徳島県,15.51,3.1
2021100000,2021年度,37000,香川県,20.94,3
2021100000,2021年度,38000,愛媛県,19.64,5.1
2021100000,2021年度,39000,高知県,25.91,3.5
2021100000,2021年度,40000,福岡県,30.71,5.9
2021100000,2021年度,41000,佐賀県,18.88,2.3
2021100000,2021年度,42000,長崎県,17.65,2.1
2021100000,2021年度,43000,熊本県,24.25,3.4
2021100000,2021年度,44000,大分県,21.11,2.5
2021100000,2021年度,45000,宮崎県,16.5,2.9
2021100000,2021年度,46000,鹿児島県,20.33,2.4
2021100000,2021年度,47000,沖縄県,46.47,2.7
2020100000,2020年度,1000,北海道,20.31,3.1
2020100000,2020年度,2000,青森県,9.82,1.5
2020100000,2020年度,3000,岩手県,9.19,2.4
2020100000,2020年度,4000,宮城県,18.09,2.6
2020100000,2020年度,5000,秋田県,10.38,1.7
2020100000,2020年度,6000,山形県,9.26,2.9
2020100000,2020年度,7000,福島県,12.97,1.5
2020100000,2020年度,8000,茨城県,19.1,2.4
2020100000,2020年度,9000,栃木県,17,3.5
2020100000,2020年度,10000,群馬県,13.94,3
2020100000,2020年度,11000,埼玉県,15.9,7.1
2020100000,2020年度,12000,千葉県,16.69,6.3
2020100000,2020年度,13000,東京都,21.57,5.9
2020100000,2020年度,14000,神奈川県,20.89,5.3
2020100000,2020年度,15000,新潟県,11.27,3.8
2020100000,2020年度,16000,富山県,15.53,2.9
2020100000,2020年度,17000,石川県,13,4.7
2020100000,2020年度,18000,福井県,8.91,3.6
2020100000,2020年度,19000,山梨県,17.83,3.8
2020100000,2020年度,20000,長野県,20.77,2.7
2020100000,2020年度,21000,岐阜県,18.94,3.8
2020100000,2020年度,22000,静岡県,15.37,2.7
2020100000,2020年度,23000,愛知県,16.71,5.2
2020100000,2020年度,24000,三重県,17.3,3.3
2020100000,2020年度,25000,滋賀県,19.75,4
2020100000,2020年度,26000,京都府,19.69,4.9
2020100000,2020年度,27000,大阪府,22.5,4.3
2020100000,2020年度,28000,兵庫県,16.28,4.7
2020100000,2020年度,29000,奈良県,20.54,5.6
2020100000,2020年度,30000,和歌山県,14.7,3.6
2020100000,2020年度,31000,鳥取県,18.49,1.9
2020100000,2020年度,32000,島根県,17.04,2.8
2020100000,2020年度,33000,岡山県,22.18,4.5
2020100000,2020年度,34000,広島県,17.49,3.6
2020100000,2020年度,35000,山口県,15.49,2.8
2020100000,2020年度,36000,徳島県,12.6,3.5
2020100000,2020年度,37000,香川県,12.68,2.8
2020100000,2020年度,38000,愛媛県,15.68,4.9
2020100000,2020年度,39000,高知県,19.58,3.5
2020100000,2020年度,40000,福岡県,22.48,3.7
2020100000,2020年度,41000,佐賀県,12.67,2.7
2020100000,2020年度,42000,長崎県,11.27,1.9
2020100000,2020年度,43000,熊本県,14.71,3.7
2020100000,2020年度,44000,大分県,15.65,2.5
2020100000,2020年度,45000,宮崎県,11.71,4.6
2020100000,2020年度,46000,鹿児島県,14.95,3.3
2020100000,2020年度,47000,沖縄県,30.33,3.2
2019100000,2019年度,1000,北海道,12.72,3
2019100000,2019年度,2000,青森県,9.05,2.1
2019100000,2019年度,3000,岩手県,7.32,3.6
2019100000,2019年度,4000,宮城県,15.71,3.7
2019100000,2019年度,5000,秋田県,8.94,3.5
2019100000,2019年度,6000,山形県,7.21,4
2019100000,2019年度,7000,福島県,10.74,3
2019100000,2019年度,8000,茨城県,15.49,4.8
2019100000,2019年度,9000,栃木県,13.43,3.6
2019100000,2019年度,10000,群馬県,10.6,2.4
2019100000,2019年度,11000,埼玉県,12.62,6
2019100000,2019年度,12000,千葉県,15.17,4.8
2019100000,2019年度,13000,東京都,14.88,6
2019100000,2019年度,14000,神奈川県,15.7,4.7
2019100000,2019年度,15000,新潟県,8.35,3.8
2019100000,2019年度,16000,富山県,12,2.7
2019100000,2019年度,17000,石川県,11,5
2019100000,2019年度,18000,福井県,8.6,3.9
2019100000,2019年度,19000,山梨県,16.04,2.2
2019100000,2019年度,20000,長野県,17.05,2.1
2019100000,2019年度,21000,岐阜県,14.28,5.1
2019100000,2019年度,22000,静岡県,14.31,3.2
2019100000,2019年度,23000,愛知県,12.92,4.1
2019100000,2019年度,24000,三重県,12.44,3.4
2019100000,2019年度,25000,滋賀県,15.75,4.5
2019100000,2019年度,26000,京都府,14.94,5.5
2019100000,2019年度,27000,大阪府,17.78,3.7
2019100000,2019年度,28000,兵庫県,13.95,4.5
2019100000,2019年度,29000,奈良県,18.52,5.3
2019100000,2019年度,30000,和歌山県,12.57,3.7
2019100000,2019年度,31000,鳥取県,16.56,2.7
2019100000,2019年度,32000,島根県,16.94,2.2
2019100000,2019年度,33000,岡山県,18.68,3.9
2019100000,2019年度,34000,広島県,14,5
2019100000,2019年度,35000,山口県,12.04,3.4
2019100000,2019年度,36000,徳島県,11.32,3.6
2019100000,2019年度,37000,香川県,12.11,3.1
2019100000,2019年度,38000,愛媛県,12.84,3.5
2019100000,2019年度,39000,高知県,16.47,3.5
2019100000,2019年度,40000,福岡県,17.5,4.9
2019100000,2019年度,41000,佐賀県,10.25,3.9
2019100000,2019年度,42000,長崎県,8.77,2.2
2019100000,2019年度,43000,熊本県,12,5.4
2019100000,2019年度,44000,大分県,13.44,2.6
2019100000,2019年度,45000,宮崎県,7.65,2.2
2019100000,2019年度,46000,鹿児島県,10.11,2.9
2019100000,2019年度,47000,沖縄県,22.29,2.8
2018100000,2018年度,1000,北海道,11.14,3.9
2018100000,2018年度,2000,青森県,7.84,1.9
2018100000,2018年度,3000,岩手県,6.62,2.8
2018100000,2018年度,4000,宮城県,14.54,4.6
2018100000,2018年度,5000,秋田県,8.06,2.8
2018100000,2018年度,6000,山形県,6.23,3.6
2018100000,2018年度,7000,福島県,8.88,4.5
2018100000,2018年度,8000,茨城県,12.71,2.6
2018100000,2018年度,9000,栃木県,12.32,3.7
2018100000,2018年度,10000,群馬県,9.36,2.2
2018100000,2018年度,11000,埼玉県,11.69,7
2018100000,2018年度,12000,千葉県,14.77,6.6
2018100000,2018年度,13000,東京都,13.15,6.8
2018100000,2018年度,14000,神奈川県,14.8,4.7
2018100000,2018年度,15000,新潟県,7.92,3
2018100000,2018年度,16000,富山県,10.18,4.1
2018100000,2018年度,17000,石川県,8.77,5.8
2018100000,2018年度,18000,福井県,7.87,3.3
2018100000,2018年度,19000,山梨県,15.57,3.6
2018100000,2018年度,20000,長野県,15.23,2.4
2018100000,2018年度,21000,岐阜県,13.59,4.9
2018100000,2018年度,22000,静岡県,13.26,4
2018100000,2018年度,23000,愛知県,12.53,3.8
2018100000,2018年度,24000,三重県,11.36,2.7
2018100000,2018年度,25000,滋賀県,14.33,4.4
2018100000,2018年度,26000,京都府,13.74,2.7
2018100000,2018年度,27000,大阪府,17.96,4.5
2018100000,2018年度,28000,兵庫県,12.43,3.5
2018100000,2018年度,29000,奈良県,18.71,4.5
2018100000,2018年度,30000,和歌山県,11.91,1.6
2018100000,2018年度,31000,鳥取県,15.1,3.1
2018100000,2018年度,32000,島根県,13.42,3.9
2018100000,2018年度,33000,岡山県,18.67,5.4
2018100000,2018年度,34000,広島県,13.25,3.4
2018100000,2018年度,35000,山口県,11.41,3.4
2018100000,2018年度,36000,徳島県,9.26,3.4
2018100000,2018年度,37000,香川県,11.31,4.5
2018100000,2018年度,38000,愛媛県,10.25,3.8
2018100000,2018年度,39000,高知県,15.61,5.2
2018100000,2018年度,40000,福岡県,16.34,4.3
2018100000,2018年度,41000,佐賀県,9.49,3.3
2018100000,2018年度,42000,長崎県,8.46,1.8
2018100000,2018年度,43000,熊本県,9.77,3.9
2018100000,2018年度,44000,大分県,11.4,3
2018100000,2018年度,45000,宮崎県,5.68,2.8
2018100000,2018年度,46000,鹿児島県,10.47,3.6
2018100000,2018年度,47000,沖縄県,20.2,3.5
2017100000,2017年度,1000,北海道,8.67,3.4
2017100000,2017年度,2000,青森県,6.08,2.4
2017100000,2017年度,3000,岩手県,4.86,3.7
2017100000,2017年度,4000,宮城県,12.5,4.1
2017100000,2017年度,5000,秋田県,6.53,2.4
2017100000,2017年度,6000,山形県,5.66,2.9
2017100000,2017年度,7000,福島県,7.18,3
2017100000,2017年度,8000,茨城県,10.59,3.8
2017100000,2017年度,9000,栃木県,10.42,3.5
2017100000,2017年度,10000,群馬県,7.81,2.4
2017100000,2017年度,11000,埼玉県,9.69,6
2017100000,2017年度,12000,千葉県,12.92,4.6
2017100000,2017年度,13000,東京都,11.6,6.1
2017100000,2017年度,14000,神奈川県,12.58,5
2017100000,2017年度,15000,新潟県,6.73,3.7
2017100000,2017年度,16000,富山県,9.78,2.7
2017100000,2017年度,17000,石川県,8.4,5.4
2017100000,2017年度,18000,福井県,6.35,2.9
2017100000,2017年度,19000,山梨県,13.32,3.2
2017100000,2017年度,20000,長野県,12.6,2
2017100000,2017年度,21000,岐阜県,11.09,5.9
2017100000,2017年度,22000,静岡県,11.33,3.8
2017100000,2017年度,23000,愛知県,10.64,3.5
2017100000,2017年度,24000,三重県,10.23,5.9
2017100000,2017年度,25000,滋賀県,12.18,4
2017100000,2017年度,26000,京都府,12.44,3.6
2017100000,2017年度,27000,大阪府,16.28,3.8
2017100000,2017年度,28000,兵庫県,11.38,1.8
2017100000,2017年度,29000,奈良県,14.72,7.3
2017100000,2017年度,30000,和歌山県,10.59,2.3
2017100000,2017年度,31000,鳥取県,11.35,2.1
2017100000,2017年度,32000,島根県,11.86,2.4
2017100000,2017年度,33000,岡山県,16.11,4.3
2017100000,2017年度,34000,広島県,11.91,4.8
2017100000,2017年度,35000,山口県,10.25,2.8
2017100000,2017年度,36000,徳島県,8.55,4.6
2017100000,2017年度,37000,香川県,9.56,2.6
2017100000,2017年度,38000,愛媛県,8.8,5.1
2017100000,2017年度,39000,高知県,12.79,4.2
2017100000,2017年度,40000,福岡県,14.16,3.5
2017100000,2017年度,41000,佐賀県,7.9,3.4
2017100000,2017年度,42000,長崎県,7.35,2.5
2017100000,2017年度,43000,熊本県,7.17,4.5
2017100000,2017年度,44000,大分県,9.93,2.7
2017100000,2017年度,45000,宮崎県,5.22,2.9
2017100000,2017年度,46000,鹿児島県,8.36,2.4
2017100000,2017年度,47000,沖縄県,17.7,3.9
2016100000,2016年度,1000,北海道,8.62,3.7
2016100000,2016年度,2000,青森県,5.36,2.4
2016100000,2016年度,3000,岩手県,4.17,2.6
2016100000,2016年度,4000,宮城県,10.46,3.3
2016100000,2016年度,5000,秋田県,5.7,3.3
2016100000,2016年度,6000,山形県,4.79,3.2
2016100000,2016年度,7000,福島県,6.78,2.9
2016100000,2016年度,8000,茨城県,10.32,3.3
2016100000,2016年度,9000,栃木県,9.09,4.5
2016100000,2016年度,10000,群馬県,6.74,3.3
2016100000,2016年度,11000,埼玉県,8.9,6.1
2016100000,2016年度,12000,千葉県,12.52,4.6
2016100000,2016年度,13000,東京都,10.96,5.9
2016100000,2016年度,14000,神奈川県,11.84,4.8
2016100000,2016年度,15000,新潟県,5.89,3.9
2016100000,2016年度,16000,富山県,7.7,3.7
2016100000,2016年度,17000,石川県,6.58,4.4
2016100000,2016年度,18000,福井県,6.42,4
2016100000,2016年度,19000,山梨県,12.77,2.6
2016100000,2016年度,20000,長野県,11.81,3.2
2016100000,2016年度,21000,岐阜県,10.53,3.6
2016100000,2016年度,22000,静岡県,10.03,4.5
2016100000,2016年度,23000,愛知県,9.54,4.7
2016100000,2016年度,24000,三重県,10.12,3.5
2016100000,2016年度,25000,滋賀県,12.07,4.6
2016100000,2016年度,26000,京都府,11.1,5.5
2016100000,2016年度,27000,大阪府,14.5,4.3
2016100000,2016年度,28000,兵庫県,10.56,3.9
2016100000,2016年度,29000,奈良県,13.86,4.2
2016100000,2016年度,30000,和歌山県,11.23,2.9
2016100000,2016年度,31000,鳥取県,10.47,3.2
2016100000,2016年度,32000,島根県,10.1,2.9
2016100000,2016年度,33000,岡山県,16.14,4.5
2016100000,2016年度,34000,広島県,10.26,4
2016100000,2016年度,35000,山口県,8.87,4.3
2016100000,2016年度,36000,徳島県,8.62,4
2016100000,2016年度,37000,香川県,8.6,2.9
2016100000,2016年度,38000,愛媛県,8.16,4.4
2016100000,2016年度,39000,高知県,12.3,3.7
2016100000,2016年度,40000,福岡県,12.97,5.7
2016100000,2016年度,41000,佐賀県,7.76,2.6
2016100000,2016年度,42000,長崎県,6.27,2.5
2016100000,2016年度,43000,熊本県,6.08,2.8
2016100000,2016年度,44000,大分県,7.93,2.9
2016100000,2016年度,45000,宮崎県,5.44,3.9
2016100000,2016年度,46000,鹿児島県,6.89,3.1
2016100000,2016年度,47000,沖縄県,16.57,3.6
2015100000,2015年度,1000,北海道,9.05,3.4
2015100000,2015年度,2000,青森県,4.74,3
2015100000,2015年度,3000,岩手県,4.44,3.2
2015100000,2015年度,4000,宮城県,8.66,3.4
2015100000,2015年度,5000,秋田県,5.32,1.9
2015100000,2015年度,6000,山形県,3.75,4
2015100000,2015年度,7000,福島県,7.24,2
2015100000,2015年度,8000,茨城県,9.86,4
2015100000,2015年度,9000,栃木県,9.05,4.9
2015100000,2015年度,10000,群馬県,6.58,2.8
2015100000,2015年度,11000,埼玉県,8.02,3.9
2015100000,2015年度,12000,千葉県,12.05,3.5
2015100000,2015年度,13000,東京都,11.11,5.9
2015100000,2015年度,14000,神奈川県,11.15,5.8
2015100000,2015年度,15000,新潟県,6.02,2.7
2015100000,2015年度,16000,富山県,7.47,3.3
2015100000,2015年度,17000,石川県,6.86,2.8
2015100000,2015年度,18000,福井県,5.52,2.7
2015100000,2015年度,19000,山梨県,10.01,3.9
2015100000,2015年度,20000,長野県,10.64,3.1
2015100000,2015年度,21000,岐阜県,9.73,5.2
2015100000,2015年度,22000,静岡県,8.52,3.8
2015100000,2015年度,23000,愛知県,8.74,4.3
2015100000,2015年度,24000,三重県,8.81,3.1
2015100000,2015年度,25000,滋賀県,11.22,4.4
2015100000,2015年度,26000,京都府,10.35,5.1
2015100000,2015年度,27000,大阪府,13.72,3.5
2015100000,2015年度,28000,兵庫県,9.83,3.4
2015100000,2015年度,29000,奈良県,11.97,3.4
2015100000,2015年度,30000,和歌山県,10.46,3.3
2015100000,2015年度,31000,鳥取県,9.76,2.8
2015100000,2015年度,32000,島根県,8.27,3
2015100000,2015年度,33000,岡山県,14.65,4.1
2015100000,2015年度,34000,広島県,9.27,2.8
2015100000,2015年度,35000,山口県,7.74,3.8
2015100000,2015年度,36000,徳島県,8.46,3.6
2015100000,2015年度,37000,香川県,7.75,3.1
2015100000,2015年度,38000,愛媛県,7.83,4.6
2015100000,2015年度,39000,高知県,12.27,2.9
2015100000,2015年度,40000,福岡県,10.42,6.7
2015100000,2015年度,41000,佐賀県,8.33,3.4
2015100000,2015年度,42000,長崎県,5.27,2.7
2015100000,2015年度,43000,熊本県,4.72,4.4
2015100000,2015年度,44000,大分県,8.58,2.7
2015100000,2015年度,45000,宮崎県,4.98,3.7
2015100000,2015年度,46000,鹿児島県,7.47,2.6
2015100000,2015年度,47000,沖縄県,14.55,3.6
2014100000,2014年度,1000,北海道,9.01,3.2
2014100000,2014年度,2000,青森県,4.55,2
2014100000,2014年度,3000,岩手県,3.72,2.6
2014100000,2014年度,4000,宮城県,9,3.3
2014100000,2014年度,5000,秋田県,5.47,2.3
2014100000,2014年度,6000,山形県,4.41,3.3
2014100000,2014年度,7000,福島県,7.26,3.8
2014100000,2014年度,8000,茨城県,8.86,4.6
2014100000,2014年度,9000,栃木県,7.9,3.8
2014100000,2014年度,10000,群馬県,6.32,3
2014100000,2014年度,11000,埼玉県,6.92,6.6
2014100000,2014年度,12000,千葉県,10.39,4.1
2014100000,2014年度,13000,東京都,8.24,4.3
2014100000,2014年度,14000,神奈川県,10.32,4.5
2014100000,2014年度,15000,新潟県,5.03,2.3
2014100000,2014年度,16000,富山県,6.77,3.3
2014100000,2014年度,17000,石川県,6.15,4.5
2014100000,2014年度,18000,福井県,5.76,2.4
2014100000,2014年度,19000,山梨県,8.13,3.8
2014100000,2014年度,20000,長野県,10.52,4.2
2014100000,2014年度,21000,岐阜県,8.45,4
2014100000,2014年度,22000,静岡県,7.27,4.6
2014100000,2014年度,23000,愛知県,8.19,3.9
2014100000,2014年度,24000,三重県,8.73,2.4
2014100000,2014年度,25000,滋賀県,11.37,6.6
2014100000,2014年度,26000,京都府,8.99,5.7
2014100000,2014年度,27000,大阪府,12.73,5.6
2014100000,2014年度,28000,兵庫県,9.37,4.8
2014100000,2014年度,29000,奈良県,11.17,4
2014100000,2014年度,30000,和歌山県,9.89,5.1
2014100000,2014年度,31000,鳥取県,8.39,2.5
2014100000,2014年度,32000,島根県,8.06,2.8
2014100000,2014年度,33000,岡山県,13.4,4.4
2014100000,2014年度,34000,広島県,8.81,4.6
2014100000,2014年度,35000,山口県,6.93,3.4
2014100000,2014年度,36000,徳島県,8.23,4.5
2014100000,2014年度,37000,香川県,7.32,3.2
2014100000,2014年度,38000,愛媛県,7.33,4.3
2014100000,2014年度,39000,高知県,11.1,3.3
2014100000,2014年度,40000,福岡県,10.47,5.8
2014100000,2014年度,41000,佐賀県,7.74,4
2014100000,2014年度,42000,長崎県,5.34,1.9
2014100000,2014年度,43000,熊本県,4.23,4
2014100000,2014年度,44000,大分県,8.22,3.1
2014100000,2014年度,45000,宮崎県,4.84,2.4
2014100000,2014年度,46000,鹿児島県,6.5,6.2
2014100000,2014年度,47000,沖縄県,13.82,4
2013100000,2013年度,1000,北海道,8.72,2.9
2013100000,2013年度,2000,青森県,4.05,5
2013100000,2013年度,3000,岩手県,4.03,2.8
2013100000,2013年度,4000,宮城県,9.02,3.5
2013100000,2013年度,5000,秋田県,4.64,3.6
2013100000,2013年度,6000,山形県,4.21,4.3
2013100000,2013年度,7000,福島県,6.94,2.5
2013100000,2013年度,8000,茨城県,8.65,3.6
2013100000,2013年度,9000,栃木県,7.79,3.8
2013100000,2013年度,10000,群馬県,6.04,3
2013100000,2013年度,11000,埼玉県,6.91,4.5
2013100000,2013年度,12000,千葉県,9.86,3.2
2013100000,2013年度,13000,東京都,7.61,5.2
2013100000,2013年度,14000,神奈川県,9.7,5.2
2013100000,2013年度,15000,新潟県,4.81,4
2013100000,2013年度,16000,富山県,6,3.1
2013100000,2013年度,17000,石川県,5.5,3.6
2013100000,2013年度,18000,福井県,6.12,3.7
2013100000,2013年度,19000,山梨県,8.39,3.8
2013100000,2013年度,20000,長野県,9.72,2.4
2013100000,2013年度,21000,岐阜県,7.85,4.6
2013100000,2013年度,22000,静岡県,7.15,3.2
2013100000,2013年度,23000,愛知県,7.54,4.5
2013100000,2013年度,24000,三重県,8.51,2.7
2013100000,2013年度,25000,滋賀県,10.89,5.2
2013100000,2013年度,26000,京都府,8.07,4.4
2013100000,2013年度,27000,大阪府,12.11,4.2
2013100000,2013年度,28000,兵庫県,8.95,4.2
2013100000,2013年度,29000,奈良県,10.24,6.1
2013100000,2013年度,30000,和歌山県,9.44,4.1
2013100000,2013年度,31000,鳥取県,7.65,2.4
2013100000,2013年度,32000,島根県,7.08,3
2013100000,2013年度,33000,岡山県,12.8,3.4
2013100000,2013年度,34000,広島県,8.66,3
2013100000,2013年度,35000,山口県,6.71,3.5
2013100000,2013年度,36000,徳島県,6.89,4
2013100000,2013年度,37000,香川県,6.69,3.1
2013100000,2013年度,38000,愛媛県,6.97,4.9
2013100000,2013年度,39000,高知県,10.62,3.3
2013100000,2013年度,40000,福岡県,9.62,4.1
2013100000,2013年度,41000,佐賀県,7.4,3.8
2013100000,2013年度,42000,長崎県,5.13,3
2013100000,2013年度,43000,熊本県,3.9,3.8
2013100000,2013年度,44000,大分県,6.65,2.5
2013100000,2013年度,45000,宮崎県,5.16,2.9
2013100000,2013年度,46000,鹿児島県,5.82,6
2013100000,2013年度,47000,沖縄県,14.03,4.1
2012100000,2012年度,1000,北海道,7.92,3.6
2012100000,2012年度,2000,青森県,4.14,3.5
2012100000,2012年度,3000,岩手県,3.44,2.1
2012100000,2012年度,4000,宮城県,9.26,4.8
2012100000,2012年度,5000,秋田県,5.09,3.2
2012100000,2012年度,6000,山形県,4.07,3.8
2012100000,2012年度,7000,福島県,7.66,2.9
2012100000,2012年度,8000,茨城県,9.13,4.4
2012100000,2012年度,9000,栃木県,7.64,3.8
2012100000,2012年度,10000,群馬県,6.4,3.3
2012100000,2012年度,11000,埼玉県,6.63,8
2012100000,2012年度,12000,千葉県,9.3,4.1
2012100000,2012年度,13000,東京都,7.56,5.9
2012100000,2012年度,14000,神奈川県,9.34,4.6
2012100000,2012年度,15000,新潟県,4.75,4
2012100000,2012年度,16000,富山県,6.78,2.6
2012100000,2012年度,17000,石川県,4.76,5.6
2012100000,2012年度,18000,福井県,5.42,3.6
2012100000,2012年度,19000,山梨県,8.76,3.4
2012100000,2012年度,20000,長野県,9.19,3.4
2012100000,2012年度,21000,岐阜県,7.14,4.3
2012100000,2012年度,22000,静岡県,6.61,3.6
2012100000,2012年度,23000,愛知県,7.54,4.7
2012100000,2012年度,24000,三重県,7.72,3.4
2012100000,2012年度,25000,滋賀県,10.29,3.3
2012100000,2012年度,26000,京都府,7.47,3.3
2012100000,2012年度,27000,大阪府,11.51,6.3
2012100000,2012年度,28000,兵庫県,8.49,3.7
2012100000,2012年度,29000,奈良県,8.99,5.3
2012100000,2012年度,30000,和歌山県,9.53,3.8
2012100000,2012年度,31000,鳥取県,8.03,2.9
2012100000,2012年度,32000,島根県,6.93,1.7
2012100000,2012年度,33000,岡山県,11.74,3.8
2012100000,2012年度,34000,広島県,7.67,3.8
2012100000,2012年度,35000,山口県,6.54,2.5
2012100000,2012年度,36000,徳島県,7.54,4.6
2012100000,2012年度,37000,香川県,6.89,4.3
2012100000,2012年度,38000,愛媛県,7.37,4.4
2012100000,2012年度,39000,高知県,9.79,4.2
2012100000,2012年度,40000,福岡県,8.88,3.9
2012100000,2012年度,41000,佐賀県,7.17,4.8
2012100000,2012年度,42000,長崎県,4.9,2.7
2012100000,2012年度,43000,熊本県,3.48,3.4
2012100000,2012年度,44000,大分県,6.75,2.6
2012100000,2012年度,45000,宮崎県,4.95,3.7
2012100000,2012年度,46000,鹿児島県,5.71,5.6
2012100000,2012年度,47000,沖縄県,12.15,3.4
2011100000,2011年度,1000,北海道,7.69,3.9
2011100000,2011年度,2000,青森県,4.25,4.1
2011100000,2011年度,3000,岩手県,3.63,3.3
2011100000,2011年度,4000,宮城県,8.41,2.9
2011100000,2011年度,5000,秋田県,5.36,4
2011100000,2011年度,6000,山形県,4.11,4.5
2011100000,2011年度,7000,福島県,7.94,1.9
2011100000,2011年度,8000,茨城県,8.44,4.1
2011100000,2011年度,9000,栃木県,7.91,3.6
2011100000,2011年度,10000,群馬県,6.43,3
2011100000,2011年度,11000,埼玉県,6.07,4.5
2011100000,2011年度,12000,千葉県,9.85,3.9
2011100000,2011年度,13000,東京都,7.09,6.4
2011100000,2011年度,14000,神奈川県,9.8,5.5
2011100000,2011年度,15000,新潟県,5.14,4.1
2011100000,2011年度,16000,富山県,6.48,3
2011100000,2011年度,17000,石川県,4.48,5.2
2011100000,2011年度,18000,福井県,6.02,4.2
2011100000,2011年度,19000,山梨県,8.77,3.8
2011100000,2011年度,20000,長野県,9.79,3.2
2011100000,2011年度,21000,岐阜県,6.79,4.6
2011100000,2011年度,22000,静岡県,6.68,4
2011100000,2011年度,23000,愛知県,7.21,4.2
2011100000,2011年度,24000,三重県,7.02,4.6
2011100000,2011年度,25000,滋賀県,10.12,4.2
2011100000,2011年度,26000,京都府,7.31,4.3
2011100000,2011年度,27000,大阪府,11.57,5.3
2011100000,2011年度,28000,兵庫県,8.15,4.1
2011100000,2011年度,29000,奈良県,8.28,5.6
2011100000,2011年度,30000,和歌山県,9.4,4.2
2011100000,2011年度,31000,鳥取県,7.36,2.6
2011100000,2011年度,32000,島根県,7.23,1.8
2011100000,2011年度,33000,岡山県,12.25,4.3
2011100000,2011年度,34000,広島県,7.92,4.1
2011100000,2011年度,35000,山口県,6.45,3.4
2011100000,2011年度,36000,徳島県,7.41,3
2011100000,2011年度,37000,香川県,6.23,2.7
2011100000,2011年度,38000,愛媛県,7.37,4.3
2011100000,2011年度,39000,高知県,9.58,3.4
2011100000,2011年度,40000,福岡県,9.44,5
2011100000,2011年度,41000,佐賀県,7.25,3.5
2011100000,2011年度,42000,長崎県,5.35,2.8
2011100000,2011年度,43000,熊本県,2.98,3.7
2011100000,2011年度,44000,大分県,7.07,2.9
2011100000,2011年度,45000,宮崎県,5.01,3.9
2011100000,2011年度,46000,鹿児島県,4.74,4.3
2011100000,2011年度,47000,沖縄県,11.22,3.4
2010100000,2010年度,1000,北海道,7.55,4.4
2010100000,2010年度,2000,青森県,4.37,3.3
2010100000,2010年度,3000,岩手県,3.77,4.3
2010100000,2010年度,4000,宮城県,6.96,5.1
2010100000,2010年度,5000,秋田県,5.5,3.1
2010100000,2010年度,6000,山形県,3.84,5
2010100000,2010年度,7000,福島県,5.61,2.5
2010100000,2010年度,8000,茨城県,8.32,4.5
2010100000,2010年度,9000,栃木県,7.49,3.4
2010100000,2010年度,10000,群馬県,5.67,3.5
2010100000,2010年度,11000,埼玉県,5.79,4.7
2010100000,2010年度,12000,千葉県,9.44,5.4
2010100000,2010年度,13000,東京都,6.66,6.2
2010100000,2010年度,14000,神奈川県,9.3,4.4
2010100000,2010年度,15000,新潟県,5.38,5.1
2010100000,2010年度,16000,富山県,6.15,3.4
2010100000,2010年度,17000,石川県,4.72,3.6
2010100000,2010年度,18000,福井県,5.82,3.4
2010100000,2010年度,19000,山梨県,8.47,5
2010100000,2010年度,20000,長野県,10.17,3.3
2010100000,2010年度,21000,岐阜県,6.55,3.9
2010100000,2010年度,22000,静岡県,6.19,3.1
2010100000,2010年度,23000,愛知県,6.78,6.3
2010100000,2010年度,24000,三重県,6.92,3.6
2010100000,2010年度,25000,滋賀県,10.78,3.7
2010100000,2010年度,26000,京都府,7.27,5.6
2010100000,2010年度,27000,大阪府,11.15,4.6
2010100000,2010年度,28000,兵庫県,7.67,6
2010100000,2010年度,29000,奈良県,7.98,6.2
2010100000,2010年度,30000,和歌山県,8.47,2.9
2010100000,2010年度,31000,鳥取県,8.07,3.2
2010100000,2010年度,32000,島根県,7.55,2.9
2010100000,2010年度,33000,岡山県,11.4,3.4
2010100000,2010年度,34000,広島県,7.64,3.6
2010100000,2010年度,35000,山口県,5.67,4.7
2010100000,2010年度,36000,徳島県,7.34,3.8
2010100000,2010年度,37000,香川県,6.14,3.5
2010100000,2010年度,38000,愛媛県,6.79,5
2010100000,2010年度,39000,高知県,9.68,3.8
2010100000,2010年度,40000,福岡県,8.49,4.4
2010100000,2010年度,41000,佐賀県,7,3.9
2010100000,2010年度,42000,長崎県,5.84,3.7
2010100000,2010年度,43000,熊本県,3.28,5.6
2010100000,2010年度,44000,大分県,6.85,3.3
2010100000,2010年度,45000,宮崎県,4.94,3.1
2010100000,2010年度,46000,鹿児島県,4.81,4.6
2010100000,2010年度,47000,沖縄県,10.4,4.4
2009100000,2009年度,1000,北海道,7.76,4.1
2009100000,2009年度,2000,青森県,3.78,4.3
2009100000,2009年度,3000,岩手県,3.51,3.1
2009100000,2009年度,4000,宮城県,6.28,4.1
2009100000,2009年度,5000,秋田県,4.71,4.3
2009100000,2009年度,6000,山形県,3.77,5
2009100000,2009年度,7000,福島県,6.86,3.7
2009100000,2009年度,8000,茨城県,7.99,4.1
2009100000,2009年度,9000,栃木県,8.12,3.5
2009100000,2009年度,10000,群馬県,6.09,2.7
2009100000,2009年度,11000,埼玉県,5.57,8.8
2009100000,2009年度,12000,千葉県,8.89,5
2009100000,2009年度,13000,東京都,6.91,5.7
2009100000,2009年度,14000,神奈川県,9.11,5.5
2009100000,2009年度,15000,新潟県,4.93,4
2009100000,2009年度,16000,富山県,5.46,3.3
2009100000,2009年度,17000,石川県,4.69,5.9
2009100000,2009年度,18000,福井県,6.28,4.2
2009100000,2009年度,19000,山梨県,7.85,3.8
2009100000,2009年度,20000,長野県,9.24,3.4
2009100000,2009年度,21000,岐阜県,6.37,6.3
2009100000,2009年度,22000,静岡県,6.13,3.3
2009100000,2009年度,23000,愛知県,6.75,5.5
2009100000,2009年度,24000,三重県,6.87,4
2009100000,2009年度,25000,滋賀県,10.46,4.1
2009100000,2009年度,26000,京都府,7.62,5.5
2009100000,2009年度,27000,大阪府,10.79,4.6
2009100000,2009年度,28000,兵庫県,7.63,4.4
2009100000,2009年度,29000,奈良県,8.9,4.7
2009100000,2009年度,30000,和歌山県,8.3,3
2009100000,2009年度,31000,鳥取県,8,3.4
2009100000,2009年度,32000,島根県,7.38,2.8
2009100000,2009年度,33000,岡山県,10.98,4.4
2009100000,2009年度,34000,広島県,7.3,4.9
2009100000,2009年度,35000,山口県,6.08,3.5
2009100000,2009年度,36000,徳島県,7.78,4.1
2009100000,2009年度,37000,香川県,5.97,3.6
2009100000,2009年度,38000,愛媛県,6.74,3.9
2009100000,2009年度,39000,高知県,9.39,4.5
2009100000,2009年度,40000,福岡県,8.79,4.4
2009100000,2009年度,41000,佐賀県,6.38,3.7
2009100000,2009年度,42000,長崎県,5.54,3
2009100000,2009年度,43000,熊本県,3.21,5.1
2009100000,2009年度,44000,大分県,7.02,3.4
2009100000,2009年度,45000,宮崎県,4.51,3.7
2009100000,2009年度,46000,鹿児島県,4.53,5.9
2009100000,2009年度,47000,沖縄県,10.19,4.6
2008100000,2008年度,1000,北海道,7.87,3.7
2008100000,2008年度,2000,青森県,3.77,3.7
2008100000,2008年度,3000,岩手県,3.74,2.8
2008100000,2008年度,4000,宮城県,7.06,5.3
2008100000,2008年度,5000,秋田県,5.27,4.2
2008100000,2008年度,6000,山形県,3.78,4.2
2008100000,2008年度,7000,福島県,6.94,4
2008100000,2008年度,8000,茨城県,8.31,4.1
2008100000,2008年度,9000,栃木県,9.1,2.8
2008100000,2008年度,10000,群馬県,6.07,1.9
2008100000,2008年度,11000,埼玉県,5.79,5.9
2008100000,2008年度,12000,千葉県,9.69,4.8
2008100000,2008年度,13000,東京都,7.13,6.1
2008100000,2008年度,14000,神奈川県,9.2,4.3
2008100000,2008年度,15000,新潟県,5.54,4.2
2008100000,2008年度,16000,富山県,6.2,2.9
2008100000,2008年度,17000,石川県,4.54,3.2
2008100000,2008年度,18000,福井県,6.19,3.5
2008100000,2008年度,19000,山梨県,6.95,4.4
2008100000,2008年度,20000,長野県,9.65,3.6
2008100000,2008年度,21000,岐阜県,6.78,6.3
2008100000,2008年度,22000,静岡県,6.85,4
2008100000,2008年度,23000,愛知県,6.81,5.4
2008100000,2008年度,24000,三重県,7.17,4.1
2008100000,2008年度,25000,滋賀県,11.61,4.9
2008100000,2008年度,26000,京都府,8.4,5.1
2008100000,2008年度,27000,大阪府,11.6,4.6
2008100000,2008年度,28000,兵庫県,8.18,3.8
2008100000,2008年度,29000,奈良県,9.66,5.1
2008100000,2008年度,30000,和歌山県,9.3,3.7
2008100000,2008年度,31000,鳥取県,9.42,3.5
2008100000,2008年度,32000,島根県,7.47,2.5
2008100000,2008年度,33000,岡山県,11.64,3.7
2008100000,2008年度,34000,広島県,7.62,4.4
2008100000,2008年度,35000,山口県,6.2,4.1
2008100000,2008年度,36000,徳島県,8.7,3.6
2008100000,2008年度,37000,香川県,7.2,3.7
2008100000,2008年度,38000,愛媛県,6.44,3.3
2008100000,2008年度,39000,高知県,10.11,3.6
2008100000,2008年度,40000,福岡県,8.63,5.3
2008100000,2008年度,41000,佐賀県,7.52,5.2
2008100000,2008年度,42000,長崎県,5.65,3.3
2008100000,2008年度,43000,熊本県,3.72,4.7
2008100000,2008年度,44000,大分県,7.86,4.4
2008100000,2008年度,45000,宮崎県,5.05,3.2
2008100000,2008年度,46000,鹿児島県,5.73,5.5
2008100000,2008年度,47000,沖縄県,10.68,4.2
2007100000,2007年度,1000,北海道,9.05,3.7
2007100000,2007年度,2000,青森県,4.45,4.3
2007100000,2007年度,3000,岩手県,4.32,3.6
2007100000,2007年度,4000,宮城県,7.81,4.1
2007100000,2007年度,5000,秋田県,5.82,3.7
2007100000,2007年度,6000,山形県,4.3,5.1
2007100000,2007年度,7000,福島県,7.33,3.6
2007100000,2007年度,8000,茨城県,8.95,3.8
2007100000,2007年度,9000,栃木県,9.74,3.3
2007100000,2007年度,10000,群馬県,7.19,3.1
2007100000,2007年度,11000,埼玉県,6.27,7.7
2007100000,2007年度,12000,千葉県,9.94,6.1
2007100000,2007年度,13000,東京都,7.36,6.3
2007100000,2007年度,14000,神奈川県,10.06,5.9
2007100000,2007年度,15000,新潟県,5.67,4.1
2007100000,2007年度,16000,富山県,6.37,4
2007100000,2007年度,17000,石川県,5.28,2.9
2007100000,2007年度,18000,福井県,7.12,2.5
2007100000,2007年度,19000,山梨県,8.17,4.6
2007100000,2007年度,20000,長野県,9.62,4.7
2007100000,2007年度,21000,岐阜県,7.09,5.5
2007100000,2007年度,22000,静岡県,7.16,3.9
2007100000,2007年度,23000,愛知県,7.69,4.5
2007100000,2007年度,24000,三重県,7.35,2.9
2007100000,2007年度,25000,滋賀県,12.78,6.6
2007100000,2007年度,26000,京都府,10.36,4
2007100000,2007年度,27000,大阪府,12.22,4.8
2007100000,2007年度,28000,兵庫県,8.85,4
2007100000,2007年度,29000,奈良県,10.78,4.2
2007100000,2007年度,30000,和歌山県,10.6,3.7
2007100000,2007年度,31000,鳥取県,11.22,3
2007100000,2007年度,32000,島根県,6.91,4
2007100000,2007年度,33000,岡山県,12.55,2.6
2007100000,2007年度,34000,広島県,8.66,4.4
2007100000,2007年度,35000,山口県,6.59,3.2
2007100000,2007年度,36000,徳島県,9.33,3.6
2007100000,2007年度,37000,香川県,7.61,4.3
2007100000,2007年度,38000,愛媛県,7.48,4
2007100000,2007年度,39000,高知県,10.43,5
2007100000,2007年度,40000,福岡県,9.03,4.3
2007100000,2007年度,41000,佐賀県,7.57,4.6
2007100000,2007年度,42000,長崎県,6.62,4.6
2007100000,2007年度,43000,熊本県,3.94,4.4
2007100000,2007年度,44000,大分県,8.16,3.8
2007100000,2007年度,45000,宮崎県,5.8,3.9
2007100000,2007年度,46000,鹿児島県,7.1,4.2
2007100000,2007年度,47000,沖縄県,11.02,4.7
2006100000,2006年度,1000,北海道,8.91,3.3
2006100000,2006年度,2000,青森県,4.3,2
2006100000,2006年度,3000,岩手県,4.25,4.3
2006100000,2006年度,4000,宮城県,8.2,3.9
2006100000,2006年度,5000,秋田県,6.24,3.5
2006100000,2006年度,6000,山形県,5,4.8
2006100000,2006年度,7000,福島県,7.38,3.3
2006100000,2006年度,8000,茨城県,9.62,4.3
2006100000,2006年度,9000,栃木県,9.94,3.4
2006100000,2006年度,10000,群馬県,7.92,3.8
2006100000,2006年度,11000,埼玉県,6.63,7.7
2006100000,2006年度,12000,千葉県,9.97,5.3
2006100000,2006年度,13000,東京都,7.47,5.7
2006100000,2006年度,14000,神奈川県,10,5.8
2006100000,2006年度,15000,新潟県,5.52,3.3
2006100000,2006年度,16000,富山県,6.69,3.2
2006100000,2006年度,17000,石川県,5.29,3.2
2006100000,2006年度,18000,福井県,6.91,3.6
2006100000,2006年度,19000,山梨県,9.06,3.8
2006100000,2006年度,20000,長野県,9.74,2.3
2006100000,2006年度,21000,岐阜県,7.88,4.7
2006100000,2006年度,22000,静岡県,6.86,5.2
2006100000,2006年度,23000,愛知県,8.25,4.9
2006100000,2006年度,24000,三重県,7.55,4.9
2006100000,2006年度,25000,滋賀県,12.63,4.1
2006100000,2006年度,26000,京都府,10.55,3.8
2006100000,2006年度,27000,大阪府,11.98,5.9
2006100000,2006年度,28000,兵庫県,8.79,4.4
2006100000,2006年度,29000,奈良県,10.7,4.5
2006100000,2006年度,30000,和歌山県,10.71,4
2006100000,2006年度,31000,鳥取県,10.35,3.2
2006100000,2006年度,32000,島根県,7.35,3.3
2006100000,2006年度,33000,岡山県,11.84,3.2
2006100000,2006年度,34000,広島県,8.65,4.3
2006100000,2006年度,35000,山口県,6.64,3.7
2006100000,2006年度,36000,徳島県,8.99,2.4
2006100000,2006年度,37000,香川県,7.22,3.3
2006100000,2006年度,38000,愛媛県,7.6,4.3
2006100000,2006年度,39000,高知県,9.42,3.9
2006100000,2006年度,40000,福岡県,8.69,4.8
2006100000,2006年度,41000,佐賀県,7.97,3.4
2006100000,2006年度,42000,長崎県,7.22,3.3
2006100000,2006年度,43000,熊本県,3.94,5.6
2006100000,2006年度,44000,大分県,7.97,4.3
2006100000,2006年度,45000,宮崎県,5.58,3.4
2006100000,2006年度,46000,鹿児島県,6.67,4
2006100000,2006年度,47000,沖縄県,10.86,4
2005100000,2005年度,1000,北海道,8.18,3.6
2005100000,2005年度,2000,青森県,4.23,3.5
2005100000,2005年度,3000,岩手県,4.19,4.4
2005100000,2005年度,4000,宮城県,8.16,3.6
2005100000,2005年度,5000,秋田県,6.08,3.6
2005100000,2005年度,6000,山形県,4.51,4
2005100000,2005年度,7000,福島県,7.34,4.6
2005100000,2005年度,8000,茨城県,9.73,4.6
2005100000,2005年度,9000,栃木県,9.48,3.6
2005100000,2005年度,10000,群馬県,6.6,3
2005100000,2005年度,11000,埼玉県,6.22,6.5
2005100000,2005年度,12000,千葉県,9.74,4.4
2005100000,2005年度,13000,東京都,7.29,5.6
2005100000,2005年度,14000,神奈川県,9.51,5.8
2005100000,2005年度,15000,新潟県,5.35,3.3
2005100000,2005年度,16000,富山県,6.97,2.5
2005100000,2005年度,17000,石川県,4.98,4.6
2005100000,2005年度,18000,福井県,6.11,3.3
2005100000,2005年度,19000,山梨県,9.3,4.5
2005100000,2005年度,20000,長野県,9.87,3.2
2005100000,2005年度,21000,岐阜県,6.92,5
2005100000,2005年度,22000,静岡県,6.6,5
2005100000,2005年度,23000,愛知県,7.76,4.7
2005100000,2005年度,24000,三重県,6.99,2.4
2005100000,2005年度,25000,滋賀県,11.75,4.9
2005100000,2005年度,26000,京都府,10.35,4.9
2005100000,2005年度,27000,大阪府,12.22,4.8
2005100000,2005年度,28000,兵庫県,8.73,4.3
2005100000,2005年度,29000,奈良県,10.53,4.4
2005100000,2005年度,30000,和歌山県,10.36,3
2005100000,2005年度,31000,鳥取県,9.62,2.5
2005100000,2005年度,32000,島根県,7.16,3
2005100000,2005年度,33000,岡山県,11.73,3.2
2005100000,2005年度,34000,広島県,8.45,5.3
2005100000,2005年度,35000,山口県,6.45,4.1
2005100000,2005年度,36000,徳島県,10.1,3.7
2005100000,2005年度,37000,香川県,7.62,4
2005100000,2005年度,38000,愛媛県,7.03,4.2
2005100000,2005年度,39000,高知県,9.93,4.2
2005100000,2005年度,40000,福岡県,8.38,4.4
2005100000,2005年度,41000,佐賀県,7.79,4
2005100000,2005年度,42000,長崎県,7.05,3.3
2005100000,2005年度,43000,熊本県,4.11,5.1
2005100000,2005年度,44000,大分県,6.9,4
2005100000,2005年度,45000,宮崎県,5.25,3.6
2005100000,2005年度,46000,鹿児島県,7,5
2005100000,2005年度,47000,沖縄県,8.31,5.1
2004100000,2004年度,1000,北海道,8.55,4.3
2004100000,2004年度,2000,青森県,4.03,4.1
2004100000,2004年度,3000,岩手県,4.64,3.3
2004100000,2004年度,4000,宮城県,7.47,4.3
2004100000,2004年度,5000,秋田県,6.17,3.7
2004100000,2004年度,6000,山形県,4.35,4.4
2004100000,2004年度,7000,福島県,7.28,3.9
2004100000,2004年度,8000,茨城県,9.09,4.9
2004100000,2004年度,9000,栃木県,10.14,4.3
2004100000,2004年度,10000,群馬県,7.22,4.1
2004100000,2004年度,11000,埼玉県,6.35,5.5
2004100000,2004年度,12000,千葉県,9.61,5.6
2004100000,2004年度,13000,東京都,7.49,5.2
2004100000,2004年度,14000,神奈川県,9.59,5.8
2004100000,2004年度,15000,新潟県,5.9,4.7
2004100000,2004年度,16000,富山県,6.72,3.7
2004100000,2004年度,17000,石川県,4.97,5.2
2004100000,2004年度,18000,福井県,6.51,3.9
2004100000,2004年度,19000,山梨県,9.18,2.9
2004100000,2004年度,20000,長野県,10.4,3.6
2004100000,2004年度,21000,岐阜県,6.88,4.6
2004100000,2004年度,22000,静岡県,6.82,3.2
2004100000,2004年度,23000,愛知県,7.59,4.8
2004100000,2004年度,24000,三重県,6.75,2.8
2004100000,2004年度,25000,滋賀県,11.43,5.6
2004100000,2004年度,26000,京都府,10.23,4.7
2004100000,2004年度,27000,大阪府,12.35,4.2
2004100000,2004年度,28000,兵庫県,8.45,3.2
2004100000,2004年度,29000,奈良県,11.02,4.7
2004100000,2004年度,30000,和歌山県,10.55,2.7
2004100000,2004年度,31000,鳥取県,8.71,4.1
2004100000,2004年度,32000,島根県,8.52,3.7
2004100000,2004年度,33000,岡山県,11.98,3.2
2004100000,2004年度,34000,広島県,8.4,4.4
2004100000,2004年度,35000,山口県,7,4.4
2004100000,2004年度,36000,徳島県,8.79,3.2
2004100000,2004年度,37000,香川県,7.67,3.7
2004100000,2004年度,38000,愛媛県,7.81,4.6
2004100000,2004年度,39000,高知県,9.39,4.1
2004100000,2004年度,40000,福岡県,8.12,4.5
2004100000,2004年度,41000,佐賀県,7.65,4.3
2004100000,2004年度,42000,長崎県,6.81,4.3
2004100000,2004年度,43000,熊本県,4.72,6.2
2004100000,2004年度,44000,大分県,7.54,3.3
2004100000,2004年度,45000,宮崎県,4.78,3.8
2004100000,2004年度,46000,鹿児島県,6.76,4.8
2004100000,2004年度,47000,沖縄県,8,4.3
2003100000,2003年度,1000,北海道,8.74,4.3
2003100000,2003年度,2000,青森県,4.62,4.3
2003100000,2003年度,3000,岩手県,5.67,6.1
2003100000,2003年度,4000,宮城県,8,4
2003100000,2003年度,5000,秋田県,6.9,3.4
2003100000,2003年度,6000,山形県,4.75,4.1
2003100000,2003年度,7000,福島県,7.37,5
2003100000,2003年度,8000,茨城県,9.79,4.1
2003100000,2003年度,9000,栃木県,11.6,4.2
2003100000,2003年度,10000,群馬県,7.46,4.4
2003100000,2003年度,11000,埼玉県,6.74,5.3
2003100000,2003年度,12000,千葉県,10.41,4.4
2003100000,2003年度,13000,東京都,8.09,5.1
2003100000,2003年度,14000,神奈川県,9.64,4.7
2003100000,2003年度,15000,新潟県,5.82,4.6
2003100000,2003年度,16000,富山県,6.99,3.8
2003100000,2003年度,17000,石川県,5.34,4.9
2003100000,2003年度,18000,福井県,6.11,4.9
2003100000,2003年度,19000,山梨県,9.49,5.2
2003100000,2003年度,20000,長野県,10.65,3.1
2003100000,2003年度,21000,岐阜県,6.92,4.7
2003100000,2003年度,22000,静岡県,7.03,4.9
2003100000,2003年度,23000,愛知県,7.59,5.3
2003100000,2003年度,24000,三重県,7.42,2.9
2003100000,2003年度,25000,滋賀県,10.34,6
2003100000,2003年度,26000,京都府,10.44,5
2003100000,2003年度,27000,大阪府,12.78,6.5
2003100000,2003年度,28000,兵庫県,8.76,3.3
2003100000,2003年度,29000,奈良県,10.85,4.3
2003100000,2003年度,30000,和歌山県,10.59,4.2
2003100000,2003年度,31000,鳥取県,10.42,4.1
2003100000,2003年度,32000,島根県,8.08,2.9
2003100000,2003年度,33000,岡山県,12.51,4
2003100000,2003年度,34000,広島県,8.9,4.6
2003100000,2003年度,35000,山口県,7.49,3.8
2003100000,2003年度,36000,徳島県,8.53,3.6
2003100000,2003年度,37000,香川県,8.28,3.9
2003100000,2003年度,38000,愛媛県,8.53,4.1
2003100000,2003年度,39000,高知県,9.03,3.5
2003100000,2003年度,40000,福岡県,8.87,4
2003100000,2003年度,41000,佐賀県,8.91,3.4
2003100000,2003年度,42000,長崎県,6.96,3.7
2003100000,2003年度,43000,熊本県,5.3,5.2
2003100000,2003年度,44000,大分県,7.52,4.4
2003100000,2003年度,45000,宮崎県,5.58,3
2003100000,2003年度,46000,鹿児島県,7.5,4.8
2003100000,2003年度,47000,沖縄県,7.99,5
2002100000,2002年度,1000,北海道,9.35,5
2002100000,2002年度,2000,青森県,5.81,4.7
2002100000,2002年度,3000,岩手県,6.56,4
2002100000,2002年度,4000,宮城県,9.29,4.4
2002100000,2002年度,5000,秋田県,8.15,3.1
2002100000,2002年度,6000,山形県,5.59,3.8
2002100000,2002年度,7000,福島県,8.08,4
2002100000,2002年度,8000,茨城県,11.14,3.6
2002100000,2002年度,9000,栃木県,11.05,3.1
2002100000,2002年度,10000,群馬県,8.03,3.4
2002100000,2002年度,11000,埼玉県,7.3,5.6
2002100000,2002年度,12000,千葉県,11.39,6.2
2002100000,2002年度,13000,東京都,8.56,4.5
2002100000,2002年度,14000,神奈川県,11.77,4.9
2002100000,2002年度,15000,新潟県,6.61,4.8
2002100000,2002年度,16000,富山県,6.71,3.5
2002100000,2002年度,17000,石川県,5.63,5
2002100000,2002年度,18000,福井県,6.33,4
2002100000,2002年度,19000,山梨県,10.18,3.7
2002100000,2002年度,20000,長野県,11.69,3
2002100000,2002年度,21000,岐阜県,8.58,4.8
2002100000,2002年度,22000,静岡県,7.34,4.9
2002100000,2002年度,23000,愛知県,8.19,5.1
2002100000,2002年度,24000,三重県,8.28,4.7
2002100000,2002年度,25000,滋賀県,10.95,5.8
2002100000,2002年度,26000,京都府,11.51,4.8
2002100000,2002年度,27000,大阪府,13.48,4.7
2002100000,2002年度,28000,兵庫県,9.1,4.5
2002100000,2002年度,29000,奈良県,11.43,3.6
2002100000,2002年度,30000,和歌山県,12.14,4.2
2002100000,2002年度,31000,鳥取県,11.68,3
2002100000,2002年度,32000,島根県,9.1,2.4
2002100000,2002年度,33000,岡山県,13.68,2.9
2002100000,2002年度,34000,広島県,9.23,5.6
2002100000,2002年度,35000,山口県,8.02,3.9
2002100000,2002年度,36000,徳島県,9.09,4.7
2002100000,2002年度,37000,香川県,9.39,3.1
2002100000,2002年度,38000,愛媛県,9.63,3
2002100000,2002年度,39000,高知県,9.95,5.1
2002100000,2002年度,40000,福岡県,9.82,4.3
2002100000,2002年度,41000,佐賀県,9.25,3.9
2002100000,2002年度,42000,長崎県,8.38,4.6
2002100000,2002年度,43000,熊本県,6.03,4.5
2002100000,2002年度,44000,大分県,7.87,2.8
2002100000,2002年度,45000,宮崎県,6.28,3.7
2002100000,2002年度,46000,鹿児島県,8.06,5.2
2002100000,2002年度,47000,沖縄県,9.18,5.2
2001100000,2001年度,1000,北海道,10.67,4.7
2001100000,2001年度,2000,青森県,7.05,4.7
2001100000,2001年度,3000,岩手県,7.86,5.1
2001100000,2001年度,4000,宮城県,10.45,4.7
2001100000,2001年度,5000,秋田県,8.73,3.2
2001100000,2001年度,6000,山形県,6.87,4.9
2001100000,2001年度,7000,福島県,10.05,4
2001100000,2001年度,8000,茨城県,12.82,4.8
2001100000,2001年度,9000,栃木県,12.55,3.7
2001100000,2001年度,10000,群馬県,9.32,3.2
2001100000,2001年度,11000,埼玉県,8.43,6.1
2001100000,2001年度,12000,千葉県,12.78,5.6
2001100000,2001年度,13000,東京都,9.77,5.8
2001100000,2001年度,14000,神奈川県,12.53,4.7
2001100000,2001年度,15000,新潟県,8.08,4.6
2001100000,2001年度,16000,富山県,7.34,3.6
2001100000,2001年度,17000,石川県,6.3,4.2
2001100000,2001年度,18000,福井県,7.09,4.2
2001100000,2001年度,19000,山梨県,11.12,3.9
2001100000,2001年度,20000,長野県,13.31,3.2
2001100000,2001年度,21000,岐阜県,9.85,3.5
2001100000,2001年度,22000,静岡県,8.54,5.4
2001100000,2001年度,23000,愛知県,9.73,3.4
2001100000,2001年度,24000,三重県,9.16,4.9
2001100000,2001年度,25000,滋賀県,11.73,6.4
2001100000,2001年度,26000,京都府,11.93,3.8
2001100000,2001年度,27000,大阪府,14.54,5.3
2001100000,2001年度,28000,兵庫県,10.29,3.4
2001100000,2001年度,29000,奈良県,13.02,6.7
2001100000,2001年度,30000,和歌山県,12.97,5.3
2001100000,2001年度,31000,鳥取県,12.9,3.4
2001100000,2001年度,32000,島根県,10.27,3.2
2001100000,2001年度,33000,岡山県,14.52,4.4
2001100000,2001年度,34000,広島県,10.19,4.8
2001100000,2001年度,35000,山口県,8.94,2.8
2001100000,2001年度,36000,徳島県,10.62,5.1
2001100000,2001年度,37000,香川県,10.25,3
2001100000,2001年度,38000,愛媛県,10.53,3.9
2001100000,2001年度,39000,高知県,11.94,3.1
2001100000,2001年度,40000,福岡県,11.06,3.3
2001100000,2001年度,41000,佐賀県,11.17,3.7
2001100000,2001年度,42000,長崎県,10.6,3.5
2001100000,2001年度,43000,熊本県,7.07,4.5
2001100000,2001年度,44000,大分県,8.18,3.6
2001100000,2001年度,45000,宮崎県,7.53,4
2001100000,2001年度,46000,鹿児島県,8.61,4.7
2001100000,2001年度,47000,沖縄県,10.24,4.2
2000100000,2000年度,1000,北海道,10.27,5.1
2000100000,2000年度,2000,青森県,7.37,4.1
2000100000,2000年度,3000,岩手県,7.56,3.6
2000100000,2000年度,4000,宮城県,11.43,4.9
2000100000,2000年度,5000,秋田県,8.78,3.8
2000100000,2000年度,6000,山形県,6.92,5
2000100000,2000年度,7000,福島県,10.02,3.7
2000100000,2000年度,8000,茨城県,13.25,5.1
2000100000,2000年度,9000,栃木県,13.16,3.9
2000100000,2000年度,10000,群馬県,9.63,3.2
2000100000,2000年度,11000,埼玉県,8.75,5.7
2000100000,2000年度,12000,千葉県,12.96,4.8
2000100000,2000年度,13000,東京都,10.2,5.5
2000100000,2000年度,14000,神奈川県,12.75,5.1
2000100000,2000年度,15000,新潟県,7.68,4.4
2000100000,2000年度,16000,富山県,7.32,3.2
2000100000,2000年度,17000,石川県,5.98,4.1
2000100000,2000年度,18000,福井県,7.74,4.7
2000100000,2000年度,19000,山梨県,11.11,4.2
2000100000,2000年度,20000,長野県,13.3,3.4
2000100000,2000年度,21000,岐阜県,9.42,4.6
2000100000,2000年度,22000,静岡県,8.75,4.7
2000100000,2000年度,23000,愛知県,8.99,4.5
2000100000,2000年度,24000,三重県,8.74,4.8
2000100000,2000年度,25000,滋賀県,11.37,4.5
2000100000,2000年度,26000,京都府,11.66,5.4
2000100000,2000年度,27000,大阪府,14.51,4.6
2000100000,2000年度,28000,兵庫県,10.4,4
2000100000,2000年度,29000,奈良県,12.06,5.1
2000100000,2000年度,30000,和歌山県,14,3.6
2000100000,2000年度,31000,鳥取県,12.87,2.9
2000100000,2000年度,32000,島根県,9.65,3.2
2000100000,2000年度,33000,岡山県,15.92,4.2
2000100000,2000年度,34000,広島県,9.27,4.8
2000100000,2000年度,35000,山口県,9.04,3.5
2000100000,2000年度,36000,徳島県,11.09,4.1
2000100000,2000年度,37000,香川県,9.14,4.6
2000100000,2000年度,38000,愛媛県,10.26,5.6
2000100000,2000年度,39000,高知県,12.31,4.3
2000100000,2000年度,40000,福岡県,10.86,5.9
2000100000,2000年度,41000,佐賀県,10.82,4.1
2000100000,2000年度,42000,長崎県,10.08,3.3
2000100000,2000年度,43000,熊本県,7.08,4.1
2000100000,2000年度,44000,大分県,8.91,3.4
2000100000,2000年度,45000,宮崎県,8.11,4
2000100000,2000年度,46000,鹿児島県,8.62,4.7
2000100000,2000年度,47000,沖縄県,10.04,5.2
1999100000,1999年度,1000,北海道,10.13,***
1999100000,1999年度,2000,青森県,6.14,***
1999100000,1999年度,3000,岩手県,7.84,***
1999100000,1999年度,4000,宮城県,11.13,***
1999100000,1999年度,5000,秋田県,8.01,***
1999100000,1999年度,6000,山形県,6.94,***
1999100000,1999年度,7000,福島県,9.05,***
1999100000,1999年度,8000,茨城県,13.13,***
1999100000,1999年度,9000,栃木県,13.22,***
1999100000,1999年度,10000,群馬県,9.29,***
1999100000,1999年度,11000,埼玉県,9.22,***
1999100000,1999年度,12000,千葉県,12.13,***
1999100000,1999年度,13000,東京都,10.06,***
1999100000,1999年度,14000,神奈川県,12.29,***
1999100000,1999年度,15000,新潟県,8.06,***
1999100000,1999年度,16000,富山県,7.55,***
1999100000,1999年度,17000,石川県,5.61,***
1999100000,1999年度,18000,福井県,8.37,***
1999100000,1999年度,19000,山梨県,11.83,***
1999100000,1999年度,20000,長野県,12.22,***
1999100000,1999年度,21000,岐阜県,9.45,***
1999100000,1999年度,22000,静岡県,8.88,***
1999100000,1999年度,23000,愛知県,8.76,***
1999100000,1999年度,24000,三重県,8.11,***
1999100000,1999年度,25000,滋賀県,11.44,***
1999100000,1999年度,26000,京都府,11.99,***
1999100000,1999年度,27000,大阪府,13.58,***
1999100000,1999年度,28000,兵庫県,10.13,***
1999100000,1999年度,29000,奈良県,12.16,***
1999100000,1999年度,30000,和歌山県,13.94,***
1999100000,1999年度,31000,鳥取県,12.5,***
1999100000,1999年度,32000,島根県,10.47,***
1999100000,1999年度,33000,岡山県,16.3,***
1999100000,1999年度,34000,広島県,9.76,***
1999100000,1999年度,35000,山口県,8.39,***
1999100000,1999年度,36000,徳島県,10.83,***
1999100000,1999年度,37000,香川県,9.51,***
1999100000,1999年度,38000,愛媛県,9.11,***
1999100000,1999年度,39000,高知県,11.79,***
1999100000,1999年度,40000,福岡県,11.76,***
1999100000,1999年度,41000,佐賀県,11.14,***
1999100000,1999年度,42000,長崎県,10.57,***
1999100000,1999年度,43000,熊本県,7.66,***
1999100000,1999年度,44000,大分県,9.17,***
1999100000,1999年度,45000,宮崎県,8.15,***
1999100000,1999年度,46000,鹿児島県,9.04,***
1999100000,1999年度,47000,沖縄県,9.85,***
1998100000,1998年度,1000,北海道,10.58,***
1998100000,1998年度,2000,青森県,6.99,***
1998100000,1998年度,3000,岩手県,8.04,***
1998100000,1998年度,4000,宮城県,11.36,***
1998100000,1998年度,5000,秋田県,8.71,***
1998100000,1998年度,6000,山形県,6.8,***
1998100000,1998年度,7000,福島県,9.35,***
1998100000,1998年度,8000,茨城県,13.35,***
1998100000,1998年度,9000,栃木県,13.41,***
1998100000,1998年度,10000,群馬県,10.26,***
1998100000,1998年度,11000,埼玉県,9.8,***
1998100000,1998年度,12000,千葉県,13.59,***
1998100000,1998年度,13000,東京都,11,***
1998100000,1998年度,14000,神奈川県,13.4,***
1998100000,1998年度,15000,新潟県,8.7,***
1998100000,1998年度,16000,富山県,6.83,***
1998100000,1998年度,17000,石川県,5.87,***
1998100000,1998年度,18000,福井県,8.16,***
1998100000,1998年度,19000,山梨県,12.5,***
1998100000,1998年度,20000,長野県,12.67,***
1998100000,1998年度,21000,岐阜県,10.31,***
1998100000,1998年度,22000,静岡県,8.67,***
1998100000,1998年度,23000,愛知県,8.84,***
1998100000,1998年度,24000,三重県,8.44,***
1998100000,1998年度,25000,滋賀県,11.66,***
1998100000,1998年度,26000,京都府,11.88,***
1998100000,1998年度,27000,大阪府,13.87,***
1998100000,1998年度,28000,兵庫県,9.99,***
1998100000,1998年度,29000,奈良県,12.12,***
1998100000,1998年度,30000,和歌山県,14.1,***
1998100000,1998年度,31000,鳥取県,13.55,***
1998100000,1998年度,32000,島根県,9.25,***
1998100000,1998年度,33000,岡山県,16.15,***
1998100000,1998年度,34000,広島県,9.02,***
1998100000,1998年度,35000,山口県,8.95,***
1998100000,1998年度,36000,徳島県,11.65,***
1998100000,1998年度,37000,香川県,9.3,***
1998100000,1998年度,38000,愛媛県,9.79,***
1998100000,1998年度,39000,高知県,13.12,***
1998100000,1998年度,40000,福岡県,10.86,***
1998100000,1998年度,41000,佐賀県,11.23,***
1998100000,1998年度,42000,長崎県,10.63,***
1998100000,1998年度,43000,熊本県,8.89,***
1998100000,1998年度,44000,大分県,9.77,***
1998100000,1998年度,45000,宮崎県,8.33,***
1998100000,1998年度,46000,鹿児島県,8.4,***
1998100000,1998年度,47000,沖縄県,10.01,***
1997100000,1997年度,1000,北海道,10.03,***
1997100000,1997年度,2000,青森県,6.08,***
1997100000,1997年度,3000,岩手県,8.33,***
1997100000,1997年度,4000,宮城県,10.98,***
1997100000,1997年度,5000,秋田県,8.94,***
1997100000,1997年度,6000,山形県,7.02,***
1997100000,1997年度,7000,福島県,9.41,***
1997100000,1997年度,8000,茨城県,12.08,***
1997100000,1997年度,9000,栃木県,12.49,***
1997100000,1997年度,10000,群馬県,10.08,***
1997100000,1997年度,11000,埼玉県,9.93,***
1997100000,1997年度,12000,千葉県,12.32,***
1997100000,1997年度,13000,東京都,10.34,***
1997100000,1997年度,14000,神奈川県,12.32,***
1997100000,1997年度,15000,新潟県,8.91,***
1997100000,1997年度,16000,富山県,7.03,***
1997100000,1997年度,17000,石川県,5.68,***
1997100000,1997年度,18000,福井県,7.66,***
1997100000,1997年度,19000,山梨県,12.04,***
1997100000,1997年度,20000,長野県,12.44,***
1997100000,1997年度,21000,岐阜県,9.77,***
1997100000,1997年度,22000,静岡県,8.03,***
1997100000,1997年度,23000,愛知県,8.51,***
1997100000,1997年度,24000,三重県,6.86,***
1997100000,1997年度,25000,滋賀県,10.8,***
1997100000,1997年度,26000,京都府,12.1,***
1997100000,1997年度,27000,大阪府,13.15,***
1997100000,1997年度,28000,兵庫県,9.53,***
1997100000,1997年度,29000,奈良県,10.7,***
1997100000,1997年度,30000,和歌山県,13.95,***
1997100000,1997年度,31000,鳥取県,12.99,***
1997100000,1997年度,32000,島根県,9.78,***
1997100000,1997年度,33000,岡山県,15.61,***
1997100000,1997年度,34000,広島県,9.93,***
1997100000,1997年度,35000,山口県,8.3,***
1997100000,1997年度,36000,徳島県,11.59,***
1997100000,1997年度,37000,香川県,9.3,***
1997100000,1997年度,38000,愛媛県,9.57,***
1997100000,1997年度,39000,高知県,12.24,***
1997100000,1997年度,40000,福岡県,10.42,***
1997100000,1997年度,41000,佐賀県,10.92,***
1997100000,1997年度,42000,長崎県,10.55,***
1997100000,1997年度,43000,熊本県,8.98,***
1997100000,1997年度,44000,大分県,8.36,***
1997100000,1997年度,45000,宮崎県,7.89,***
1997100000,1997年度,46000,鹿児島県,8.38,***
1997100000,1997年度,47000,沖縄県,9.44,***
1996100000,1996年度,1000,北海道,10.16,***
1996100000,1996年度,2000,青森県,6.63,***
1996100000,1996年度,3000,岩手県,7.42,***
1996100000,1996年度,4000,宮城県,9.06,***
1996100000,1996年度,5000,秋田県,7.63,***
1996100000,1996年度,6000,山形県,7.26,***
1996100000,1996年度,7000,福島県,9.12,***
1996100000,1996年度,8000,茨城県,11.43,***
1996100000,1996年度,9000,栃木県,10.85,***
1996100000,1996年度,10000,群馬県,9.34,***
1996100000,1996年度,11000,埼玉県,9.04,***
1996100000,1996年度,12000,千葉県,11.38,***
1996100000,1996年度,13000,東京都,9.94,***
1996100000,1996年度,14000,神奈川県,11.76,***
1996100000,1996年度,15000,新潟県,8.66,***
1996100000,1996年度,16000,富山県,7.17,***
1996100000,1996年度,17000,石川県,5.5,***
1996100000,1996年度,18000,福井県,7.64,***
1996100000,1996年度,19000,山梨県,12.05,***
1996100000,1996年度,20000,長野県,11.95,***
1996100000,1996年度,21000,岐阜県,9.3,***
1996100000,1996年度,22000,静岡県,7.14,***
1996100000,1996年度,23000,愛知県,7.97,***
1996100000,1996年度,24000,三重県,6.27,***
1996100000,1996年度,25000,滋賀県,10.14,***
1996100000,1996年度,26000,京都府,10.23,***
1996100000,1996年度,27000,大阪府,12.1,***
1996100000,1996年度,28000,兵庫県,8.93,***
1996100000,1996年度,29000,奈良県,10.57,***
1996100000,1996年度,30000,和歌山県,13.37,***
1996100000,1996年度,31000,鳥取県,12.2,***
1996100000,1996年度,32000,島根県,8.81,***
1996100000,1996年度,33000,岡山県,14.87,***
1996100000,1996年度,34000,広島県,8.82,***
1996100000,1996年度,35000,山口県,8.15,***
1996100000,1996年度,36000,徳島県,10.25,***
1996100000,1996年度,37000,香川県,8.33,***
1996100000,1996年度,38000,愛媛県,9.37,***
1996100000,1996年度,39000,高知県,10.97,***
1996100000,1996年度,40000,福岡県,9.93,***
1996100000,1996年度,41000,佐賀県,9.54,***
1996100000,1996年度,42000,長崎県,8.69,***
1996100000,1996年度,43000,熊本県,7.86,***
1996100000,1996年度,44000,大分県,8.05,***
1996100000,1996年度,45000,宮崎県,7.22,***
1996100000,1996年度,46000,鹿児島県,8.18,***
1996100000,1996年度,47000,沖縄県,7.23,***
1995100000,1995年度,1000,北海道,8.37,***
1995100000,1995年度,2000,青森県,5.67,***
1995100000,1995年度,3000,岩手県,6.46,***
1995100000,1995年度,4000,宮城県,8.2,***
1995100000,1995年度,5000,秋田県,7.18,***
1995100000,1995年度,6000,山形県,5.96,***
1995100000,1995年度,7000,福島県,7.83,***
1995100000,1995年度,8000,茨城県,9.9,***
1995100000,1995年度,9000,栃木県,9.47,***
1995100000,1995年度,10000,群馬県,8.49,***
1995100000,1995年度,11000,埼玉県,8.63,***
1995100000,1995年度,12000,千葉県,10.04,***
1995100000,1995年度,13000,東京都,8.95,***
1995100000,1995年度,14000,神奈川県,10.18,***
1995100000,1995年度,15000,新潟県,7.86,***
1995100000,1995年度,16000,富山県,6.05,***
1995100000,1995年度,17000,石川県,4.47,***
1995100000,1995年度,18000,福井県,6.87,***
1995100000,1995年度,19000,山梨県,10.2,***
1995100000,1995年度,20000,長野県,9.65,***
1995100000,1995年度,21000,岐阜県,8.33,***
1995100000,1995年度,22000,静岡県,5.72,***
1995100000,1995年度,23000,愛知県,6.86,***
1995100000,1995年度,24000,三重県,5.74,***
1995100000,1995年度,25000,滋賀県,8.73,***
1995100000,1995年度,26000,京都府,9.29,***
1995100000,1995年度,27000,大阪府,10.3,***
1995100000,1995年度,28000,兵庫県,8.06,***
1995100000,1995年度,29000,奈良県,9.51,***
1995100000,1995年度,30000,和歌山県,11.27,***
1995100000,1995年度,31000,鳥取県,10.98,***
1995100000,1995年度,32000,島根県,8,***
1995100000,1995年度,33000,岡山県,12.79,***
1995100000,1995年度,34000,広島県,7.51,***
1995100000,1995年度,35000,山口県,7.3,***
1995100000,1995年度,36000,徳島県,8.81,***
1995100000,1995年度,37000,香川県,7.85,***
1995100000,1995年度,38000,愛媛県,8.47,***
1995100000,1995年度,39000,高知県,10.82,***
1995100000,1995年度,40000,福岡県,9.16,***
1995100000,1995年度,41000,佐賀県,8,***
1995100000,1995年度,42000,長崎県,8.57,***
1995100000,1995年度,43000,熊本県,6.22,***
1995100000,1995年度,44000,大分県,7.61,***
1995100000,1995年度,45000,宮崎県,7.04,***
1995100000,1995年度,46000,鹿児島県,7.24,***
1995100000,1995年度,47000,沖縄県,6.95,***
1994100000,1994年度,1000,北海道,7.97,***
1994100000,1994年度,2000,青森県,5.57,***
1994100000,1994年度,3000,岩手県,6.73,***
1994100000,1994年度,4000,宮城県,7.99,***
1994100000,1994年度,5000,秋田県,7.67,***
1994100000,1994年度,6000,山形県,5.47,***
1994100000,1994年度,7000,福島県,8.02,***
1994100000,1994年度,8000,茨城県,10.18,***
1994100000,1994年度,9000,栃木県,10.1,***
1994100000,1994年度,10000,群馬県,8.21,***
1994100000,1994年度,11000,埼玉県,8.46,***
1994100000,1994年度,12000,千葉県,10.35,***
1994100000,1994年度,13000,東京都,8.56,***
1994100000,1994年度,14000,神奈川県,10.56,***
1994100000,1994年度,15000,新潟県,7.46,***
1994100000,1994年度,16000,富山県,6.92,***
1994100000,1994年度,17000,石川県,4.6,***
1994100000,1994年度,18000,福井県,7.48,***
1994100000,1994年度,19000,山梨県,11.22,***
1994100000,1994年度,20000,長野県,9.21,***
1994100000,1994年度,21000,岐阜県,7.65,***
1994100000,1994年度,22000,静岡県,5.81,***
1994100000,1994年度,23000,愛知県,6.86,***
1994100000,1994年度,24000,三重県,5.31,***
1994100000,1994年度,25000,滋賀県,7.65,***
1994100000,1994年度,26000,京都府,8.88,***
1994100000,1994年度,27000,大阪府,9.59,***
1994100000,1994年度,28000,兵庫県,6.82,***
1994100000,1994年度,29000,奈良県,8.58,***
1994100000,1994年度,30000,和歌山県,10.77,***
1994100000,1994年度,31000,鳥取県,10.57,***
1994100000,1994年度,32000,島根県,7.9,***
1994100000,1994年度,33000,岡山県,13.6,***
1994100000,1994年度,34000,広島県,7.28,***
1994100000,1994年度,35000,山口県,6.56,***
1994100000,1994年度,36000,徳島県,7.46,***
1994100000,1994年度,37000,香川県,7.6,***
1994100000,1994年度,38000,愛媛県,7.74,***
1994100000,1994年度,39000,高知県,9.33,***
1994100000,1994年度,40000,福岡県,8.56,***
1994100000,1994年度,41000,佐賀県,8.13,***
1994100000,1994年度,42000,長崎県,8.51,***
1994100000,1994年度,43000,熊本県,6.14,***
1994100000,1994年度,44000,大分県,6.55,***
1994100000,1994年度,45000,宮崎県,6.16,***
1994100000,1994年度,46000,鹿児島県,7.1,***
1994100000,1994年度,47000,沖縄県,5.09,***
1993100000,1993年度,1000,北海道,7.05,***
1993100000,1993年度,2000,青森県,5.36,***
1993100000,1993年度,3000,岩手県,6.41,***
1993100000,1993年度,4000,宮城県,6.84,***
1993100000,1993年度,5000,秋田県,6.17,***
1993100000,1993年度,6000,山形県,5.53,***
1993100000,1993年度,7000,福島県,7.49,***
1993100000,1993年度,8000,茨城県,9.07,***
1993100000,1993年度,9000,栃木県,9.45,***
1993100000,1993年度,10000,群馬県,7.53,***
1993100000,1993年度,11000,埼玉県,7.9,***
1993100000,1993年度,12000,千葉県,9.6,***
1993100000,1993年度,13000,東京都,8.01,***
1993100000,1993年度,14000,神奈川県,10.23,***
1993100000,1993年度,15000,新潟県,7.16,***
1993100000,1993年度,16000,富山県,6.01,***
1993100000,1993年度,17000,石川県,4.51,***
1993100000,1993年度,18000,福井県,6.77,***
1993100000,1993年度,19000,山梨県,9.93,***
1993100000,1993年度,20000,長野県,8.84,***
1993100000,1993年度,21000,岐阜県,7.25,***
1993100000,1993年度,22000,静岡県,5.55,***
1993100000,1993年度,23000,愛知県,6.6,***
1993100000,1993年度,24000,三重県,4.62,***
1993100000,1993年度,25000,滋賀県,6.81,***
1993100000,1993年度,26000,京都府,7.9,***
1993100000,1993年度,27000,大阪府,9.2,***
1993100000,1993年度,28000,兵庫県,7.4,***
1993100000,1993年度,29000,奈良県,7.31,***
1993100000,1993年度,30000,和歌山県,10.23,***
1993100000,1993年度,31000,鳥取県,9.61,***
1993100000,1993年度,32000,島根県,7.57,***
1993100000,1993年度,33000,岡山県,12.07,***
1993100000,1993年度,34000,広島県,6.16,***
1993100000,1993年度,35000,山口県,6.6,***
1993100000,1993年度,36000,徳島県,7.81,***
1993100000,1993年度,37000,香川県,7.71,***
1993100000,1993年度,38000,愛媛県,7.83,***
1993100000,1993年度,39000,高知県,9.97,***
1993100000,1993年度,40000,福岡県,7.42,***
1993100000,1993年度,41000,佐賀県,6.88,***
1993100000,1993年度,42000,長崎県,7.66,***
1993100000,1993年度,43000,熊本県,5.16,***
1993100000,1993年度,44000,大分県,6.46,***
1993100000,1993年度,45000,宮崎県,6.44,***
1993100000,1993年度,46000,鹿児島県,6.55,***
1993100000,1993年度,47000,沖縄県,5.63,***
1992100000,1992年度,1000,北海道,7.2,***
1992100000,1992年度,2000,青森県,4.74,***
1992100000,1992年度,3000,岩手県,7.27,***
1992100000,1992年度,4000,宮城県,7.61,***
1992100000,1992年度,5000,秋田県,7.04,***
1992100000,1992年度,6000,山形県,6.16,***
1992100000,1992年度,7000,福島県,8.67,***
1992100000,1992年度,8000,茨城県,10.34,***
1992100000,1992年度,9000,栃木県,10.24,***
1992100000,1992年度,10000,群馬県,8.45,***
1992100000,1992年度,11000,埼玉県,8.43,***
1992100000,1992年度,12000,千葉県,10.04,***
1992100000,1992年度,13000,東京都,8.13,***
1992100000,1992年度,14000,神奈川県,9.78,***
1992100000,1992年度,15000,新潟県,7.91,***
1992100000,1992年度,16000,富山県,6.15,***
1992100000,1992年度,17000,石川県,5.32,***
1992100000,1992年度,18000,福井県,8.02,***
1992100000,1992年度,19000,山梨県,11.25,***
1992100000,1992年度,20000,長野県,8.09,***
1992100000,1992年度,21000,岐阜県,7.38,***
1992100000,1992年度,22000,静岡県,6.31,***
1992100000,1992年度,23000,愛知県,6.72,***
1992100000,1992年度,24000,三重県,4.74,***
1992100000,1992年度,25000,滋賀県,6.65,***
1992100000,1992年度,26000,京都府,8.33,***
1992100000,1992年度,27000,大阪府,9.09,***
1992100000,1992年度,28000,兵庫県,7.79,***
1992100000,1992年度,29000,奈良県,6.71,***
1992100000,1992年度,30000,和歌山県,9.93,***
1992100000,1992年度,31000,鳥取県,9.82,***
1992100000,1992年度,32000,島根県,7.14,***
1992100000,1992年度,33000,岡山県,12.05,***
1992100000,1992年度,34000,広島県,6.31,***
1992100000,1992年度,35000,山口県,6.78,***
1992100000,1992年度,36000,徳島県,7.43,***
1992100000,1992年度,37000,香川県,7.46,***
1992100000,1992年度,38000,愛媛県,7.76,***
1992100000,1992年度,39000,高知県,7.8,***
1992100000,1992年度,40000,福岡県,7.26,***
1992100000,1992年度,41000,佐賀県,8.13,***
1992100000,1992年度,42000,長崎県,8.39,***
1992100000,1992年度,43000,熊本県,5.39,***
1992100000,1992年度,44000,大分県,6.47,***
1992100000,1992年度,45000,宮崎県,6.12,***
1992100000,1992年度,46000,鹿児島県,6.22,***
1992100000,1992年度,47000,沖縄県,4.87,***
1991100000,1991年度,1000,北海道,5.92,***
1991100000,1991年度,2000,青森県,4.18,***
1991100000,1991年度,3000,岩手県,5.91,***
1991100000,1991年度,4000,宮城県,6.38,***
1991100000,1991年度,5000,秋田県,5.63,***
1991100000,1991年度,6000,山形県,5.43,***
1991100000,1991年度,7000,福島県,6.62,***
1991100000,1991年度,8000,茨城県,9.34,***
1991100000,1991年度,9000,栃木県,8.63,***
1991100000,1991年度,10000,群馬県,6.67,***
1991100000,1991年度,11000,埼玉県,7.61,***
1991100000,1991年度,12000,千葉県,9.79,***
1991100000,1991年度,13000,東京都,7.41,***
1991100000,1991年度,14000,神奈川県,8.73,***
1991100000,1991年度,15000,新潟県,6.35,***
1991100000,1991年度,16000,富山県,5.76,***
1991100000,1991年度,17000,石川県,4.81,***
1991100000,1991年度,18000,福井県,6.78,***
1991100000,1991年度,19000,山梨県,9.16,***
1991100000,1991年度,20000,長野県,6.76,***
1991100000,1991年度,21000,岐阜県,6.6,***
1991100000,1991年度,22000,静岡県,5.12,***
1991100000,1991年度,23000,愛知県,6.28,***
1991100000,1991年度,24000,三重県,3.89,***
1991100000,1991年度,25000,滋賀県,6.05,***
1991100000,1991年度,26000,京都府,7.2,***
1991100000,1991年度,27000,大阪府,9.12,***
1991100000,1991年度,28000,兵庫県,7.19,***
1991100000,1991年度,29000,奈良県,6.75,***
1991100000,1991年度,30000,和歌山県,8.13,***
1991100000,1991年度,31000,鳥取県,9.48,***
1991100000,1991年度,32000,島根県,7.69,***
1991100000,1991年度,33000,岡山県,11.55,***
1991100000,1991年度,34000,広島県,5.67,***
1991100000,1991年度,35000,山口県,5.63,***
1991100000,1991年度,36000,徳島県,7.35,***
1991100000,1991年度,37000,香川県,7.01,***
1991100000,1991年度,38000,愛媛県,7.12,***
1991100000,1991年度,39000,高知県,7.43,***
1991100000,1991年度,40000,福岡県,7.12,***
1991100000,1991年度,41000,佐賀県,6.88,***
1991100000,1991年度,42000,長崎県,7.26,***
1991100000,1991年度,43000,熊本県,4.86,***
1991100000,1991年度,44000,大分県,5.27,***
1991100000,1991年度,45000,宮崎県,5.08,***
1991100000,1991年度,46000,鹿児島県,5.8,***
1991100000,1991年度,47000,沖縄県,4.91,***
