調査年 コード,調査年,地域 コード,地域,#E09211_小学校長期欠席児童比率（年度間30日以上）（児童千人当たり）【‐】,#L02411_食料費割合（二人以上の世帯）【％】
2022100000,2022年度,1000,北海道,***,26.3
2022100000,2022年度,2000,青森県,***,29.5
2022100000,2022年度,3000,岩手県,***,27
2022100000,2022年度,4000,宮城県,***,27.3
2022100000,2022年度,5000,秋田県,***,26.7
2022100000,2022年度,6000,山形県,***,28
2022100000,2022年度,7000,福島県,***,27.1
2022100000,2022年度,8000,茨城県,***,24
2022100000,2022年度,9000,栃木県,***,27.2
2022100000,2022年度,10000,群馬県,***,25
2022100000,2022年度,11000,埼玉県,***,27.1
2022100000,2022年度,12000,千葉県,***,27.8
2022100000,2022年度,13000,東京都,***,27.4
2022100000,2022年度,14000,神奈川県,***,28.2
2022100000,2022年度,15000,新潟県,***,27.3
2022100000,2022年度,16000,富山県,***,26.4
2022100000,2022年度,17000,石川県,***,27.3
2022100000,2022年度,18000,福井県,***,27.4
2022100000,2022年度,19000,山梨県,***,26.2
2022100000,2022年度,20000,長野県,***,25.3
2022100000,2022年度,21000,岐阜県,***,24.7
2022100000,2022年度,22000,静岡県,***,27.7
2022100000,2022年度,23000,愛知県,***,25
2022100000,2022年度,24000,三重県,***,26
2022100000,2022年度,25000,滋賀県,***,26.5
2022100000,2022年度,26000,京都府,***,28
2022100000,2022年度,27000,大阪府,***,30.5
2022100000,2022年度,28000,兵庫県,***,27.4
2022100000,2022年度,29000,奈良県,***,27
2022100000,2022年度,30000,和歌山県,***,26
2022100000,2022年度,31000,鳥取県,***,25.5
2022100000,2022年度,32000,島根県,***,26
2022100000,2022年度,33000,岡山県,***,24.3
2022100000,2022年度,34000,広島県,***,26.8
2022100000,2022年度,35000,山口県,***,23.3
2022100000,2022年度,36000,徳島県,***,25
2022100000,2022年度,37000,香川県,***,25.1
2022100000,2022年度,38000,愛媛県,***,27.7
2022100000,2022年度,39000,高知県,***,25.7
2022100000,2022年度,40000,福岡県,***,26.5
2022100000,2022年度,41000,佐賀県,***,25.6
2022100000,2022年度,42000,長崎県,***,27.1
2022100000,2022年度,43000,熊本県,***,24.9
2022100000,2022年度,44000,大分県,***,25.2
2022100000,2022年度,45000,宮崎県,***,25.8
2022100000,2022年度,46000,鹿児島県,***,25.1
2022100000,2022年度,47000,沖縄県,***,27.1
2021100000,2021年度,1000,北海道,30.16,26.6
2021100000,2021年度,2000,青森県,15.02,28.4
2021100000,2021年度,3000,岩手県,12.77,27
2021100000,2021年度,4000,宮城県,27,26.6
2021100000,2021年度,5000,秋田県,15.77,29.2
2021100000,2021年度,6000,山形県,11.13,24.7
2021100000,2021年度,7000,福島県,17.24,26.1
2021100000,2021年度,8000,茨城県,34.08,24.7
2021100000,2021年度,9000,栃木県,23.6,26.5
2021100000,2021年度,10000,群馬県,24.46,26.3
2021100000,2021年度,11000,埼玉県,36.3,27.6
2021100000,2021年度,12000,千葉県,27.92,27.8
2021100000,2021年度,13000,東京都,36.31,28.2
2021100000,2021年度,14000,神奈川県,34.59,28.8
2021100000,2021年度,15000,新潟県,14.43,25.5
2021100000,2021年度,16000,富山県,20.62,25.6
2021100000,2021年度,17000,石川県,20.65,27.3
2021100000,2021年度,18000,福井県,15.09,28.7
2021100000,2021年度,19000,山梨県,25.93,27
2021100000,2021年度,20000,長野県,31.61,24.5
2021100000,2021年度,21000,岐阜県,34.4,25.4
2021100000,2021年度,22000,静岡県,23.02,26
2021100000,2021年度,23000,愛知県,23.82,28.6
2021100000,2021年度,24000,三重県,25.79,24.8
2021100000,2021年度,25000,滋賀県,30.24,27.3
2021100000,2021年度,26000,京都府,26.64,28.6
2021100000,2021年度,27000,大阪府,41.08,31.4
2021100000,2021年度,28000,兵庫県,27.94,27.1
2021100000,2021年度,29000,奈良県,35.99,26.8
2021100000,2021年度,30000,和歌山県,20.72,28.8
2021100000,2021年度,31000,鳥取県,22.16,25.1
2021100000,2021年度,32000,島根県,22.07,26.4
2021100000,2021年度,33000,岡山県,30.74,25.7
2021100000,2021年度,34000,広島県,29.21,26.4
2021100000,2021年度,35000,山口県,20.71,24.5
2021100000,2021年度,36000,徳島県,15.51,25.9
2021100000,2021年度,37000,香川県,20.94,25.9
2021100000,2021年度,38000,愛媛県,19.64,27.8
2021100000,2021年度,39000,高知県,25.91,26.7
2021100000,2021年度,40000,福岡県,30.71,26.4
2021100000,2021年度,41000,佐賀県,18.88,25.1
2021100000,2021年度,42000,長崎県,17.65,28.4
2021100000,2021年度,43000,熊本県,24.25,24.7
2021100000,2021年度,44000,大分県,21.11,24.8
2021100000,2021年度,45000,宮崎県,16.5,27.8
2021100000,2021年度,46000,鹿児島県,20.33,23.6
2021100000,2021年度,47000,沖縄県,46.47,29.3
2020100000,2020年度,1000,北海道,20.31,25.7
2020100000,2020年度,2000,青森県,9.82,29.9
2020100000,2020年度,3000,岩手県,9.19,27.3
2020100000,2020年度,4000,宮城県,18.09,28.8
2020100000,2020年度,5000,秋田県,10.38,27.5
2020100000,2020年度,6000,山形県,9.26,26.3
2020100000,2020年度,7000,福島県,12.97,27.1
2020100000,2020年度,8000,茨城県,19.1,26
2020100000,2020年度,9000,栃木県,17,27.1
2020100000,2020年度,10000,群馬県,13.94,26.7
2020100000,2020年度,11000,埼玉県,15.9,25.8
2020100000,2020年度,12000,千葉県,16.69,27.3
2020100000,2020年度,13000,東京都,21.57,28.3
2020100000,2020年度,14000,神奈川県,20.89,28.4
2020100000,2020年度,15000,新潟県,11.27,27.6
2020100000,2020年度,16000,富山県,15.53,26.5
2020100000,2020年度,17000,石川県,13,26.4
2020100000,2020年度,18000,福井県,8.91,29.8
2020100000,2020年度,19000,山梨県,17.83,26.4
2020100000,2020年度,20000,長野県,20.77,26.7
2020100000,2020年度,21000,岐阜県,18.94,25.2
2020100000,2020年度,22000,静岡県,15.37,28.2
2020100000,2020年度,23000,愛知県,16.71,27.8
2020100000,2020年度,24000,三重県,17.3,25.7
2020100000,2020年度,25000,滋賀県,19.75,26.7
2020100000,2020年度,26000,京都府,19.69,31.1
2020100000,2020年度,27000,大阪府,22.5,31.2
2020100000,2020年度,28000,兵庫県,16.28,29.1
2020100000,2020年度,29000,奈良県,20.54,27.1
2020100000,2020年度,30000,和歌山県,14.7,26.9
2020100000,2020年度,31000,鳥取県,18.49,25.7
2020100000,2020年度,32000,島根県,17.04,24.9
2020100000,2020年度,33000,岡山県,22.18,27.4
2020100000,2020年度,34000,広島県,17.49,27.5
2020100000,2020年度,35000,山口県,15.49,25.1
2020100000,2020年度,36000,徳島県,12.6,25.8
2020100000,2020年度,37000,香川県,12.68,26.2
2020100000,2020年度,38000,愛媛県,15.68,28.2
2020100000,2020年度,39000,高知県,19.58,27.3
2020100000,2020年度,40000,福岡県,22.48,23.8
2020100000,2020年度,41000,佐賀県,12.67,25.5
2020100000,2020年度,42000,長崎県,11.27,26.6
2020100000,2020年度,43000,熊本県,14.71,24.6
2020100000,2020年度,44000,大分県,15.65,26.2
2020100000,2020年度,45000,宮崎県,11.71,27.2
2020100000,2020年度,46000,鹿児島県,14.95,26.5
2020100000,2020年度,47000,沖縄県,30.33,30.6
2019100000,2019年度,1000,北海道,12.72,24.7
2019100000,2019年度,2000,青森県,9.05,27.3
2019100000,2019年度,3000,岩手県,7.32,25.7
2019100000,2019年度,4000,宮城県,15.71,28.2
2019100000,2019年度,5000,秋田県,8.94,26.4
2019100000,2019年度,6000,山形県,7.21,25.3
2019100000,2019年度,7000,福島県,10.74,26.2
2019100000,2019年度,8000,茨城県,15.49,24.8
2019100000,2019年度,9000,栃木県,13.43,25.5
2019100000,2019年度,10000,群馬県,10.6,27.1
2019100000,2019年度,11000,埼玉県,12.62,25.3
2019100000,2019年度,12000,千葉県,15.17,25.4
2019100000,2019年度,13000,東京都,14.88,26.8
2019100000,2019年度,14000,神奈川県,15.7,27
2019100000,2019年度,15000,新潟県,8.35,25.7
2019100000,2019年度,16000,富山県,12,25.5
2019100000,2019年度,17000,石川県,11,24.5
2019100000,2019年度,18000,福井県,8.6,26.7
2019100000,2019年度,19000,山梨県,16.04,24.2
2019100000,2019年度,20000,長野県,17.05,23.7
2019100000,2019年度,21000,岐阜県,14.28,25.6
2019100000,2019年度,22000,静岡県,14.31,27.6
2019100000,2019年度,23000,愛知県,12.92,26.4
2019100000,2019年度,24000,三重県,12.44,23.8
2019100000,2019年度,25000,滋賀県,15.75,26.2
2019100000,2019年度,26000,京都府,14.94,28.7
2019100000,2019年度,27000,大阪府,17.78,28.4
2019100000,2019年度,28000,兵庫県,13.95,27.6
2019100000,2019年度,29000,奈良県,18.52,24.3
2019100000,2019年度,30000,和歌山県,12.57,26.9
2019100000,2019年度,31000,鳥取県,16.56,25.8
2019100000,2019年度,32000,島根県,16.94,24.2
2019100000,2019年度,33000,岡山県,18.68,24.1
2019100000,2019年度,34000,広島県,14,24.9
2019100000,2019年度,35000,山口県,12.04,24
2019100000,2019年度,36000,徳島県,11.32,24.8
2019100000,2019年度,37000,香川県,12.11,22.3
2019100000,2019年度,38000,愛媛県,12.84,25.8
2019100000,2019年度,39000,高知県,16.47,24.5
2019100000,2019年度,40000,福岡県,17.5,24.7
2019100000,2019年度,41000,佐賀県,10.25,24
2019100000,2019年度,42000,長崎県,8.77,25.3
2019100000,2019年度,43000,熊本県,12,23.8
2019100000,2019年度,44000,大分県,13.44,25.2
2019100000,2019年度,45000,宮崎県,7.65,24.9
2019100000,2019年度,46000,鹿児島県,10.11,25.1
2019100000,2019年度,47000,沖縄県,22.29,29.3
2018100000,2018年度,1000,北海道,11.14,24.6
2018100000,2018年度,2000,青森県,7.84,27.2
2018100000,2018年度,3000,岩手県,6.62,26.2
2018100000,2018年度,4000,宮城県,14.54,26.4
2018100000,2018年度,5000,秋田県,8.06,25.7
2018100000,2018年度,6000,山形県,6.23,24.1
2018100000,2018年度,7000,福島県,8.88,24.6
2018100000,2018年度,8000,茨城県,12.71,24.5
2018100000,2018年度,9000,栃木県,12.32,24.3
2018100000,2018年度,10000,群馬県,9.36,26.5
2018100000,2018年度,11000,埼玉県,11.69,25.1
2018100000,2018年度,12000,千葉県,14.77,26.5
2018100000,2018年度,13000,東京都,13.15,26.8
2018100000,2018年度,14000,神奈川県,14.8,26.7
2018100000,2018年度,15000,新潟県,7.92,25.7
2018100000,2018年度,16000,富山県,10.18,25.3
2018100000,2018年度,17000,石川県,8.77,23.2
2018100000,2018年度,18000,福井県,7.87,26.2
2018100000,2018年度,19000,山梨県,15.57,26
2018100000,2018年度,20000,長野県,15.23,24.9
2018100000,2018年度,21000,岐阜県,13.59,23.9
2018100000,2018年度,22000,静岡県,13.26,26.1
2018100000,2018年度,23000,愛知県,12.53,26.5
2018100000,2018年度,24000,三重県,11.36,26.6
2018100000,2018年度,25000,滋賀県,14.33,28.4
2018100000,2018年度,26000,京都府,13.74,27.8
2018100000,2018年度,27000,大阪府,17.96,29.9
2018100000,2018年度,28000,兵庫県,12.43,27.2
2018100000,2018年度,29000,奈良県,18.71,25.6
2018100000,2018年度,30000,和歌山県,11.91,29.2
2018100000,2018年度,31000,鳥取県,15.1,26.6
2018100000,2018年度,32000,島根県,13.42,23.7
2018100000,2018年度,33000,岡山県,18.67,24.1
2018100000,2018年度,34000,広島県,13.25,26.5
2018100000,2018年度,35000,山口県,11.41,24
2018100000,2018年度,36000,徳島県,9.26,24.3
2018100000,2018年度,37000,香川県,11.31,22.2
2018100000,2018年度,38000,愛媛県,10.25,25.7
2018100000,2018年度,39000,高知県,15.61,24.8
2018100000,2018年度,40000,福岡県,16.34,23.1
2018100000,2018年度,41000,佐賀県,9.49,24.3
2018100000,2018年度,42000,長崎県,8.46,25.8
2018100000,2018年度,43000,熊本県,9.77,24
2018100000,2018年度,44000,大分県,11.4,23.3
2018100000,2018年度,45000,宮崎県,5.68,25.6
2018100000,2018年度,46000,鹿児島県,10.47,24.2
2018100000,2018年度,47000,沖縄県,20.2,27.2
2017100000,2017年度,1000,北海道,8.67,24.3
2017100000,2017年度,2000,青森県,6.08,28.1
2017100000,2017年度,3000,岩手県,4.86,26
2017100000,2017年度,4000,宮城県,12.5,25.5
2017100000,2017年度,5000,秋田県,6.53,26.8
2017100000,2017年度,6000,山形県,5.66,25.1
2017100000,2017年度,7000,福島県,7.18,24.2
2017100000,2017年度,8000,茨城県,10.59,22.9
2017100000,2017年度,9000,栃木県,10.42,25.4
2017100000,2017年度,10000,群馬県,7.81,24.8
2017100000,2017年度,11000,埼玉県,9.69,25.9
2017100000,2017年度,12000,千葉県,12.92,26.9
2017100000,2017年度,13000,東京都,11.6,25.9
2017100000,2017年度,14000,神奈川県,12.58,25.7
2017100000,2017年度,15000,新潟県,6.73,24.9
2017100000,2017年度,16000,富山県,9.78,23.9
2017100000,2017年度,17000,石川県,8.4,23.8
2017100000,2017年度,18000,福井県,6.35,28.5
2017100000,2017年度,19000,山梨県,13.32,24.9
2017100000,2017年度,20000,長野県,12.6,24
2017100000,2017年度,21000,岐阜県,11.09,23.9
2017100000,2017年度,22000,静岡県,11.33,27
2017100000,2017年度,23000,愛知県,10.64,26.3
2017100000,2017年度,24000,三重県,10.23,25.2
2017100000,2017年度,25000,滋賀県,12.18,27.6
2017100000,2017年度,26000,京都府,12.44,30.2
2017100000,2017年度,27000,大阪府,16.28,28.6
2017100000,2017年度,28000,兵庫県,11.38,30.3
2017100000,2017年度,29000,奈良県,14.72,24.4
2017100000,2017年度,30000,和歌山県,10.59,28.3
2017100000,2017年度,31000,鳥取県,11.35,26.5
2017100000,2017年度,32000,島根県,11.86,25.1
2017100000,2017年度,33000,岡山県,16.11,24.5
2017100000,2017年度,34000,広島県,11.91,25.6
2017100000,2017年度,35000,山口県,10.25,22.7
2017100000,2017年度,36000,徳島県,8.55,24.6
2017100000,2017年度,37000,香川県,9.56,22.3
2017100000,2017年度,38000,愛媛県,8.8,26.3
2017100000,2017年度,39000,高知県,12.79,25.4
2017100000,2017年度,40000,福岡県,14.16,23.3
2017100000,2017年度,41000,佐賀県,7.9,22.7
2017100000,2017年度,42000,長崎県,7.35,26.5
2017100000,2017年度,43000,熊本県,7.17,23.8
2017100000,2017年度,44000,大分県,9.93,23.4
2017100000,2017年度,45000,宮崎県,5.22,25.2
2017100000,2017年度,46000,鹿児島県,8.36,23.9
2017100000,2017年度,47000,沖縄県,17.7,26.9
2016100000,2016年度,1000,北海道,8.62,24.2
2016100000,2016年度,2000,青森県,5.36,29.2
2016100000,2016年度,3000,岩手県,4.17,24.6
2016100000,2016年度,4000,宮城県,10.46,26.4
2016100000,2016年度,5000,秋田県,5.7,25.6
2016100000,2016年度,6000,山形県,4.79,23
2016100000,2016年度,7000,福島県,6.78,24.6
2016100000,2016年度,8000,茨城県,10.32,22.7
2016100000,2016年度,9000,栃木県,9.09,25.6
2016100000,2016年度,10000,群馬県,6.74,26.2
2016100000,2016年度,11000,埼玉県,8.9,24.5
2016100000,2016年度,12000,千葉県,12.52,25.6
2016100000,2016年度,13000,東京都,10.96,26.5
2016100000,2016年度,14000,神奈川県,11.84,25.9
2016100000,2016年度,15000,新潟県,5.89,26.5
2016100000,2016年度,16000,富山県,7.7,24.4
2016100000,2016年度,17000,石川県,6.58,24.8
2016100000,2016年度,18000,福井県,6.42,26.3
2016100000,2016年度,19000,山梨県,12.77,24
2016100000,2016年度,20000,長野県,11.81,23.8
2016100000,2016年度,21000,岐阜県,10.53,25
2016100000,2016年度,22000,静岡県,10.03,25.7
2016100000,2016年度,23000,愛知県,9.54,26.1
2016100000,2016年度,24000,三重県,10.12,24
2016100000,2016年度,25000,滋賀県,12.07,26.1
2016100000,2016年度,26000,京都府,11.1,28.9
2016100000,2016年度,27000,大阪府,14.5,30.6
2016100000,2016年度,28000,兵庫県,10.56,28.4
2016100000,2016年度,29000,奈良県,13.86,24.6
2016100000,2016年度,30000,和歌山県,11.23,27
2016100000,2016年度,31000,鳥取県,10.47,27.1
2016100000,2016年度,32000,島根県,10.1,25.3
2016100000,2016年度,33000,岡山県,16.14,24.1
2016100000,2016年度,34000,広島県,10.26,25.5
2016100000,2016年度,35000,山口県,8.87,22.9
2016100000,2016年度,36000,徳島県,8.62,22.7
2016100000,2016年度,37000,香川県,8.6,23.6
2016100000,2016年度,38000,愛媛県,8.16,24.3
2016100000,2016年度,39000,高知県,12.3,22.4
2016100000,2016年度,40000,福岡県,12.97,23.7
2016100000,2016年度,41000,佐賀県,7.76,25.4
2016100000,2016年度,42000,長崎県,6.27,27.1
2016100000,2016年度,43000,熊本県,6.08,25.2
2016100000,2016年度,44000,大分県,7.93,24.9
2016100000,2016年度,45000,宮崎県,5.44,23
2016100000,2016年度,46000,鹿児島県,6.89,22.9
2016100000,2016年度,47000,沖縄県,16.57,25.7
2015100000,2015年度,1000,北海道,9.05,24.2
2015100000,2015年度,2000,青森県,4.74,27.3
2015100000,2015年度,3000,岩手県,4.44,24.7
2015100000,2015年度,4000,宮城県,8.66,26.4
2015100000,2015年度,5000,秋田県,5.32,25.6
2015100000,2015年度,6000,山形県,3.75,23.5
2015100000,2015年度,7000,福島県,7.24,23
2015100000,2015年度,8000,茨城県,9.86,22.7
2015100000,2015年度,9000,栃木県,9.05,23.6
2015100000,2015年度,10000,群馬県,6.58,27.7
2015100000,2015年度,11000,埼玉県,8.02,25.5
2015100000,2015年度,12000,千葉県,12.05,24.7
2015100000,2015年度,13000,東京都,11.11,25.6
2015100000,2015年度,14000,神奈川県,11.15,26.5
2015100000,2015年度,15000,新潟県,6.02,26.3
2015100000,2015年度,16000,富山県,7.47,24.3
2015100000,2015年度,17000,石川県,6.86,24.4
2015100000,2015年度,18000,福井県,5.52,25.9
2015100000,2015年度,19000,山梨県,10.01,25.1
2015100000,2015年度,20000,長野県,10.64,22.9
2015100000,2015年度,21000,岐阜県,9.73,24.3
2015100000,2015年度,22000,静岡県,8.52,25
2015100000,2015年度,23000,愛知県,8.74,26.8
2015100000,2015年度,24000,三重県,8.81,23
2015100000,2015年度,25000,滋賀県,11.22,24.8
2015100000,2015年度,26000,京都府,10.35,28.5
2015100000,2015年度,27000,大阪府,13.72,28.2
2015100000,2015年度,28000,兵庫県,9.83,28
2015100000,2015年度,29000,奈良県,11.97,23.7
2015100000,2015年度,30000,和歌山県,10.46,23.9
2015100000,2015年度,31000,鳥取県,9.76,24
2015100000,2015年度,32000,島根県,8.27,23.3
2015100000,2015年度,33000,岡山県,14.65,26.2
2015100000,2015年度,34000,広島県,9.27,26.5
2015100000,2015年度,35000,山口県,7.74,23.5
2015100000,2015年度,36000,徳島県,8.46,24
2015100000,2015年度,37000,香川県,7.75,22.3
2015100000,2015年度,38000,愛媛県,7.83,24.5
2015100000,2015年度,39000,高知県,12.27,23
2015100000,2015年度,40000,福岡県,10.42,24
2015100000,2015年度,41000,佐賀県,8.33,25
2015100000,2015年度,42000,長崎県,5.27,28.1
2015100000,2015年度,43000,熊本県,4.72,23.4
2015100000,2015年度,44000,大分県,8.58,23.1
2015100000,2015年度,45000,宮崎県,4.98,24.9
2015100000,2015年度,46000,鹿児島県,7.47,23.2
2015100000,2015年度,47000,沖縄県,14.55,26.1
2014100000,2014年度,1000,北海道,9.01,23
2014100000,2014年度,2000,青森県,4.55,25.9
2014100000,2014年度,3000,岩手県,3.72,25.2
2014100000,2014年度,4000,宮城県,9,24.9
2014100000,2014年度,5000,秋田県,5.47,23.9
2014100000,2014年度,6000,山形県,4.41,23.2
2014100000,2014年度,7000,福島県,7.26,23.1
2014100000,2014年度,8000,茨城県,8.86,23.1
2014100000,2014年度,9000,栃木県,7.9,22.6
2014100000,2014年度,10000,群馬県,6.32,22.8
2014100000,2014年度,11000,埼玉県,6.92,23.8
2014100000,2014年度,12000,千葉県,10.39,25
2014100000,2014年度,13000,東京都,8.24,25.3
2014100000,2014年度,14000,神奈川県,10.32,25.2
2014100000,2014年度,15000,新潟県,5.03,24.5
2014100000,2014年度,16000,富山県,6.77,22.1
2014100000,2014年度,17000,石川県,6.15,23.2
2014100000,2014年度,18000,福井県,5.76,24.1
2014100000,2014年度,19000,山梨県,8.13,24.1
2014100000,2014年度,20000,長野県,10.52,22.5
2014100000,2014年度,21000,岐阜県,8.45,23.2
2014100000,2014年度,22000,静岡県,7.27,25.4
2014100000,2014年度,23000,愛知県,8.19,25.6
2014100000,2014年度,24000,三重県,8.73,23
2014100000,2014年度,25000,滋賀県,11.37,25.1
2014100000,2014年度,26000,京都府,8.99,27.4
2014100000,2014年度,27000,大阪府,12.73,26.8
2014100000,2014年度,28000,兵庫県,9.37,26.9
2014100000,2014年度,29000,奈良県,11.17,22.3
2014100000,2014年度,30000,和歌山県,9.89,24.8
2014100000,2014年度,31000,鳥取県,8.39,23.8
2014100000,2014年度,32000,島根県,8.06,22.9
2014100000,2014年度,33000,岡山県,13.4,23.6
2014100000,2014年度,34000,広島県,8.81,24.2
2014100000,2014年度,35000,山口県,6.93,22.6
2014100000,2014年度,36000,徳島県,8.23,21.2
2014100000,2014年度,37000,香川県,7.32,21.3
2014100000,2014年度,38000,愛媛県,7.33,24.2
2014100000,2014年度,39000,高知県,11.1,22.1
2014100000,2014年度,40000,福岡県,10.47,23.3
2014100000,2014年度,41000,佐賀県,7.74,23.1
2014100000,2014年度,42000,長崎県,5.34,24.5
2014100000,2014年度,43000,熊本県,4.23,22.8
2014100000,2014年度,44000,大分県,8.22,23.1
2014100000,2014年度,45000,宮崎県,4.84,24.2
2014100000,2014年度,46000,鹿児島県,6.5,21.5
2014100000,2014年度,47000,沖縄県,13.82,25.1
2013100000,2013年度,1000,北海道,8.72,22.9
2013100000,2013年度,2000,青森県,4.05,25.3
2013100000,2013年度,3000,岩手県,4.03,23.6
2013100000,2013年度,4000,宮城県,9.02,24.3
2013100000,2013年度,5000,秋田県,4.64,23.7
2013100000,2013年度,6000,山形県,4.21,22.3
2013100000,2013年度,7000,福島県,6.94,23.2
2013100000,2013年度,8000,茨城県,8.65,22.3
2013100000,2013年度,9000,栃木県,7.79,21.9
2013100000,2013年度,10000,群馬県,6.04,22.8
2013100000,2013年度,11000,埼玉県,6.91,24
2013100000,2013年度,12000,千葉県,9.86,25.9
2013100000,2013年度,13000,東京都,7.61,24.4
2013100000,2013年度,14000,神奈川県,9.7,24.9
2013100000,2013年度,15000,新潟県,4.81,25.1
2013100000,2013年度,16000,富山県,6,22.4
2013100000,2013年度,17000,石川県,5.5,22
2013100000,2013年度,18000,福井県,6.12,22.9
2013100000,2013年度,19000,山梨県,8.39,24.8
2013100000,2013年度,20000,長野県,9.72,22.7
2013100000,2013年度,21000,岐阜県,7.85,23.5
2013100000,2013年度,22000,静岡県,7.15,23.8
2013100000,2013年度,23000,愛知県,7.54,24.4
2013100000,2013年度,24000,三重県,8.51,22.9
2013100000,2013年度,25000,滋賀県,10.89,24.6
2013100000,2013年度,26000,京都府,8.07,25.7
2013100000,2013年度,27000,大阪府,12.11,26.5
2013100000,2013年度,28000,兵庫県,8.95,25.8
2013100000,2013年度,29000,奈良県,10.24,23.2
2013100000,2013年度,30000,和歌山県,9.44,24.9
2013100000,2013年度,31000,鳥取県,7.65,24.8
2013100000,2013年度,32000,島根県,7.08,22.1
2013100000,2013年度,33000,岡山県,12.8,21.9
2013100000,2013年度,34000,広島県,8.66,23.6
2013100000,2013年度,35000,山口県,6.71,22.1
2013100000,2013年度,36000,徳島県,6.89,22.1
2013100000,2013年度,37000,香川県,6.69,20.4
2013100000,2013年度,38000,愛媛県,6.97,22.9
2013100000,2013年度,39000,高知県,10.62,23.2
2013100000,2013年度,40000,福岡県,9.62,23.3
2013100000,2013年度,41000,佐賀県,7.4,23.2
2013100000,2013年度,42000,長崎県,5.13,23
2013100000,2013年度,43000,熊本県,3.9,22.3
2013100000,2013年度,44000,大分県,6.65,20.6
2013100000,2013年度,45000,宮崎県,5.16,22.6
2013100000,2013年度,46000,鹿児島県,5.82,21.2
2013100000,2013年度,47000,沖縄県,14.03,23.9
2012100000,2012年度,1000,北海道,7.92,22.5
2012100000,2012年度,2000,青森県,4.14,24.6
2012100000,2012年度,3000,岩手県,3.44,24.7
2012100000,2012年度,4000,宮城県,9.26,23.7
2012100000,2012年度,5000,秋田県,5.09,22.9
2012100000,2012年度,6000,山形県,4.07,22.2
2012100000,2012年度,7000,福島県,7.66,22.7
2012100000,2012年度,8000,茨城県,9.13,21.9
2012100000,2012年度,9000,栃木県,7.64,20.4
2012100000,2012年度,10000,群馬県,6.4,23.9
2012100000,2012年度,11000,埼玉県,6.63,23
2012100000,2012年度,12000,千葉県,9.3,26.2
2012100000,2012年度,13000,東京都,7.56,25.1
2012100000,2012年度,14000,神奈川県,9.34,24.5
2012100000,2012年度,15000,新潟県,4.75,23.5
2012100000,2012年度,16000,富山県,6.78,22.7
2012100000,2012年度,17000,石川県,4.76,23.3
2012100000,2012年度,18000,福井県,5.42,24.1
2012100000,2012年度,19000,山梨県,8.76,25.1
2012100000,2012年度,20000,長野県,9.19,21.4
2012100000,2012年度,21000,岐阜県,7.14,24
2012100000,2012年度,22000,静岡県,6.61,23.8
2012100000,2012年度,23000,愛知県,7.54,27.2
2012100000,2012年度,24000,三重県,7.72,22
2012100000,2012年度,25000,滋賀県,10.29,25.8
2012100000,2012年度,26000,京都府,7.47,26.9
2012100000,2012年度,27000,大阪府,11.51,25.4
2012100000,2012年度,28000,兵庫県,8.49,25.7
2012100000,2012年度,29000,奈良県,8.99,22.5
2012100000,2012年度,30000,和歌山県,9.53,25.8
2012100000,2012年度,31000,鳥取県,8.03,23.7
2012100000,2012年度,32000,島根県,6.93,23.4
2012100000,2012年度,33000,岡山県,11.74,22.7
2012100000,2012年度,34000,広島県,7.67,23.6
2012100000,2012年度,35000,山口県,6.54,21.3
2012100000,2012年度,36000,徳島県,7.54,21.3
2012100000,2012年度,37000,香川県,6.89,21.2
2012100000,2012年度,38000,愛媛県,7.37,23.1
2012100000,2012年度,39000,高知県,9.79,22.6
2012100000,2012年度,40000,福岡県,8.88,22.4
2012100000,2012年度,41000,佐賀県,7.17,21.6
2012100000,2012年度,42000,長崎県,4.9,22.8
2012100000,2012年度,43000,熊本県,3.48,21.4
2012100000,2012年度,44000,大分県,6.75,20.6
2012100000,2012年度,45000,宮崎県,4.95,22.6
2012100000,2012年度,46000,鹿児島県,5.71,20.8
2012100000,2012年度,47000,沖縄県,12.15,24.3
2011100000,2011年度,1000,北海道,7.69,23.3
2011100000,2011年度,2000,青森県,4.25,24.8
2011100000,2011年度,3000,岩手県,3.63,25.1
2011100000,2011年度,4000,宮城県,8.41,25.1
2011100000,2011年度,5000,秋田県,5.36,22.8
2011100000,2011年度,6000,山形県,4.11,23.4
2011100000,2011年度,7000,福島県,7.94,23.2
2011100000,2011年度,8000,茨城県,8.44,21.3
2011100000,2011年度,9000,栃木県,7.91,21.9
2011100000,2011年度,10000,群馬県,6.43,23.4
2011100000,2011年度,11000,埼玉県,6.07,23.7
2011100000,2011年度,12000,千葉県,9.85,24.7
2011100000,2011年度,13000,東京都,7.09,25.1
2011100000,2011年度,14000,神奈川県,9.8,23
2011100000,2011年度,15000,新潟県,5.14,23.9
2011100000,2011年度,16000,富山県,6.48,22.8
2011100000,2011年度,17000,石川県,4.48,24.3
2011100000,2011年度,18000,福井県,6.02,23.2
2011100000,2011年度,19000,山梨県,8.77,24.7
2011100000,2011年度,20000,長野県,9.79,22.1
2011100000,2011年度,21000,岐阜県,6.79,22.3
2011100000,2011年度,22000,静岡県,6.68,23.7
2011100000,2011年度,23000,愛知県,7.21,26.7
2011100000,2011年度,24000,三重県,7.02,22.1
2011100000,2011年度,25000,滋賀県,10.12,25.6
2011100000,2011年度,26000,京都府,7.31,26.5
2011100000,2011年度,27000,大阪府,11.57,26.9
2011100000,2011年度,28000,兵庫県,8.15,25.7
2011100000,2011年度,29000,奈良県,8.28,23.3
2011100000,2011年度,30000,和歌山県,9.4,24.5
2011100000,2011年度,31000,鳥取県,7.36,24.2
2011100000,2011年度,32000,島根県,7.23,23.1
2011100000,2011年度,33000,岡山県,12.25,22.4
2011100000,2011年度,34000,広島県,7.92,23.5
2011100000,2011年度,35000,山口県,6.45,21.5
2011100000,2011年度,36000,徳島県,7.41,21.5
2011100000,2011年度,37000,香川県,6.23,20.6
2011100000,2011年度,38000,愛媛県,7.37,23.6
2011100000,2011年度,39000,高知県,9.58,22.2
2011100000,2011年度,40000,福岡県,9.44,21.6
2011100000,2011年度,41000,佐賀県,7.25,22.6
2011100000,2011年度,42000,長崎県,5.35,25.6
2011100000,2011年度,43000,熊本県,2.98,23.4
2011100000,2011年度,44000,大分県,7.07,21.5
2011100000,2011年度,45000,宮崎県,5.01,22.4
2011100000,2011年度,46000,鹿児島県,4.74,21.6
2011100000,2011年度,47000,沖縄県,11.22,24
2010100000,2010年度,1000,北海道,7.55,21.5
2010100000,2010年度,2000,青森県,4.37,25.6
2010100000,2010年度,3000,岩手県,3.77,23.3
2010100000,2010年度,4000,宮城県,6.96,23.3
2010100000,2010年度,5000,秋田県,5.5,24.1
2010100000,2010年度,6000,山形県,3.84,22.6
2010100000,2010年度,7000,福島県,5.61,22.8
2010100000,2010年度,8000,茨城県,8.32,20.7
2010100000,2010年度,9000,栃木県,7.49,21.5
2010100000,2010年度,10000,群馬県,5.67,22.7
2010100000,2010年度,11000,埼玉県,5.79,23.1
2010100000,2010年度,12000,千葉県,9.44,25
2010100000,2010年度,13000,東京都,6.66,24.1
2010100000,2010年度,14000,神奈川県,9.3,24
2010100000,2010年度,15000,新潟県,5.38,24.5
2010100000,2010年度,16000,富山県,6.15,22.7
2010100000,2010年度,17000,石川県,4.72,23
2010100000,2010年度,18000,福井県,5.82,21.7
2010100000,2010年度,19000,山梨県,8.47,25.2
2010100000,2010年度,20000,長野県,10.17,22.1
2010100000,2010年度,21000,岐阜県,6.55,22.4
2010100000,2010年度,22000,静岡県,6.19,23.3
2010100000,2010年度,23000,愛知県,6.78,24.4
2010100000,2010年度,24000,三重県,6.92,23.3
2010100000,2010年度,25000,滋賀県,10.78,24.4
2010100000,2010年度,26000,京都府,7.27,26.4
2010100000,2010年度,27000,大阪府,11.15,27.1
2010100000,2010年度,28000,兵庫県,7.67,25.6
2010100000,2010年度,29000,奈良県,7.98,22.7
2010100000,2010年度,30000,和歌山県,8.47,26.4
2010100000,2010年度,31000,鳥取県,8.07,24.9
2010100000,2010年度,32000,島根県,7.55,23.8
2010100000,2010年度,33000,岡山県,11.4,21.3
2010100000,2010年度,34000,広島県,7.64,22.8
2010100000,2010年度,35000,山口県,5.67,22.1
2010100000,2010年度,36000,徳島県,7.34,20.8
2010100000,2010年度,37000,香川県,6.14,20.2
2010100000,2010年度,38000,愛媛県,6.79,21.6
2010100000,2010年度,39000,高知県,9.68,21.8
2010100000,2010年度,40000,福岡県,8.49,21.9
2010100000,2010年度,41000,佐賀県,7,22.1
2010100000,2010年度,42000,長崎県,5.84,22.7
2010100000,2010年度,43000,熊本県,3.28,23.3
2010100000,2010年度,44000,大分県,6.85,23.4
2010100000,2010年度,45000,宮崎県,4.94,22.6
2010100000,2010年度,46000,鹿児島県,4.81,20
2010100000,2010年度,47000,沖縄県,10.4,22.7
2009100000,2009年度,1000,北海道,7.76,21.8
2009100000,2009年度,2000,青森県,3.78,25.1
2009100000,2009年度,3000,岩手県,3.51,23.3
2009100000,2009年度,4000,宮城県,6.28,24.3
2009100000,2009年度,5000,秋田県,4.71,23.4
2009100000,2009年度,6000,山形県,3.77,23.1
2009100000,2009年度,7000,福島県,6.86,22.9
2009100000,2009年度,8000,茨城県,7.99,21
2009100000,2009年度,9000,栃木県,8.12,22.8
2009100000,2009年度,10000,群馬県,6.09,24
2009100000,2009年度,11000,埼玉県,5.57,22.7
2009100000,2009年度,12000,千葉県,8.89,25
2009100000,2009年度,13000,東京都,6.91,24.8
2009100000,2009年度,14000,神奈川県,9.11,23.6
2009100000,2009年度,15000,新潟県,4.93,23.7
2009100000,2009年度,16000,富山県,5.46,22.9
2009100000,2009年度,17000,石川県,4.69,22.2
2009100000,2009年度,18000,福井県,6.28,23.7
2009100000,2009年度,19000,山梨県,7.85,23.9
2009100000,2009年度,20000,長野県,9.24,21.4
2009100000,2009年度,21000,岐阜県,6.37,23.7
2009100000,2009年度,22000,静岡県,6.13,23.7
2009100000,2009年度,23000,愛知県,6.75,24.9
2009100000,2009年度,24000,三重県,6.87,22.2
2009100000,2009年度,25000,滋賀県,10.46,22.5
2009100000,2009年度,26000,京都府,7.62,27.3
2009100000,2009年度,27000,大阪府,10.79,25.6
2009100000,2009年度,28000,兵庫県,7.63,26
2009100000,2009年度,29000,奈良県,8.9,23.2
2009100000,2009年度,30000,和歌山県,8.3,24.6
2009100000,2009年度,31000,鳥取県,8,24.1
2009100000,2009年度,32000,島根県,7.38,22.8
2009100000,2009年度,33000,岡山県,10.98,21.6
2009100000,2009年度,34000,広島県,7.3,22.5
2009100000,2009年度,35000,山口県,6.08,20.5
2009100000,2009年度,36000,徳島県,7.78,21.4
2009100000,2009年度,37000,香川県,5.97,20.6
2009100000,2009年度,38000,愛媛県,6.74,24.2
2009100000,2009年度,39000,高知県,9.39,20.8
2009100000,2009年度,40000,福岡県,8.79,22
2009100000,2009年度,41000,佐賀県,6.38,20.9
2009100000,2009年度,42000,長崎県,5.54,24.7
2009100000,2009年度,43000,熊本県,3.21,22.8
2009100000,2009年度,44000,大分県,7.02,22.8
2009100000,2009年度,45000,宮崎県,4.51,24.3
2009100000,2009年度,46000,鹿児島県,4.53,20.6
2009100000,2009年度,47000,沖縄県,10.19,22.5
2008100000,2008年度,1000,北海道,7.87,22.4
2008100000,2008年度,2000,青森県,3.77,25.4
2008100000,2008年度,3000,岩手県,3.74,23.5
2008100000,2008年度,4000,宮城県,7.06,23.4
2008100000,2008年度,5000,秋田県,5.27,23.6
2008100000,2008年度,6000,山形県,3.78,21.5
2008100000,2008年度,7000,福島県,6.94,21
2008100000,2008年度,8000,茨城県,8.31,21.5
2008100000,2008年度,9000,栃木県,9.1,21.3
2008100000,2008年度,10000,群馬県,6.07,23.6
2008100000,2008年度,11000,埼玉県,5.79,24.1
2008100000,2008年度,12000,千葉県,9.69,24.7
2008100000,2008年度,13000,東京都,7.13,24.7
2008100000,2008年度,14000,神奈川県,9.2,24.8
2008100000,2008年度,15000,新潟県,5.54,25
2008100000,2008年度,16000,富山県,6.2,20.9
2008100000,2008年度,17000,石川県,4.54,23.1
2008100000,2008年度,18000,福井県,6.19,22.7
2008100000,2008年度,19000,山梨県,6.95,22.8
2008100000,2008年度,20000,長野県,9.65,22.3
2008100000,2008年度,21000,岐阜県,6.78,23.4
2008100000,2008年度,22000,静岡県,6.85,23
2008100000,2008年度,23000,愛知県,6.81,25.4
2008100000,2008年度,24000,三重県,7.17,21.4
2008100000,2008年度,25000,滋賀県,11.61,24.1
2008100000,2008年度,26000,京都府,8.4,28.3
2008100000,2008年度,27000,大阪府,11.6,26.3
2008100000,2008年度,28000,兵庫県,8.18,25.5
2008100000,2008年度,29000,奈良県,9.66,21.8
2008100000,2008年度,30000,和歌山県,9.3,26.6
2008100000,2008年度,31000,鳥取県,9.42,23.9
2008100000,2008年度,32000,島根県,7.47,23.3
2008100000,2008年度,33000,岡山県,11.64,22.7
2008100000,2008年度,34000,広島県,7.62,22.6
2008100000,2008年度,35000,山口県,6.2,21.1
2008100000,2008年度,36000,徳島県,8.7,20.5
2008100000,2008年度,37000,香川県,7.2,20.7
2008100000,2008年度,38000,愛媛県,6.44,22.5
2008100000,2008年度,39000,高知県,10.11,22.1
2008100000,2008年度,40000,福岡県,8.63,22.2
2008100000,2008年度,41000,佐賀県,7.52,22.3
2008100000,2008年度,42000,長崎県,5.65,24.3
2008100000,2008年度,43000,熊本県,3.72,23
2008100000,2008年度,44000,大分県,7.86,21.9
2008100000,2008年度,45000,宮崎県,5.05,22.8
2008100000,2008年度,46000,鹿児島県,5.73,21.4
2008100000,2008年度,47000,沖縄県,10.68,22.6
2007100000,2007年度,1000,北海道,9.05,22.1
2007100000,2007年度,2000,青森県,4.45,25.4
2007100000,2007年度,3000,岩手県,4.32,23.2
2007100000,2007年度,4000,宮城県,7.81,22.2
2007100000,2007年度,5000,秋田県,5.82,22.7
2007100000,2007年度,6000,山形県,4.3,21
2007100000,2007年度,7000,福島県,7.33,20.3
2007100000,2007年度,8000,茨城県,8.95,19.8
2007100000,2007年度,9000,栃木県,9.74,22.3
2007100000,2007年度,10000,群馬県,7.19,24.2
2007100000,2007年度,11000,埼玉県,6.27,21.8
2007100000,2007年度,12000,千葉県,9.94,24.2
2007100000,2007年度,13000,東京都,7.36,23.8
2007100000,2007年度,14000,神奈川県,10.06,22.8
2007100000,2007年度,15000,新潟県,5.67,24
2007100000,2007年度,16000,富山県,6.37,21.2
2007100000,2007年度,17000,石川県,5.28,22.6
2007100000,2007年度,18000,福井県,7.12,21.6
2007100000,2007年度,19000,山梨県,8.17,23
2007100000,2007年度,20000,長野県,9.62,21.9
2007100000,2007年度,21000,岐阜県,7.09,23.6
2007100000,2007年度,22000,静岡県,7.16,23.2
2007100000,2007年度,23000,愛知県,7.69,24.2
2007100000,2007年度,24000,三重県,7.35,21
2007100000,2007年度,25000,滋賀県,12.78,23.8
2007100000,2007年度,26000,京都府,10.36,26
2007100000,2007年度,27000,大阪府,12.22,24.6
2007100000,2007年度,28000,兵庫県,8.85,26.6
2007100000,2007年度,29000,奈良県,10.78,22.2
2007100000,2007年度,30000,和歌山県,10.6,25.6
2007100000,2007年度,31000,鳥取県,11.22,22.3
2007100000,2007年度,32000,島根県,6.91,22.9
2007100000,2007年度,33000,岡山県,12.55,21.3
2007100000,2007年度,34000,広島県,8.66,21.4
2007100000,2007年度,35000,山口県,6.59,20.6
2007100000,2007年度,36000,徳島県,9.33,20.7
2007100000,2007年度,37000,香川県,7.61,19.1
2007100000,2007年度,38000,愛媛県,7.48,22.3
2007100000,2007年度,39000,高知県,10.43,23.2
2007100000,2007年度,40000,福岡県,9.03,21.9
2007100000,2007年度,41000,佐賀県,7.57,20.9
2007100000,2007年度,42000,長崎県,6.62,23.1
2007100000,2007年度,43000,熊本県,3.94,23.3
2007100000,2007年度,44000,大分県,8.16,20.6
2007100000,2007年度,45000,宮崎県,5.8,22.1
2007100000,2007年度,46000,鹿児島県,7.1,20.6
2007100000,2007年度,47000,沖縄県,11.02,23.3
2006100000,2006年度,1000,北海道,8.91,21.1
2006100000,2006年度,2000,青森県,4.3,24.9
2006100000,2006年度,3000,岩手県,4.25,23.6
2006100000,2006年度,4000,宮城県,8.2,23.4
2006100000,2006年度,5000,秋田県,6.24,21.8
2006100000,2006年度,6000,山形県,5,22.2
2006100000,2006年度,7000,福島県,7.38,23.1
2006100000,2006年度,8000,茨城県,9.62,21.1
2006100000,2006年度,9000,栃木県,9.94,22.3
2006100000,2006年度,10000,群馬県,7.92,21.5
2006100000,2006年度,11000,埼玉県,6.63,22.8
2006100000,2006年度,12000,千葉県,9.97,23.5
2006100000,2006年度,13000,東京都,7.47,24.3
2006100000,2006年度,14000,神奈川県,10,23.1
2006100000,2006年度,15000,新潟県,5.52,23.1
2006100000,2006年度,16000,富山県,6.69,20.7
2006100000,2006年度,17000,石川県,5.29,20.8
2006100000,2006年度,18000,福井県,6.91,22.8
2006100000,2006年度,19000,山梨県,9.06,22.6
2006100000,2006年度,20000,長野県,9.74,21.9
2006100000,2006年度,21000,岐阜県,7.88,23.5
2006100000,2006年度,22000,静岡県,6.86,23.1
2006100000,2006年度,23000,愛知県,8.25,24.8
2006100000,2006年度,24000,三重県,7.55,22.4
2006100000,2006年度,25000,滋賀県,12.63,24.9
2006100000,2006年度,26000,京都府,10.55,27.3
2006100000,2006年度,27000,大阪府,11.98,25.4
2006100000,2006年度,28000,兵庫県,8.79,26.5
2006100000,2006年度,29000,奈良県,10.7,23.2
2006100000,2006年度,30000,和歌山県,10.71,25.2
2006100000,2006年度,31000,鳥取県,10.35,23.9
2006100000,2006年度,32000,島根県,7.35,23.1
2006100000,2006年度,33000,岡山県,11.84,21.4
2006100000,2006年度,34000,広島県,8.65,22.1
2006100000,2006年度,35000,山口県,6.64,21.2
2006100000,2006年度,36000,徳島県,8.99,21.2
2006100000,2006年度,37000,香川県,7.22,21.3
2006100000,2006年度,38000,愛媛県,7.6,22.8
2006100000,2006年度,39000,高知県,9.42,22
2006100000,2006年度,40000,福岡県,8.69,22.7
2006100000,2006年度,41000,佐賀県,7.97,21.2
2006100000,2006年度,42000,長崎県,7.22,23.3
2006100000,2006年度,43000,熊本県,3.94,22.8
2006100000,2006年度,44000,大分県,7.97,21
2006100000,2006年度,45000,宮崎県,5.58,23.2
2006100000,2006年度,46000,鹿児島県,6.67,20.1
2006100000,2006年度,47000,沖縄県,10.86,24.6
2005100000,2005年度,1000,北海道,8.18,20.7
2005100000,2005年度,2000,青森県,4.23,27
2005100000,2005年度,3000,岩手県,4.19,23.7
2005100000,2005年度,4000,宮城県,8.16,21.5
2005100000,2005年度,5000,秋田県,6.08,21.6
2005100000,2005年度,6000,山形県,4.51,21.8
2005100000,2005年度,7000,福島県,7.34,22.8
2005100000,2005年度,8000,茨城県,9.73,21.1
2005100000,2005年度,9000,栃木県,9.48,21.4
2005100000,2005年度,10000,群馬県,6.6,22
2005100000,2005年度,11000,埼玉県,6.22,23.1
2005100000,2005年度,12000,千葉県,9.74,23.4
2005100000,2005年度,13000,東京都,7.29,24.2
2005100000,2005年度,14000,神奈川県,9.51,23
2005100000,2005年度,15000,新潟県,5.35,24.5
2005100000,2005年度,16000,富山県,6.97,20.3
2005100000,2005年度,17000,石川県,4.98,22.7
2005100000,2005年度,18000,福井県,6.11,23.1
2005100000,2005年度,19000,山梨県,9.3,24.2
2005100000,2005年度,20000,長野県,9.87,20.8
2005100000,2005年度,21000,岐阜県,6.92,22.6
2005100000,2005年度,22000,静岡県,6.6,23.5
2005100000,2005年度,23000,愛知県,7.76,25.2
2005100000,2005年度,24000,三重県,6.99,23.5
2005100000,2005年度,25000,滋賀県,11.75,23.4
2005100000,2005年度,26000,京都府,10.35,27
2005100000,2005年度,27000,大阪府,12.22,26.6
2005100000,2005年度,28000,兵庫県,8.73,27.3
2005100000,2005年度,29000,奈良県,10.53,21.8
2005100000,2005年度,30000,和歌山県,10.36,26.4
2005100000,2005年度,31000,鳥取県,9.62,24.1
2005100000,2005年度,32000,島根県,7.16,21.8
2005100000,2005年度,33000,岡山県,11.73,19.8
2005100000,2005年度,34000,広島県,8.45,22.9
2005100000,2005年度,35000,山口県,6.45,21.1
2005100000,2005年度,36000,徳島県,10.1,19.9
2005100000,2005年度,37000,香川県,7.62,21.4
2005100000,2005年度,38000,愛媛県,7.03,21.5
2005100000,2005年度,39000,高知県,9.93,21.8
2005100000,2005年度,40000,福岡県,8.38,21.2
2005100000,2005年度,41000,佐賀県,7.79,22.3
2005100000,2005年度,42000,長崎県,7.05,24.4
2005100000,2005年度,43000,熊本県,4.11,21.2
2005100000,2005年度,44000,大分県,6.9,21.6
2005100000,2005年度,45000,宮崎県,5.25,20.4
2005100000,2005年度,46000,鹿児島県,7,20.2
2005100000,2005年度,47000,沖縄県,8.31,24.8
2004100000,2004年度,1000,北海道,8.55,21.8
2004100000,2004年度,2000,青森県,4.03,25.5
2004100000,2004年度,3000,岩手県,4.64,23.6
2004100000,2004年度,4000,宮城県,7.47,23.8
2004100000,2004年度,5000,秋田県,6.17,22.5
2004100000,2004年度,6000,山形県,4.35,22.1
2004100000,2004年度,7000,福島県,7.28,21.4
2004100000,2004年度,8000,茨城県,9.09,22.2
2004100000,2004年度,9000,栃木県,10.14,21.5
2004100000,2004年度,10000,群馬県,7.22,23.4
2004100000,2004年度,11000,埼玉県,6.35,22.4
2004100000,2004年度,12000,千葉県,9.61,22.8
2004100000,2004年度,13000,東京都,7.49,23.7
2004100000,2004年度,14000,神奈川県,9.59,22.5
2004100000,2004年度,15000,新潟県,5.9,23
2004100000,2004年度,16000,富山県,6.72,20.9
2004100000,2004年度,17000,石川県,4.97,22.7
2004100000,2004年度,18000,福井県,6.51,24
2004100000,2004年度,19000,山梨県,9.18,25.3
2004100000,2004年度,20000,長野県,10.4,21
2004100000,2004年度,21000,岐阜県,6.88,21.6
2004100000,2004年度,22000,静岡県,6.82,23
2004100000,2004年度,23000,愛知県,7.59,25
2004100000,2004年度,24000,三重県,6.75,23.2
2004100000,2004年度,25000,滋賀県,11.43,23.8
2004100000,2004年度,26000,京都府,10.23,26.6
2004100000,2004年度,27000,大阪府,12.35,26.1
2004100000,2004年度,28000,兵庫県,8.45,26.2
2004100000,2004年度,29000,奈良県,11.02,22.5
2004100000,2004年度,30000,和歌山県,10.55,25.8
2004100000,2004年度,31000,鳥取県,8.71,25
2004100000,2004年度,32000,島根県,8.52,23.4
2004100000,2004年度,33000,岡山県,11.98,23
2004100000,2004年度,34000,広島県,8.4,21.2
2004100000,2004年度,35000,山口県,7,20.4
2004100000,2004年度,36000,徳島県,8.79,20.3
2004100000,2004年度,37000,香川県,7.67,20.1
2004100000,2004年度,38000,愛媛県,7.81,24.4
2004100000,2004年度,39000,高知県,9.39,21.9
2004100000,2004年度,40000,福岡県,8.12,21.7
2004100000,2004年度,41000,佐賀県,7.65,23.5
2004100000,2004年度,42000,長崎県,6.81,24.5
2004100000,2004年度,43000,熊本県,4.72,22.2
2004100000,2004年度,44000,大分県,7.54,20.8
2004100000,2004年度,45000,宮崎県,4.78,20.8
2004100000,2004年度,46000,鹿児島県,6.76,21
2004100000,2004年度,47000,沖縄県,8,24.2
2003100000,2003年度,1000,北海道,8.74,23.1
2003100000,2003年度,2000,青森県,4.62,26.4
2003100000,2003年度,3000,岩手県,5.67,23.1
2003100000,2003年度,4000,宮城県,8,23.6
2003100000,2003年度,5000,秋田県,6.9,22.5
2003100000,2003年度,6000,山形県,4.75,25.6
2003100000,2003年度,7000,福島県,7.37,22.3
2003100000,2003年度,8000,茨城県,9.79,20.5
2003100000,2003年度,9000,栃木県,11.6,21.2
2003100000,2003年度,10000,群馬県,7.46,21.9
2003100000,2003年度,11000,埼玉県,6.74,22.8
2003100000,2003年度,12000,千葉県,10.41,23.9
2003100000,2003年度,13000,東京都,8.09,23.7
2003100000,2003年度,14000,神奈川県,9.64,22.9
2003100000,2003年度,15000,新潟県,5.82,22.5
2003100000,2003年度,16000,富山県,6.99,20.7
2003100000,2003年度,17000,石川県,5.34,21.6
2003100000,2003年度,18000,福井県,6.11,25.6
2003100000,2003年度,19000,山梨県,9.49,23.8
2003100000,2003年度,20000,長野県,10.65,21.5
2003100000,2003年度,21000,岐阜県,6.92,22.3
2003100000,2003年度,22000,静岡県,7.03,23
2003100000,2003年度,23000,愛知県,7.59,25.5
2003100000,2003年度,24000,三重県,7.42,22.3
2003100000,2003年度,25000,滋賀県,10.34,23.4
2003100000,2003年度,26000,京都府,10.44,26.7
2003100000,2003年度,27000,大阪府,12.78,26.6
2003100000,2003年度,28000,兵庫県,8.76,25.6
2003100000,2003年度,29000,奈良県,10.85,21.5
2003100000,2003年度,30000,和歌山県,10.59,25.1
2003100000,2003年度,31000,鳥取県,10.42,25.6
2003100000,2003年度,32000,島根県,8.08,22.6
2003100000,2003年度,33000,岡山県,12.51,20.7
2003100000,2003年度,34000,広島県,8.9,22.6
2003100000,2003年度,35000,山口県,7.49,20.6
2003100000,2003年度,36000,徳島県,8.53,20.1
2003100000,2003年度,37000,香川県,8.28,21.5
2003100000,2003年度,38000,愛媛県,8.53,22.9
2003100000,2003年度,39000,高知県,9.03,22.7
2003100000,2003年度,40000,福岡県,8.87,21.9
2003100000,2003年度,41000,佐賀県,8.91,22
2003100000,2003年度,42000,長崎県,6.96,25.2
2003100000,2003年度,43000,熊本県,5.3,22.6
2003100000,2003年度,44000,大分県,7.52,22.3
2003100000,2003年度,45000,宮崎県,5.58,22.5
2003100000,2003年度,46000,鹿児島県,7.5,20.2
2003100000,2003年度,47000,沖縄県,7.99,23.8
2002100000,2002年度,1000,北海道,9.35,22
2002100000,2002年度,2000,青森県,5.81,25.4
2002100000,2002年度,3000,岩手県,6.56,23.8
2002100000,2002年度,4000,宮城県,9.29,22.2
2002100000,2002年度,5000,秋田県,8.15,22.4
2002100000,2002年度,6000,山形県,5.59,23
2002100000,2002年度,7000,福島県,8.08,20.4
2002100000,2002年度,8000,茨城県,11.14,21.3
2002100000,2002年度,9000,栃木県,11.05,22.5
2002100000,2002年度,10000,群馬県,8.03,22.8
2002100000,2002年度,11000,埼玉県,7.3,21.5
2002100000,2002年度,12000,千葉県,11.39,23.4
2002100000,2002年度,13000,東京都,8.56,23.9
2002100000,2002年度,14000,神奈川県,11.77,24.6
2002100000,2002年度,15000,新潟県,6.61,23.7
2002100000,2002年度,16000,富山県,6.71,19.1
2002100000,2002年度,17000,石川県,5.63,21.6
2002100000,2002年度,18000,福井県,6.33,24.9
2002100000,2002年度,19000,山梨県,10.18,22.4
2002100000,2002年度,20000,長野県,11.69,20.5
2002100000,2002年度,21000,岐阜県,8.58,22.9
2002100000,2002年度,22000,静岡県,7.34,24
2002100000,2002年度,23000,愛知県,8.19,26.1
2002100000,2002年度,24000,三重県,8.28,20.8
2002100000,2002年度,25000,滋賀県,10.95,24.2
2002100000,2002年度,26000,京都府,11.51,25.6
2002100000,2002年度,27000,大阪府,13.48,25.6
2002100000,2002年度,28000,兵庫県,9.1,25.6
2002100000,2002年度,29000,奈良県,11.43,22.9
2002100000,2002年度,30000,和歌山県,12.14,24.7
2002100000,2002年度,31000,鳥取県,11.68,26
2002100000,2002年度,32000,島根県,9.1,21.1
2002100000,2002年度,33000,岡山県,13.68,20.4
2002100000,2002年度,34000,広島県,9.23,20.5
2002100000,2002年度,35000,山口県,8.02,20.7
2002100000,2002年度,36000,徳島県,9.09,21.2
2002100000,2002年度,37000,香川県,9.39,21.1
2002100000,2002年度,38000,愛媛県,9.63,22.6
2002100000,2002年度,39000,高知県,9.95,22.8
2002100000,2002年度,40000,福岡県,9.82,22.4
2002100000,2002年度,41000,佐賀県,9.25,20.9
2002100000,2002年度,42000,長崎県,8.38,24.8
2002100000,2002年度,43000,熊本県,6.03,22.7
2002100000,2002年度,44000,大分県,7.87,20.1
2002100000,2002年度,45000,宮崎県,6.28,23
2002100000,2002年度,46000,鹿児島県,8.06,20.8
2002100000,2002年度,47000,沖縄県,9.18,23.7
2001100000,2001年度,1000,北海道,10.67,21.4
2001100000,2001年度,2000,青森県,7.05,23.4
2001100000,2001年度,3000,岩手県,7.86,22.3
2001100000,2001年度,4000,宮城県,10.45,23.1
2001100000,2001年度,5000,秋田県,8.73,23.6
2001100000,2001年度,6000,山形県,6.87,23.4
2001100000,2001年度,7000,福島県,10.05,22.8
2001100000,2001年度,8000,茨城県,12.82,19.4
2001100000,2001年度,9000,栃木県,12.55,22.9
2001100000,2001年度,10000,群馬県,9.32,22.8
2001100000,2001年度,11000,埼玉県,8.43,21.5
2001100000,2001年度,12000,千葉県,12.78,23.4
2001100000,2001年度,13000,東京都,9.77,23.8
2001100000,2001年度,14000,神奈川県,12.53,23.8
2001100000,2001年度,15000,新潟県,8.08,22.3
2001100000,2001年度,16000,富山県,7.34,20.9
2001100000,2001年度,17000,石川県,6.3,22.7
2001100000,2001年度,18000,福井県,7.09,23.7
2001100000,2001年度,19000,山梨県,11.12,22.1
2001100000,2001年度,20000,長野県,13.31,20.3
2001100000,2001年度,21000,岐阜県,9.85,23.3
2001100000,2001年度,22000,静岡県,8.54,23.9
2001100000,2001年度,23000,愛知県,9.73,24.6
2001100000,2001年度,24000,三重県,9.16,23.2
2001100000,2001年度,25000,滋賀県,11.73,23.3
2001100000,2001年度,26000,京都府,11.93,27
2001100000,2001年度,27000,大阪府,14.54,25.5
2001100000,2001年度,28000,兵庫県,10.29,24.4
2001100000,2001年度,29000,奈良県,13.02,22.1
2001100000,2001年度,30000,和歌山県,12.97,26.2
2001100000,2001年度,31000,鳥取県,12.9,26.1
2001100000,2001年度,32000,島根県,10.27,24.9
2001100000,2001年度,33000,岡山県,14.52,22
2001100000,2001年度,34000,広島県,10.19,21.1
2001100000,2001年度,35000,山口県,8.94,21.7
2001100000,2001年度,36000,徳島県,10.62,22.3
2001100000,2001年度,37000,香川県,10.25,20.8
2001100000,2001年度,38000,愛媛県,10.53,22.7
2001100000,2001年度,39000,高知県,11.94,23.4
2001100000,2001年度,40000,福岡県,11.06,20.6
2001100000,2001年度,41000,佐賀県,11.17,21.3
2001100000,2001年度,42000,長崎県,10.6,25
2001100000,2001年度,43000,熊本県,7.07,22.4
2001100000,2001年度,44000,大分県,8.18,20.4
2001100000,2001年度,45000,宮崎県,7.53,22.5
2001100000,2001年度,46000,鹿児島県,8.61,19.4
2001100000,2001年度,47000,沖縄県,10.24,23.8
2000100000,2000年度,1000,北海道,10.27,22.7
2000100000,2000年度,2000,青森県,7.37,25.5
2000100000,2000年度,3000,岩手県,7.56,23
2000100000,2000年度,4000,宮城県,11.43,23.1
2000100000,2000年度,5000,秋田県,8.78,22.3
2000100000,2000年度,6000,山形県,6.92,22
2000100000,2000年度,7000,福島県,10.02,20
2000100000,2000年度,8000,茨城県,13.25,22
2000100000,2000年度,9000,栃木県,13.16,22.5
2000100000,2000年度,10000,群馬県,9.63,22.5
2000100000,2000年度,11000,埼玉県,8.75,22.6
2000100000,2000年度,12000,千葉県,12.96,24.8
2000100000,2000年度,13000,東京都,10.2,23.4
2000100000,2000年度,14000,神奈川県,12.75,23.7
2000100000,2000年度,15000,新潟県,7.68,22.9
2000100000,2000年度,16000,富山県,7.32,20.3
2000100000,2000年度,17000,石川県,5.98,22.6
2000100000,2000年度,18000,福井県,7.74,23.9
2000100000,2000年度,19000,山梨県,11.11,22.6
2000100000,2000年度,20000,長野県,13.3,21.6
2000100000,2000年度,21000,岐阜県,9.42,23.2
2000100000,2000年度,22000,静岡県,8.75,23.8
2000100000,2000年度,23000,愛知県,8.99,23.7
2000100000,2000年度,24000,三重県,8.74,23.1
2000100000,2000年度,25000,滋賀県,11.37,24.2
2000100000,2000年度,26000,京都府,11.66,26.3
2000100000,2000年度,27000,大阪府,14.51,25.9
2000100000,2000年度,28000,兵庫県,10.4,25.6
2000100000,2000年度,29000,奈良県,12.06,23
2000100000,2000年度,30000,和歌山県,14,25.5
2000100000,2000年度,31000,鳥取県,12.87,25.8
2000100000,2000年度,32000,島根県,9.65,24.5
2000100000,2000年度,33000,岡山県,15.92,21.7
2000100000,2000年度,34000,広島県,9.27,21.9
2000100000,2000年度,35000,山口県,9.04,19.9
2000100000,2000年度,36000,徳島県,11.09,21.5
2000100000,2000年度,37000,香川県,9.14,22.8
2000100000,2000年度,38000,愛媛県,10.26,22.4
2000100000,2000年度,39000,高知県,12.31,22
2000100000,2000年度,40000,福岡県,10.86,22.8
2000100000,2000年度,41000,佐賀県,10.82,22.6
2000100000,2000年度,42000,長崎県,10.08,24
2000100000,2000年度,43000,熊本県,7.08,21.4
2000100000,2000年度,44000,大分県,8.91,21.9
2000100000,2000年度,45000,宮崎県,8.11,20
2000100000,2000年度,46000,鹿児島県,8.62,20.2
2000100000,2000年度,47000,沖縄県,10.04,23.3
1999100000,1999年度,1000,北海道,10.13,***
1999100000,1999年度,2000,青森県,6.14,***
1999100000,1999年度,3000,岩手県,7.84,***
1999100000,1999年度,4000,宮城県,11.13,***
1999100000,1999年度,5000,秋田県,8.01,***
1999100000,1999年度,6000,山形県,6.94,***
1999100000,1999年度,7000,福島県,9.05,***
1999100000,1999年度,8000,茨城県,13.13,***
1999100000,1999年度,9000,栃木県,13.22,***
1999100000,1999年度,10000,群馬県,9.29,***
1999100000,1999年度,11000,埼玉県,9.22,***
1999100000,1999年度,12000,千葉県,12.13,***
1999100000,1999年度,13000,東京都,10.06,***
1999100000,1999年度,14000,神奈川県,12.29,***
1999100000,1999年度,15000,新潟県,8.06,***
1999100000,1999年度,16000,富山県,7.55,***
1999100000,1999年度,17000,石川県,5.61,***
1999100000,1999年度,18000,福井県,8.37,***
1999100000,1999年度,19000,山梨県,11.83,***
1999100000,1999年度,20000,長野県,12.22,***
1999100000,1999年度,21000,岐阜県,9.45,***
1999100000,1999年度,22000,静岡県,8.88,***
1999100000,1999年度,23000,愛知県,8.76,***
1999100000,1999年度,24000,三重県,8.11,***
1999100000,1999年度,25000,滋賀県,11.44,***
1999100000,1999年度,26000,京都府,11.99,***
1999100000,1999年度,27000,大阪府,13.58,***
1999100000,1999年度,28000,兵庫県,10.13,***
1999100000,1999年度,29000,奈良県,12.16,***
1999100000,1999年度,30000,和歌山県,13.94,***
1999100000,1999年度,31000,鳥取県,12.5,***
1999100000,1999年度,32000,島根県,10.47,***
1999100000,1999年度,33000,岡山県,16.3,***
1999100000,1999年度,34000,広島県,9.76,***
1999100000,1999年度,35000,山口県,8.39,***
1999100000,1999年度,36000,徳島県,10.83,***
1999100000,1999年度,37000,香川県,9.51,***
1999100000,1999年度,38000,愛媛県,9.11,***
1999100000,1999年度,39000,高知県,11.79,***
1999100000,1999年度,40000,福岡県,11.76,***
1999100000,1999年度,41000,佐賀県,11.14,***
1999100000,1999年度,42000,長崎県,10.57,***
1999100000,1999年度,43000,熊本県,7.66,***
1999100000,1999年度,44000,大分県,9.17,***
1999100000,1999年度,45000,宮崎県,8.15,***
1999100000,1999年度,46000,鹿児島県,9.04,***
1999100000,1999年度,47000,沖縄県,9.85,***
1998100000,1998年度,1000,北海道,10.58,***
1998100000,1998年度,2000,青森県,6.99,***
1998100000,1998年度,3000,岩手県,8.04,***
1998100000,1998年度,4000,宮城県,11.36,***
1998100000,1998年度,5000,秋田県,8.71,***
1998100000,1998年度,6000,山形県,6.8,***
1998100000,1998年度,7000,福島県,9.35,***
1998100000,1998年度,8000,茨城県,13.35,***
1998100000,1998年度,9000,栃木県,13.41,***
1998100000,1998年度,10000,群馬県,10.26,***
1998100000,1998年度,11000,埼玉県,9.8,***
1998100000,1998年度,12000,千葉県,13.59,***
1998100000,1998年度,13000,東京都,11,***
1998100000,1998年度,14000,神奈川県,13.4,***
1998100000,1998年度,15000,新潟県,8.7,***
1998100000,1998年度,16000,富山県,6.83,***
1998100000,1998年度,17000,石川県,5.87,***
1998100000,1998年度,18000,福井県,8.16,***
1998100000,1998年度,19000,山梨県,12.5,***
1998100000,1998年度,20000,長野県,12.67,***
1998100000,1998年度,21000,岐阜県,10.31,***
1998100000,1998年度,22000,静岡県,8.67,***
1998100000,1998年度,23000,愛知県,8.84,***
1998100000,1998年度,24000,三重県,8.44,***
1998100000,1998年度,25000,滋賀県,11.66,***
1998100000,1998年度,26000,京都府,11.88,***
1998100000,1998年度,27000,大阪府,13.87,***
1998100000,1998年度,28000,兵庫県,9.99,***
1998100000,1998年度,29000,奈良県,12.12,***
1998100000,1998年度,30000,和歌山県,14.1,***
1998100000,1998年度,31000,鳥取県,13.55,***
1998100000,1998年度,32000,島根県,9.25,***
1998100000,1998年度,33000,岡山県,16.15,***
1998100000,1998年度,34000,広島県,9.02,***
1998100000,1998年度,35000,山口県,8.95,***
1998100000,1998年度,36000,徳島県,11.65,***
1998100000,1998年度,37000,香川県,9.3,***
1998100000,1998年度,38000,愛媛県,9.79,***
1998100000,1998年度,39000,高知県,13.12,***
1998100000,1998年度,40000,福岡県,10.86,***
1998100000,1998年度,41000,佐賀県,11.23,***
1998100000,1998年度,42000,長崎県,10.63,***
1998100000,1998年度,43000,熊本県,8.89,***
1998100000,1998年度,44000,大分県,9.77,***
1998100000,1998年度,45000,宮崎県,8.33,***
1998100000,1998年度,46000,鹿児島県,8.4,***
1998100000,1998年度,47000,沖縄県,10.01,***
1997100000,1997年度,1000,北海道,10.03,***
1997100000,1997年度,2000,青森県,6.08,***
1997100000,1997年度,3000,岩手県,8.33,***
1997100000,1997年度,4000,宮城県,10.98,***
1997100000,1997年度,5000,秋田県,8.94,***
1997100000,1997年度,6000,山形県,7.02,***
1997100000,1997年度,7000,福島県,9.41,***
1997100000,1997年度,8000,茨城県,12.08,***
1997100000,1997年度,9000,栃木県,12.49,***
1997100000,1997年度,10000,群馬県,10.08,***
1997100000,1997年度,11000,埼玉県,9.93,***
1997100000,1997年度,12000,千葉県,12.32,***
1997100000,1997年度,13000,東京都,10.34,***
1997100000,1997年度,14000,神奈川県,12.32,***
1997100000,1997年度,15000,新潟県,8.91,***
1997100000,1997年度,16000,富山県,7.03,***
1997100000,1997年度,17000,石川県,5.68,***
1997100000,1997年度,18000,福井県,7.66,***
1997100000,1997年度,19000,山梨県,12.04,***
1997100000,1997年度,20000,長野県,12.44,***
1997100000,1997年度,21000,岐阜県,9.77,***
1997100000,1997年度,22000,静岡県,8.03,***
1997100000,1997年度,23000,愛知県,8.51,***
1997100000,1997年度,24000,三重県,6.86,***
1997100000,1997年度,25000,滋賀県,10.8,***
1997100000,1997年度,26000,京都府,12.1,***
1997100000,1997年度,27000,大阪府,13.15,***
1997100000,1997年度,28000,兵庫県,9.53,***
1997100000,1997年度,29000,奈良県,10.7,***
1997100000,1997年度,30000,和歌山県,13.95,***
1997100000,1997年度,31000,鳥取県,12.99,***
1997100000,1997年度,32000,島根県,9.78,***
1997100000,1997年度,33000,岡山県,15.61,***
1997100000,1997年度,34000,広島県,9.93,***
1997100000,1997年度,35000,山口県,8.3,***
1997100000,1997年度,36000,徳島県,11.59,***
1997100000,1997年度,37000,香川県,9.3,***
1997100000,1997年度,38000,愛媛県,9.57,***
1997100000,1997年度,39000,高知県,12.24,***
1997100000,1997年度,40000,福岡県,10.42,***
1997100000,1997年度,41000,佐賀県,10.92,***
1997100000,1997年度,42000,長崎県,10.55,***
1997100000,1997年度,43000,熊本県,8.98,***
1997100000,1997年度,44000,大分県,8.36,***
1997100000,1997年度,45000,宮崎県,7.89,***
1997100000,1997年度,46000,鹿児島県,8.38,***
1997100000,1997年度,47000,沖縄県,9.44,***
1996100000,1996年度,1000,北海道,10.16,***
1996100000,1996年度,2000,青森県,6.63,***
1996100000,1996年度,3000,岩手県,7.42,***
1996100000,1996年度,4000,宮城県,9.06,***
1996100000,1996年度,5000,秋田県,7.63,***
1996100000,1996年度,6000,山形県,7.26,***
1996100000,1996年度,7000,福島県,9.12,***
1996100000,1996年度,8000,茨城県,11.43,***
1996100000,1996年度,9000,栃木県,10.85,***
1996100000,1996年度,10000,群馬県,9.34,***
1996100000,1996年度,11000,埼玉県,9.04,***
1996100000,1996年度,12000,千葉県,11.38,***
1996100000,1996年度,13000,東京都,9.94,***
1996100000,1996年度,14000,神奈川県,11.76,***
1996100000,1996年度,15000,新潟県,8.66,***
1996100000,1996年度,16000,富山県,7.17,***
1996100000,1996年度,17000,石川県,5.5,***
1996100000,1996年度,18000,福井県,7.64,***
1996100000,1996年度,19000,山梨県,12.05,***
1996100000,1996年度,20000,長野県,11.95,***
1996100000,1996年度,21000,岐阜県,9.3,***
1996100000,1996年度,22000,静岡県,7.14,***
1996100000,1996年度,23000,愛知県,7.97,***
1996100000,1996年度,24000,三重県,6.27,***
1996100000,1996年度,25000,滋賀県,10.14,***
1996100000,1996年度,26000,京都府,10.23,***
1996100000,1996年度,27000,大阪府,12.1,***
1996100000,1996年度,28000,兵庫県,8.93,***
1996100000,1996年度,29000,奈良県,10.57,***
1996100000,1996年度,30000,和歌山県,13.37,***
1996100000,1996年度,31000,鳥取県,12.2,***
1996100000,1996年度,32000,島根県,8.81,***
1996100000,1996年度,33000,岡山県,14.87,***
1996100000,1996年度,34000,広島県,8.82,***
1996100000,1996年度,35000,山口県,8.15,***
1996100000,1996年度,36000,徳島県,10.25,***
1996100000,1996年度,37000,香川県,8.33,***
1996100000,1996年度,38000,愛媛県,9.37,***
1996100000,1996年度,39000,高知県,10.97,***
1996100000,1996年度,40000,福岡県,9.93,***
1996100000,1996年度,41000,佐賀県,9.54,***
1996100000,1996年度,42000,長崎県,8.69,***
1996100000,1996年度,43000,熊本県,7.86,***
1996100000,1996年度,44000,大分県,8.05,***
1996100000,1996年度,45000,宮崎県,7.22,***
1996100000,1996年度,46000,鹿児島県,8.18,***
1996100000,1996年度,47000,沖縄県,7.23,***
1995100000,1995年度,1000,北海道,8.37,***
1995100000,1995年度,2000,青森県,5.67,***
1995100000,1995年度,3000,岩手県,6.46,***
1995100000,1995年度,4000,宮城県,8.2,***
1995100000,1995年度,5000,秋田県,7.18,***
1995100000,1995年度,6000,山形県,5.96,***
1995100000,1995年度,7000,福島県,7.83,***
1995100000,1995年度,8000,茨城県,9.9,***
1995100000,1995年度,9000,栃木県,9.47,***
1995100000,1995年度,10000,群馬県,8.49,***
1995100000,1995年度,11000,埼玉県,8.63,***
1995100000,1995年度,12000,千葉県,10.04,***
1995100000,1995年度,13000,東京都,8.95,***
1995100000,1995年度,14000,神奈川県,10.18,***
1995100000,1995年度,15000,新潟県,7.86,***
1995100000,1995年度,16000,富山県,6.05,***
1995100000,1995年度,17000,石川県,4.47,***
1995100000,1995年度,18000,福井県,6.87,***
1995100000,1995年度,19000,山梨県,10.2,***
1995100000,1995年度,20000,長野県,9.65,***
1995100000,1995年度,21000,岐阜県,8.33,***
1995100000,1995年度,22000,静岡県,5.72,***
1995100000,1995年度,23000,愛知県,6.86,***
1995100000,1995年度,24000,三重県,5.74,***
1995100000,1995年度,25000,滋賀県,8.73,***
1995100000,1995年度,26000,京都府,9.29,***
1995100000,1995年度,27000,大阪府,10.3,***
1995100000,1995年度,28000,兵庫県,8.06,***
1995100000,1995年度,29000,奈良県,9.51,***
1995100000,1995年度,30000,和歌山県,11.27,***
1995100000,1995年度,31000,鳥取県,10.98,***
1995100000,1995年度,32000,島根県,8,***
1995100000,1995年度,33000,岡山県,12.79,***
1995100000,1995年度,34000,広島県,7.51,***
1995100000,1995年度,35000,山口県,7.3,***
1995100000,1995年度,36000,徳島県,8.81,***
1995100000,1995年度,37000,香川県,7.85,***
1995100000,1995年度,38000,愛媛県,8.47,***
1995100000,1995年度,39000,高知県,10.82,***
1995100000,1995年度,40000,福岡県,9.16,***
1995100000,1995年度,41000,佐賀県,8,***
1995100000,1995年度,42000,長崎県,8.57,***
1995100000,1995年度,43000,熊本県,6.22,***
1995100000,1995年度,44000,大分県,7.61,***
1995100000,1995年度,45000,宮崎県,7.04,***
1995100000,1995年度,46000,鹿児島県,7.24,***
1995100000,1995年度,47000,沖縄県,6.95,***
1994100000,1994年度,1000,北海道,7.97,***
1994100000,1994年度,2000,青森県,5.57,***
1994100000,1994年度,3000,岩手県,6.73,***
1994100000,1994年度,4000,宮城県,7.99,***
1994100000,1994年度,5000,秋田県,7.67,***
1994100000,1994年度,6000,山形県,5.47,***
1994100000,1994年度,7000,福島県,8.02,***
1994100000,1994年度,8000,茨城県,10.18,***
1994100000,1994年度,9000,栃木県,10.1,***
1994100000,1994年度,10000,群馬県,8.21,***
1994100000,1994年度,11000,埼玉県,8.46,***
1994100000,1994年度,12000,千葉県,10.35,***
1994100000,1994年度,13000,東京都,8.56,***
1994100000,1994年度,14000,神奈川県,10.56,***
1994100000,1994年度,15000,新潟県,7.46,***
1994100000,1994年度,16000,富山県,6.92,***
1994100000,1994年度,17000,石川県,4.6,***
1994100000,1994年度,18000,福井県,7.48,***
1994100000,1994年度,19000,山梨県,11.22,***
1994100000,1994年度,20000,長野県,9.21,***
1994100000,1994年度,21000,岐阜県,7.65,***
1994100000,1994年度,22000,静岡県,5.81,***
1994100000,1994年度,23000,愛知県,6.86,***
1994100000,1994年度,24000,三重県,5.31,***
1994100000,1994年度,25000,滋賀県,7.65,***
1994100000,1994年度,26000,京都府,8.88,***
1994100000,1994年度,27000,大阪府,9.59,***
1994100000,1994年度,28000,兵庫県,6.82,***
1994100000,1994年度,29000,奈良県,8.58,***
1994100000,1994年度,30000,和歌山県,10.77,***
1994100000,1994年度,31000,鳥取県,10.57,***
1994100000,1994年度,32000,島根県,7.9,***
1994100000,1994年度,33000,岡山県,13.6,***
1994100000,1994年度,34000,広島県,7.28,***
1994100000,1994年度,35000,山口県,6.56,***
1994100000,1994年度,36000,徳島県,7.46,***
1994100000,1994年度,37000,香川県,7.6,***
1994100000,1994年度,38000,愛媛県,7.74,***
1994100000,1994年度,39000,高知県,9.33,***
1994100000,1994年度,40000,福岡県,8.56,***
1994100000,1994年度,41000,佐賀県,8.13,***
1994100000,1994年度,42000,長崎県,8.51,***
1994100000,1994年度,43000,熊本県,6.14,***
1994100000,1994年度,44000,大分県,6.55,***
1994100000,1994年度,45000,宮崎県,6.16,***
1994100000,1994年度,46000,鹿児島県,7.1,***
1994100000,1994年度,47000,沖縄県,5.09,***
1993100000,1993年度,1000,北海道,7.05,***
1993100000,1993年度,2000,青森県,5.36,***
1993100000,1993年度,3000,岩手県,6.41,***
1993100000,1993年度,4000,宮城県,6.84,***
1993100000,1993年度,5000,秋田県,6.17,***
1993100000,1993年度,6000,山形県,5.53,***
1993100000,1993年度,7000,福島県,7.49,***
1993100000,1993年度,8000,茨城県,9.07,***
1993100000,1993年度,9000,栃木県,9.45,***
1993100000,1993年度,10000,群馬県,7.53,***
1993100000,1993年度,11000,埼玉県,7.9,***
1993100000,1993年度,12000,千葉県,9.6,***
1993100000,1993年度,13000,東京都,8.01,***
1993100000,1993年度,14000,神奈川県,10.23,***
1993100000,1993年度,15000,新潟県,7.16,***
1993100000,1993年度,16000,富山県,6.01,***
1993100000,1993年度,17000,石川県,4.51,***
1993100000,1993年度,18000,福井県,6.77,***
1993100000,1993年度,19000,山梨県,9.93,***
1993100000,1993年度,20000,長野県,8.84,***
1993100000,1993年度,21000,岐阜県,7.25,***
1993100000,1993年度,22000,静岡県,5.55,***
1993100000,1993年度,23000,愛知県,6.6,***
1993100000,1993年度,24000,三重県,4.62,***
1993100000,1993年度,25000,滋賀県,6.81,***
1993100000,1993年度,26000,京都府,7.9,***
1993100000,1993年度,27000,大阪府,9.2,***
1993100000,1993年度,28000,兵庫県,7.4,***
1993100000,1993年度,29000,奈良県,7.31,***
1993100000,1993年度,30000,和歌山県,10.23,***
1993100000,1993年度,31000,鳥取県,9.61,***
1993100000,1993年度,32000,島根県,7.57,***
1993100000,1993年度,33000,岡山県,12.07,***
1993100000,1993年度,34000,広島県,6.16,***
1993100000,1993年度,35000,山口県,6.6,***
1993100000,1993年度,36000,徳島県,7.81,***
1993100000,1993年度,37000,香川県,7.71,***
1993100000,1993年度,38000,愛媛県,7.83,***
1993100000,1993年度,39000,高知県,9.97,***
1993100000,1993年度,40000,福岡県,7.42,***
1993100000,1993年度,41000,佐賀県,6.88,***
1993100000,1993年度,42000,長崎県,7.66,***
1993100000,1993年度,43000,熊本県,5.16,***
1993100000,1993年度,44000,大分県,6.46,***
1993100000,1993年度,45000,宮崎県,6.44,***
1993100000,1993年度,46000,鹿児島県,6.55,***
1993100000,1993年度,47000,沖縄県,5.63,***
1992100000,1992年度,1000,北海道,7.2,***
1992100000,1992年度,2000,青森県,4.74,***
1992100000,1992年度,3000,岩手県,7.27,***
1992100000,1992年度,4000,宮城県,7.61,***
1992100000,1992年度,5000,秋田県,7.04,***
1992100000,1992年度,6000,山形県,6.16,***
1992100000,1992年度,7000,福島県,8.67,***
1992100000,1992年度,8000,茨城県,10.34,***
1992100000,1992年度,9000,栃木県,10.24,***
1992100000,1992年度,10000,群馬県,8.45,***
1992100000,1992年度,11000,埼玉県,8.43,***
1992100000,1992年度,12000,千葉県,10.04,***
1992100000,1992年度,13000,東京都,8.13,***
1992100000,1992年度,14000,神奈川県,9.78,***
1992100000,1992年度,15000,新潟県,7.91,***
1992100000,1992年度,16000,富山県,6.15,***
1992100000,1992年度,17000,石川県,5.32,***
1992100000,1992年度,18000,福井県,8.02,***
1992100000,1992年度,19000,山梨県,11.25,***
1992100000,1992年度,20000,長野県,8.09,***
1992100000,1992年度,21000,岐阜県,7.38,***
1992100000,1992年度,22000,静岡県,6.31,***
1992100000,1992年度,23000,愛知県,6.72,***
1992100000,1992年度,24000,三重県,4.74,***
1992100000,1992年度,25000,滋賀県,6.65,***
1992100000,1992年度,26000,京都府,8.33,***
1992100000,1992年度,27000,大阪府,9.09,***
1992100000,1992年度,28000,兵庫県,7.79,***
1992100000,1992年度,29000,奈良県,6.71,***
1992100000,1992年度,30000,和歌山県,9.93,***
1992100000,1992年度,31000,鳥取県,9.82,***
1992100000,1992年度,32000,島根県,7.14,***
1992100000,1992年度,33000,岡山県,12.05,***
1992100000,1992年度,34000,広島県,6.31,***
1992100000,1992年度,35000,山口県,6.78,***
1992100000,1992年度,36000,徳島県,7.43,***
1992100000,1992年度,37000,香川県,7.46,***
1992100000,1992年度,38000,愛媛県,7.76,***
1992100000,1992年度,39000,高知県,7.8,***
1992100000,1992年度,40000,福岡県,7.26,***
1992100000,1992年度,41000,佐賀県,8.13,***
1992100000,1992年度,42000,長崎県,8.39,***
1992100000,1992年度,43000,熊本県,5.39,***
1992100000,1992年度,44000,大分県,6.47,***
1992100000,1992年度,45000,宮崎県,6.12,***
1992100000,1992年度,46000,鹿児島県,6.22,***
1992100000,1992年度,47000,沖縄県,4.87,***
1991100000,1991年度,1000,北海道,5.92,***
1991100000,1991年度,2000,青森県,4.18,***
1991100000,1991年度,3000,岩手県,5.91,***
1991100000,1991年度,4000,宮城県,6.38,***
1991100000,1991年度,5000,秋田県,5.63,***
1991100000,1991年度,6000,山形県,5.43,***
1991100000,1991年度,7000,福島県,6.62,***
1991100000,1991年度,8000,茨城県,9.34,***
1991100000,1991年度,9000,栃木県,8.63,***
1991100000,1991年度,10000,群馬県,6.67,***
1991100000,1991年度,11000,埼玉県,7.61,***
1991100000,1991年度,12000,千葉県,9.79,***
1991100000,1991年度,13000,東京都,7.41,***
1991100000,1991年度,14000,神奈川県,8.73,***
1991100000,1991年度,15000,新潟県,6.35,***
1991100000,1991年度,16000,富山県,5.76,***
1991100000,1991年度,17000,石川県,4.81,***
1991100000,1991年度,18000,福井県,6.78,***
1991100000,1991年度,19000,山梨県,9.16,***
1991100000,1991年度,20000,長野県,6.76,***
1991100000,1991年度,21000,岐阜県,6.6,***
1991100000,1991年度,22000,静岡県,5.12,***
1991100000,1991年度,23000,愛知県,6.28,***
1991100000,1991年度,24000,三重県,3.89,***
1991100000,1991年度,25000,滋賀県,6.05,***
1991100000,1991年度,26000,京都府,7.2,***
1991100000,1991年度,27000,大阪府,9.12,***
1991100000,1991年度,28000,兵庫県,7.19,***
1991100000,1991年度,29000,奈良県,6.75,***
1991100000,1991年度,30000,和歌山県,8.13,***
1991100000,1991年度,31000,鳥取県,9.48,***
1991100000,1991年度,32000,島根県,7.69,***
1991100000,1991年度,33000,岡山県,11.55,***
1991100000,1991年度,34000,広島県,5.67,***
1991100000,1991年度,35000,山口県,5.63,***
1991100000,1991年度,36000,徳島県,7.35,***
1991100000,1991年度,37000,香川県,7.01,***
1991100000,1991年度,38000,愛媛県,7.12,***
1991100000,1991年度,39000,高知県,7.43,***
1991100000,1991年度,40000,福岡県,7.12,***
1991100000,1991年度,41000,佐賀県,6.88,***
1991100000,1991年度,42000,長崎県,7.26,***
1991100000,1991年度,43000,熊本県,4.86,***
1991100000,1991年度,44000,大分県,5.27,***
1991100000,1991年度,45000,宮崎県,5.08,***
1991100000,1991年度,46000,鹿児島県,5.8,***
1991100000,1991年度,47000,沖縄県,4.91,***
