調査年 コード,調査年,地域 コード,地域,年平均気温,降水日数
2022100000,2022年度,1000,北海道,10.2,137
2022100000,2022年度,2000,青森県,11.3,158
2022100000,2022年度,3000,岩手県,11.2,138
2022100000,2022年度,4000,宮城県,13.5,100
2022100000,2022年度,5000,秋田県,12.6,166
2022100000,2022年度,6000,山形県,12.6,143
2022100000,2022年度,7000,福島県,13.9,102
2022100000,2022年度,8000,茨城県,14.8,96
2022100000,2022年度,9000,栃木県,14.9,-
2022100000,2022年度,10000,群馬県,15.7,101
2022100000,2022年度,11000,埼玉県,16,92
2022100000,2022年度,12000,千葉県,16.7,107
2022100000,2022年度,13000,東京都,16.4,109
2022100000,2022年度,14000,神奈川県,16.7,112
2022100000,2022年度,15000,新潟県,14.5,171
2022100000,2022年度,16000,富山県,15.1,169
2022100000,2022年度,17000,石川県,15.7,160
2022100000,2022年度,18000,福井県,15.4,167
2022100000,2022年度,19000,山梨県,15.7,98
2022100000,2022年度,20000,長野県,12.7,112
2022100000,2022年度,21000,岐阜県,16.7,115
2022100000,2022年度,22000,静岡県,17.4,112
2022100000,2022年度,23000,愛知県,16.9,104
2022100000,2022年度,24000,三重県,16.9,106
2022100000,2022年度,25000,滋賀県,15.7,120
2022100000,2022年度,26000,京都府,16.8,85
2022100000,2022年度,27000,大阪府,17.5,92
2022100000,2022年度,28000,兵庫県,17.5,83
2022100000,2022年度,29000,奈良県,16.2,94
2022100000,2022年度,30000,和歌山県,17.3,88
2022100000,2022年度,31000,鳥取県,15.7,149
2022100000,2022年度,32000,島根県,15.8,130
2022100000,2022年度,33000,岡山県,16.4,78
2022100000,2022年度,34000,広島県,17.1,69
2022100000,2022年度,35000,山口県,16.3,83
2022100000,2022年度,36000,徳島県,17.2,93
2022100000,2022年度,37000,香川県,17.3,73
2022100000,2022年度,38000,愛媛県,17.3,76
2022100000,2022年度,39000,高知県,17.7,106
2022100000,2022年度,40000,福岡県,18,93
2022100000,2022年度,41000,佐賀県,17.7,93
2022100000,2022年度,42000,長崎県,17.8,95
2022100000,2022年度,43000,熊本県,17.7,91
2022100000,2022年度,44000,大分県,17.4,85
2022100000,2022年度,45000,宮崎県,18.2,110
2022100000,2022年度,46000,鹿児島県,19.3,114
2022100000,2022年度,47000,沖縄県,23.7,162
2021100000,2021年度,1000,北海道,10.2,122
2021100000,2021年度,2000,青森県,11.5,152
2021100000,2021年度,3000,岩手県,11.4,131
2021100000,2021年度,4000,宮城県,13.7,106
2021100000,2021年度,5000,秋田県,12.9,175
2021100000,2021年度,6000,山形県,12.7,141
2021100000,2021年度,7000,福島県,14,114
2021100000,2021年度,8000,茨城県,15,97
2021100000,2021年度,9000,栃木県,14.9,105
2021100000,2021年度,10000,群馬県,15.7,102
2021100000,2021年度,11000,埼玉県,16,91
2021100000,2021年度,12000,千葉県,17.1,106
2021100000,2021年度,13000,東京都,16.6,107
2021100000,2021年度,14000,神奈川県,17,105
2021100000,2021年度,15000,新潟県,14.5,162
2021100000,2021年度,16000,富山県,15.1,171
2021100000,2021年度,17000,石川県,15.7,169
2021100000,2021年度,18000,福井県,15.4,175
2021100000,2021年度,19000,山梨県,15.7,86
2021100000,2021年度,20000,長野県,12.9,101
2021100000,2021年度,21000,岐阜県,16.8,118
2021100000,2021年度,22000,静岡県,17.7,103
2021100000,2021年度,23000,愛知県,16.8,111
2021100000,2021年度,24000,三重県,16.9,117
2021100000,2021年度,25000,滋賀県,15.7,126
2021100000,2021年度,26000,京都府,16.9,110
2021100000,2021年度,27000,大阪府,17.5,99
2021100000,2021年度,28000,兵庫県,17.5,94
2021100000,2021年度,29000,奈良県,16.3,106
2021100000,2021年度,30000,和歌山県,17.4,95
2021100000,2021年度,31000,鳥取県,15.9,149
2021100000,2021年度,32000,島根県,15.9,151
2021100000,2021年度,33000,岡山県,16.4,91
2021100000,2021年度,34000,広島県,17.1,92
2021100000,2021年度,35000,山口県,16.4,108
2021100000,2021年度,36000,徳島県,17.3,99
2021100000,2021年度,37000,香川県,17.3,97
2021100000,2021年度,38000,愛媛県,17.4,96
2021100000,2021年度,39000,高知県,17.6,103
2021100000,2021年度,40000,福岡県,18.2,102
2021100000,2021年度,41000,佐賀県,17.9,101
2021100000,2021年度,42000,長崎県,18.1,116
2021100000,2021年度,43000,熊本県,17.9,98
2021100000,2021年度,44000,大分県,17.4,87
2021100000,2021年度,45000,宮崎県,18.2,127
2021100000,2021年度,46000,鹿児島県,19.3,116
2021100000,2021年度,47000,沖縄県,23.6,131
2020100000,2020年度,1000,北海道,10,151
2020100000,2020年度,2000,青森県,11.6,159
2020100000,2020年度,3000,岩手県,11.4,131
2020100000,2020年度,4000,宮城県,13.7,99
2020100000,2020年度,5000,秋田県,12.8,192
2020100000,2020年度,6000,山形県,13,127
2020100000,2020年度,7000,福島県,14.1,108
2020100000,2020年度,8000,茨城県,15,122
2020100000,2020年度,9000,栃木県,15,105
2020100000,2020年度,10000,群馬県,15.8,96
2020100000,2020年度,11000,埼玉県,16.2,101
2020100000,2020年度,12000,千葉県,17,115
2020100000,2020年度,13000,東京都,16.5,108
2020100000,2020年度,14000,神奈川県,17,108
2020100000,2020年度,15000,新潟県,14.7,182
2020100000,2020年度,16000,富山県,15.4,186
2020100000,2020年度,17000,石川県,15.9,194
2020100000,2020年度,18000,福井県,15.6,181
2020100000,2020年度,19000,山梨県,15.9,89
2020100000,2020年度,20000,長野県,13.1,106
2020100000,2020年度,21000,岐阜県,17,110
2020100000,2020年度,22000,静岡県,17.8,108
2020100000,2020年度,23000,愛知県,17,112
2020100000,2020年度,24000,三重県,17.1,109
2020100000,2020年度,25000,滋賀県,15.8,135
2020100000,2020年度,26000,京都府,17,112
2020100000,2020年度,27000,大阪府,17.7,102
2020100000,2020年度,28000,兵庫県,17.6,98
2020100000,2020年度,29000,奈良県,16.3,105
2020100000,2020年度,30000,和歌山県,17.5,106
2020100000,2020年度,31000,鳥取県,15.9,156
2020100000,2020年度,32000,島根県,15.8,137
2020100000,2020年度,33000,岡山県,16.5,85
2020100000,2020年度,34000,広島県,17.1,99
2020100000,2020年度,35000,山口県,16.1,112
2020100000,2020年度,36000,徳島県,17.5,92
2020100000,2020年度,37000,香川県,17.4,87
2020100000,2020年度,38000,愛媛県,17.3,95
2020100000,2020年度,39000,高知県,17.8,115
2020100000,2020年度,40000,福岡県,17.9,107
2020100000,2020年度,41000,佐賀県,17.5,108
2020100000,2020年度,42000,長崎県,17.7,118
2020100000,2020年度,43000,熊本県,17.6,106
2020100000,2020年度,44000,大分県,17.4,105
2020100000,2020年度,45000,宮崎県,18.3,120
2020100000,2020年度,46000,鹿児島県,19.2,127
2020100000,2020年度,47000,沖縄県,23.8,129
2019100000,2019年度,1000,北海道,9.8,131
2019100000,2019年度,2000,青森県,11.4,140
2019100000,2019年度,3000,岩手県,11.3,107
2019100000,2019年度,4000,宮城県,13.6,97
2019100000,2019年度,5000,秋田県,12.9,151
2019100000,2019年度,6000,山形県,12.8,131
2019100000,2019年度,7000,福島県,14,109
2019100000,2019年度,8000,茨城県,14.9,102
2019100000,2019年度,9000,栃木県,14.9,120
2019100000,2019年度,10000,群馬県,15.7,103
2019100000,2019年度,11000,埼玉県,16.1,98
2019100000,2019年度,12000,千葉県,16.8,117
2019100000,2019年度,13000,東京都,16.5,111
2019100000,2019年度,14000,神奈川県,16.9,111
2019100000,2019年度,15000,新潟県,14.6,153
2019100000,2019年度,16000,富山県,15.2,166
2019100000,2019年度,17000,石川県,15.8,158
2019100000,2019年度,18000,福井県,15.6,172
2019100000,2019年度,19000,山梨県,15.9,95
2019100000,2019年度,20000,長野県,12.9,111
2019100000,2019年度,21000,岐阜県,17,108
2019100000,2019年度,22000,静岡県,17.8,118
2019100000,2019年度,23000,愛知県,17,109
2019100000,2019年度,24000,三重県,16.9,109
2019100000,2019年度,25000,滋賀県,15.8,125
2019100000,2019年度,26000,京都府,16.9,111
2019100000,2019年度,27000,大阪府,17.6,92
2019100000,2019年度,28000,兵庫県,17.7,91
2019100000,2019年度,29000,奈良県,16.3,111
2019100000,2019年度,30000,和歌山県,17.4,88
2019100000,2019年度,31000,鳥取県,16,151
2019100000,2019年度,32000,島根県,15.9,150
2019100000,2019年度,33000,岡山県,16.5,78
2019100000,2019年度,34000,広島県,17.2,80
2019100000,2019年度,35000,山口県,16.3,100
2019100000,2019年度,36000,徳島県,17.4,95
2019100000,2019年度,37000,香川県,17.3,92
2019100000,2019年度,38000,愛媛県,17.4,101
2019100000,2019年度,39000,高知県,17.8,117
2019100000,2019年度,40000,福岡県,17.9,110
2019100000,2019年度,41000,佐賀県,17.7,106
2019100000,2019年度,42000,長崎県,17.9,113
2019100000,2019年度,43000,熊本県,17.7,113
2019100000,2019年度,44000,大分県,17.4,107
2019100000,2019年度,45000,宮崎県,18.4,129
2019100000,2019年度,46000,鹿児島県,19.4,125
2019100000,2019年度,47000,沖縄県,23.9,135
2018100000,2018年度,1000,北海道,9.5,157
2018100000,2018年度,2000,青森県,11,172
2018100000,2018年度,3000,岩手県,11,120
2018100000,2018年度,4000,宮城県,13.6,106
2018100000,2018年度,5000,秋田県,12.3,168
2018100000,2018年度,6000,山形県,12.6,137
2018100000,2018年度,7000,福島県,14.2,101
2018100000,2018年度,8000,茨城県,15.3,106
2018100000,2018年度,9000,栃木県,15.2,101
2018100000,2018年度,10000,群馬県,16.1,94
2018100000,2018年度,11000,埼玉県,16.4,86
2018100000,2018年度,12000,千葉県,17.2,96
2018100000,2018年度,13000,東京都,16.8,103
2018100000,2018年度,14000,神奈川県,17.1,104
2018100000,2018年度,15000,新潟県,14.3,173
2018100000,2018年度,16000,富山県,15,179
2018100000,2018年度,17000,石川県,15.5,185
2018100000,2018年度,18000,福井県,15.3,175
2018100000,2018年度,19000,山梨県,16,84
2018100000,2018年度,20000,長野県,13,110
2018100000,2018年度,21000,岐阜県,16.9,114
2018100000,2018年度,22000,静岡県,17.7,106
2018100000,2018年度,23000,愛知県,16.9,111
2018100000,2018年度,24000,三重県,16.9,108
2018100000,2018年度,25000,滋賀県,15.7,127
2018100000,2018年度,26000,京都府,16.9,107
2018100000,2018年度,27000,大阪府,17.4,96
2018100000,2018年度,28000,兵庫県,17.4,97
2018100000,2018年度,29000,奈良県,16.2,110
2018100000,2018年度,30000,和歌山県,17.3,94
2018100000,2018年度,31000,鳥取県,15.7,152
2018100000,2018年度,32000,島根県,15.6,148
2018100000,2018年度,33000,岡山県,16.3,84
2018100000,2018年度,34000,広島県,16.8,81
2018100000,2018年度,35000,山口県,16,108
2018100000,2018年度,36000,徳島県,17.1,106
2018100000,2018年度,37000,香川県,17,94
2018100000,2018年度,38000,愛媛県,17.1,90
2018100000,2018年度,39000,高知県,17.4,114
2018100000,2018年度,40000,福岡県,17.7,111
2018100000,2018年度,41000,佐賀県,17.4,105
2018100000,2018年度,42000,長崎県,17.7,107
2018100000,2018年度,43000,熊本県,17.5,100
2018100000,2018年度,44000,大分県,17.1,101
2018100000,2018年度,45000,宮崎県,17.8,131
2018100000,2018年度,46000,鹿児島県,19,114
2018100000,2018年度,47000,沖縄県,23.5,128
2017100000,2017年度,1000,北海道,9.1,146
2017100000,2017年度,2000,青森県,10.7,172
2017100000,2017年度,3000,岩手県,10.6,131
2017100000,2017年度,4000,宮城県,12.9,101
2017100000,2017年度,5000,秋田県,11.9,192
2017100000,2017年度,6000,山形県,11.9,149
2017100000,2017年度,7000,福島県,13.4,111
2017100000,2017年度,8000,茨城県,14.2,97
2017100000,2017年度,9000,栃木県,14.1,109
2017100000,2017年度,10000,群馬県,14.9,90
2017100000,2017年度,11000,埼玉県,15.4,93
2017100000,2017年度,12000,千葉県,16.3,90
2017100000,2017年度,13000,東京都,15.8,95
2017100000,2017年度,14000,神奈川県,16.3,97
2017100000,2017年度,15000,新潟県,13.7,169
2017100000,2017年度,16000,富山県,14.3,183
2017100000,2017年度,17000,石川県,15,179
2017100000,2017年度,18000,福井県,14.6,180
2017100000,2017年度,19000,山梨県,14.9,86
2017100000,2017年度,20000,長野県,11.9,116
2017100000,2017年度,21000,岐阜県,15.9,118
2017100000,2017年度,22000,静岡県,16.8,100
2017100000,2017年度,23000,愛知県,15.9,105
2017100000,2017年度,24000,三重県,16.1,98
2017100000,2017年度,25000,滋賀県,14.8,148
2017100000,2017年度,26000,京都府,16,103
2017100000,2017年度,27000,大阪府,16.8,85
2017100000,2017年度,28000,兵庫県,16.8,86
2017100000,2017年度,29000,奈良県,15.4,94
2017100000,2017年度,30000,和歌山県,16.8,85
2017100000,2017年度,31000,鳥取県,15.2,157
2017100000,2017年度,32000,島根県,15.3,148
2017100000,2017年度,33000,岡山県,15.7,89
2017100000,2017年度,34000,広島県,16.3,92
2017100000,2017年度,35000,山口県,15.6,114
2017100000,2017年度,36000,徳島県,16.7,82
2017100000,2017年度,37000,香川県,16.6,78
2017100000,2017年度,38000,愛媛県,16.7,95
2017100000,2017年度,39000,高知県,17.1,103
2017100000,2017年度,40000,福岡県,17.6,108
2017100000,2017年度,41000,佐賀県,17,94
2017100000,2017年度,42000,長崎県,17.3,108
2017100000,2017年度,43000,熊本県,16.9,102
2017100000,2017年度,44000,大分県,16.8,90
2017100000,2017年度,45000,宮崎県,17.6,107
2017100000,2017年度,46000,鹿児島県,18.6,124
2017100000,2017年度,47000,沖縄県,23.6,120
2016100000,2016年度,1000,北海道,9.3,152
2016100000,2016年度,2000,青森県,11,170
2016100000,2016年度,3000,岩手県,11.2,124
2016100000,2016年度,4000,宮城県,13.5,90
2016100000,2016年度,5000,秋田県,12.5,171
2016100000,2016年度,6000,山形県,12.7,129
2016100000,2016年度,7000,福島県,14.2,95
2016100000,2016年度,8000,茨城県,14.8,98
2016100000,2016年度,9000,栃木県,14.8,108
2016100000,2016年度,10000,群馬県,15.6,99
2016100000,2016年度,11000,埼玉県,15.9,101
2016100000,2016年度,12000,千葉県,16.8,107
2016100000,2016年度,13000,東京都,16.4,113
2016100000,2016年度,14000,神奈川県,16.9,116
2016100000,2016年度,15000,新潟県,14.5,164
2016100000,2016年度,16000,富山県,15.2,171
2016100000,2016年度,17000,石川県,15.7,177
2016100000,2016年度,18000,福井県,15.6,165
2016100000,2016年度,19000,山梨県,15.7,97
2016100000,2016年度,20000,長野県,13.1,93
2016100000,2016年度,21000,岐阜県,16.9,113
2016100000,2016年度,22000,静岡県,17.6,107
2016100000,2016年度,23000,愛知県,17,114
2016100000,2016年度,24000,三重県,16.9,115
2016100000,2016年度,25000,滋賀県,15.8,124
2016100000,2016年度,26000,京都府,17.1,112
2016100000,2016年度,27000,大阪府,17.7,105
2016100000,2016年度,28000,兵庫県,17.8,96
2016100000,2016年度,29000,奈良県,16,109
2016100000,2016年度,30000,和歌山県,17.7,100
2016100000,2016年度,31000,鳥取県,16,163
2016100000,2016年度,32000,島根県,15.9,154
2016100000,2016年度,33000,岡山県,16.6,95
2016100000,2016年度,34000,広島県,17.2,109
2016100000,2016年度,35000,山口県,16.5,132
2016100000,2016年度,36000,徳島県,17.6,105
2016100000,2016年度,37000,香川県,17.5,92
2016100000,2016年度,38000,愛媛県,17.6,111
2016100000,2016年度,39000,高知県,18.1,125
2016100000,2016年度,40000,福岡県,18.1,134
2016100000,2016年度,41000,佐賀県,17.9,121
2016100000,2016年度,42000,長崎県,18.1,127
2016100000,2016年度,43000,熊本県,18,127
2016100000,2016年度,44000,大分県,17.6,102
2016100000,2016年度,45000,宮崎県,18.6,122
2016100000,2016年度,46000,鹿児島県,19.6,132
2016100000,2016年度,47000,沖縄県,24.1,145
2015100000,2015年度,1000,北海道,10,144
2015100000,2015年度,2000,青森県,11.5,131
2015100000,2015年度,3000,岩手県,11.6,119
2015100000,2015年度,4000,宮城県,13.7,100
2015100000,2015年度,5000,秋田県,12.7,142
2015100000,2015年度,6000,山形県,12.7,131
2015100000,2015年度,7000,福島県,14.2,106
2015100000,2015年度,8000,茨城県,14.8,103
2015100000,2015年度,9000,栃木県,14.9,116
2015100000,2015年度,10000,群馬県,15.6,105
2015100000,2015年度,11000,埼玉県,16,101
2015100000,2015年度,12000,千葉県,16.7,117
2015100000,2015年度,13000,東京都,16.4,115
2015100000,2015年度,14000,神奈川県,16.7,119
2015100000,2015年度,15000,新潟県,14.4,152
2015100000,2015年度,16000,富山県,14.8,174
2015100000,2015年度,17000,石川県,15.3,174
2015100000,2015年度,18000,福井県,15.2,171
2015100000,2015年度,19000,山梨県,15.6,100
2015100000,2015年度,20000,長野県,12.8,122
2015100000,2015年度,21000,岐阜県,16.5,122
2015100000,2015年度,22000,静岡県,17.2,114
2015100000,2015年度,23000,愛知県,16.6,114
2015100000,2015年度,24000,三重県,16.6,115
2015100000,2015年度,25000,滋賀県,15.5,144
2015100000,2015年度,26000,京都府,16.6,123
2015100000,2015年度,27000,大阪府,17.2,119
2015100000,2015年度,28000,兵庫県,17.3,113
2015100000,2015年度,29000,奈良県,15.5,129
2015100000,2015年度,30000,和歌山県,17.2,108
2015100000,2015年度,31000,鳥取県,15.4,159
2015100000,2015年度,32000,島根県,15.4,149
2015100000,2015年度,33000,岡山県,16.2,100
2015100000,2015年度,34000,広島県,16.6,106
2015100000,2015年度,35000,山口県,15.9,122
2015100000,2015年度,36000,徳島県,17,105
2015100000,2015年度,37000,香川県,16.9,103
2015100000,2015年度,38000,愛媛県,16.8,115
2015100000,2015年度,39000,高知県,17.5,127
2015100000,2015年度,40000,福岡県,17.3,141
2015100000,2015年度,41000,佐賀県,17.1,124
2015100000,2015年度,42000,長崎県,17.3,132
2015100000,2015年度,43000,熊本県,17.2,129
2015100000,2015年度,44000,大分県,16.8,111
2015100000,2015年度,45000,宮崎県,17.7,137
2015100000,2015年度,46000,鹿児島県,18.8,143
2015100000,2015年度,47000,沖縄県,23.6,102
2014100000,2014年度,1000,北海道,9.3,144
2014100000,2014年度,2000,青森県,10.7,158
2014100000,2014年度,3000,岩手県,10.6,133
2014100000,2014年度,4000,宮城県,12.8,107
2014100000,2014年度,5000,秋田県,12,177
2014100000,2014年度,6000,山形県,11.8,146
2014100000,2014年度,7000,福島県,13.3,115
2014100000,2014年度,8000,茨城県,14.2,99
2014100000,2014年度,9000,栃木県,14.2,104
2014100000,2014年度,10000,群馬県,14.9,90
2014100000,2014年度,11000,埼玉県,15.3,90
2014100000,2014年度,12000,千葉県,16.3,101
2014100000,2014年度,13000,東京都,16.6,106
2014100000,2014年度,14000,神奈川県,16.2,103
2014100000,2014年度,15000,新潟県,13.7,170
2014100000,2014年度,16000,富山県,14.3,168
2014100000,2014年度,17000,石川県,14.8,161
2014100000,2014年度,18000,福井県,14.6,169
2014100000,2014年度,19000,山梨県,14.7,82
2014100000,2014年度,20000,長野県,11.9,110
2014100000,2014年度,21000,岐阜県,16.1,109
2014100000,2014年度,22000,静岡県,16.6,106
2014100000,2014年度,23000,愛知県,16.1,107
2014100000,2014年度,24000,三重県,16.1,100
2014100000,2014年度,25000,滋賀県,14.9,127
2014100000,2014年度,26000,京都府,16.1,104
2014100000,2014年度,27000,大阪府,16.7,101
2014100000,2014年度,28000,兵庫県,16.7,90
2014100000,2014年度,29000,奈良県,14.9,105
2014100000,2014年度,30000,和歌山県,16.7,102
2014100000,2014年度,31000,鳥取県,14.9,158
2014100000,2014年度,32000,島根県,14.9,150
2014100000,2014年度,33000,岡山県,16.1,96
2014100000,2014年度,34000,広島県,16.2,108
2014100000,2014年度,35000,山口県,15.3,126
2014100000,2014年度,36000,徳島県,16.4,106
2014100000,2014年度,37000,香川県,16.4,106
2014100000,2014年度,38000,愛媛県,16.4,107
2014100000,2014年度,39000,高知県,17,122
2014100000,2014年度,40000,福岡県,17.1,124
2014100000,2014年度,41000,佐賀県,16.7,115
2014100000,2014年度,42000,長崎県,17,118
2014100000,2014年度,43000,熊本県,16.8,119
2014100000,2014年度,44000,大分県,16.3,108
2014100000,2014年度,45000,宮崎県,17.4,120
2014100000,2014年度,46000,鹿児島県,18.5,133
2014100000,2014年度,47000,沖縄県,23.1,137
2013100000,2013年度,1000,北海道,9.2,161
2013100000,2013年度,2000,青森県,10.5,164
2013100000,2013年度,3000,岩手県,10.6,133
2013100000,2013年度,4000,宮城県,12.7,99
2013100000,2013年度,5000,秋田県,11.9,187
2013100000,2013年度,6000,山形県,11.9,143
2013100000,2013年度,7000,福島県,13.4,97
2013100000,2013年度,8000,茨城県,14.3,103
2013100000,2013年度,9000,栃木県,14.4,108
2013100000,2013年度,10000,群馬県,15.2,92
2013100000,2013年度,11000,埼玉県,15.6,92
2013100000,2013年度,12000,千葉県,16.6,92
2013100000,2013年度,13000,東京都,17.1,93
2013100000,2013年度,14000,神奈川県,16.6,95
2013100000,2013年度,15000,新潟県,13.8,172
2013100000,2013年度,16000,富山県,14.5,179
2013100000,2013年度,17000,石川県,15,181
2013100000,2013年度,18000,福井県,14.9,172
2013100000,2013年度,19000,山梨県,15.4,67
2013100000,2013年度,20000,長野県,12.3,107
2013100000,2013年度,21000,岐阜県,16.3,102
2013100000,2013年度,22000,静岡県,17.2,88
2013100000,2013年度,23000,愛知県,16.4,88
2013100000,2013年度,24000,三重県,16.5,86
2013100000,2013年度,25000,滋賀県,15.1,126
2013100000,2013年度,26000,京都府,16.2,91
2013100000,2013年度,27000,大阪府,17.1,88
2013100000,2013年度,28000,兵庫県,17,87
2013100000,2013年度,29000,奈良県,15.3,94
2013100000,2013年度,30000,和歌山県,17,88
2013100000,2013年度,31000,鳥取県,15.5,137
2013100000,2013年度,32000,島根県,15.4,133
2013100000,2013年度,33000,岡山県,16.4,81
2013100000,2013年度,34000,広島県,16.6,83
2013100000,2013年度,35000,山口県,15.8,107
2013100000,2013年度,36000,徳島県,16.8,91
2013100000,2013年度,37000,香川県,16.8,90
2013100000,2013年度,38000,愛媛県,16.8,94
2013100000,2013年度,39000,高知県,17.3,96
2013100000,2013年度,40000,福岡県,17.7,106
2013100000,2013年度,41000,佐賀県,17.1,96
2013100000,2013年度,42000,長崎県,17.5,97
2013100000,2013年度,43000,熊本県,17.2,96
2013100000,2013年度,44000,大分県,16.9,82
2013100000,2013年度,45000,宮崎県,17.9,97
2013100000,2013年度,46000,鹿児島県,18.9,109
2013100000,2013年度,47000,沖縄県,23.3,122
2012100000,2012年度,1000,北海道,9.3,148
2012100000,2012年度,2000,青森県,10.5,173
2012100000,2012年度,3000,岩手県,10.8,111
2012100000,2012年度,4000,宮城県,12.6,104
2012100000,2012年度,5000,秋田県,12.1,173
2012100000,2012年度,6000,山形県,11.8,129
2012100000,2012年度,7000,福島県,13.2,109
2012100000,2012年度,8000,茨城県,13.9,109
2012100000,2012年度,9000,栃木県,14,113
2012100000,2012年度,10000,群馬県,14.7,95
2012100000,2012年度,11000,埼玉県,15.1,101
2012100000,2012年度,12000,千葉県,15.9,119
2012100000,2012年度,13000,東京都,16.3,109
2012100000,2012年度,14000,神奈川県,15.8,110
2012100000,2012年度,15000,新潟県,13.8,165
2012100000,2012年度,16000,富山県,14.2,182
2012100000,2012年度,17000,石川県,14.8,187
2012100000,2012年度,18000,福井県,14.6,178
2012100000,2012年度,19000,山梨県,14.8,89
2012100000,2012年度,20000,長野県,12.1,107
2012100000,2012年度,21000,岐阜県,15.7,102
2012100000,2012年度,22000,静岡県,16.6,107
2012100000,2012年度,23000,愛知県,15.8,96
2012100000,2012年度,24000,三重県,15.9,102
2012100000,2012年度,25000,滋賀県,14.8,135
2012100000,2012年度,26000,京都府,15.8,112
2012100000,2012年度,27000,大阪府,16.6,97
2012100000,2012年度,28000,兵庫県,16.6,97
2012100000,2012年度,29000,奈良県,14.7,109
2012100000,2012年度,30000,和歌山県,16.4,106
2012100000,2012年度,31000,鳥取県,14.9,165
2012100000,2012年度,32000,島根県,15.1,158
2012100000,2012年度,33000,岡山県,16.1,97
2012100000,2012年度,34000,広島県,16.2,85
2012100000,2012年度,35000,山口県,15.4,121
2012100000,2012年度,36000,徳島県,16.4,110
2012100000,2012年度,37000,香川県,16.3,109
2012100000,2012年度,38000,愛媛県,16.3,115
2012100000,2012年度,39000,高知県,16.8,134
2012100000,2012年度,40000,福岡県,17,118
2012100000,2012年度,41000,佐賀県,16.5,113
2012100000,2012年度,42000,長崎県,16.9,126
2012100000,2012年度,43000,熊本県,16.7,123
2012100000,2012年度,44000,大分県,16.3,126
2012100000,2012年度,45000,宮崎県,17.2,136
2012100000,2012年度,46000,鹿児島県,18.2,129
2012100000,2012年度,47000,沖縄県,23,141
2011100000,2011年度,1000,北海道,9.3,146
2011100000,2011年度,2000,青森県,10.6,176
2011100000,2011年度,3000,岩手県,10.5,125
2011100000,2011年度,4000,宮城県,12.9,89
2011100000,2011年度,5000,秋田県,11.8,177
2011100000,2011年度,6000,山形県,11.8,133
2011100000,2011年度,7000,福島県,13.3,104
2011100000,2011年度,8000,茨城県,14.1,102
2011100000,2011年度,9000,栃木県,14.2,98
2011100000,2011年度,10000,群馬県,14.9,91
2011100000,2011年度,11000,埼玉県,15.4,79
2011100000,2011年度,12000,千葉県,16.3,90
2011100000,2011年度,13000,東京都,16.5,95
2011100000,2011年度,14000,神奈川県,16.3,96
2011100000,2011年度,15000,新潟県,13.9,171
2011100000,2011年度,16000,富山県,14.3,191
2011100000,2011年度,17000,石川県,14.8,186
2011100000,2011年度,18000,福井県,14.6,182
2011100000,2011年度,19000,山梨県,15,79
2011100000,2011年度,20000,長野県,12,113
2011100000,2011年度,21000,岐阜県,15.9,112
2011100000,2011年度,22000,静岡県,16.9,98
2011100000,2011年度,23000,愛知県,16.1,98
2011100000,2011年度,24000,三重県,16.1,100
2011100000,2011年度,25000,滋賀県,15,132
2011100000,2011年度,26000,京都府,16,100
2011100000,2011年度,27000,大阪府,16.9,94
2011100000,2011年度,28000,兵庫県,16.8,91
2011100000,2011年度,29000,奈良県,15,99
2011100000,2011年度,30000,和歌山県,16.6,104
2011100000,2011年度,31000,鳥取県,15,166
2011100000,2011年度,32000,島根県,15,160
2011100000,2011年度,33000,岡山県,16.3,87
2011100000,2011年度,34000,広島県,16.2,86
2011100000,2011年度,35000,山口県,15.6,103
2011100000,2011年度,36000,徳島県,16.7,85
2011100000,2011年度,37000,香川県,16.6,91
2011100000,2011年度,38000,愛媛県,16.5,92
2011100000,2011年度,39000,高知県,17.2,102
2011100000,2011年度,40000,福岡県,17.1,107
2011100000,2011年度,41000,佐賀県,16.6,95
2011100000,2011年度,42000,長崎県,17,95
2011100000,2011年度,43000,熊本県,16.9,99
2011100000,2011年度,44000,大分県,16.6,89
2011100000,2011年度,45000,宮崎県,17.3,121
2011100000,2011年度,46000,鹿児島県,18.4,109
2011100000,2011年度,47000,沖縄県,22.9,132
2010100000,2010年度,1000,北海道,9.8,149
2010100000,2010年度,2000,青森県,11.1,167
2010100000,2010年度,3000,岩手県,11,145
2010100000,2010年度,4000,宮城県,13.2,105
2010100000,2010年度,5000,秋田県,12.3,190
2010100000,2010年度,6000,山形県,12.5,145
2010100000,2010年度,7000,福島県,13.8,117
2010100000,2010年度,8000,茨城県,14.5,103
2010100000,2010年度,9000,栃木県,14.8,123
2010100000,2010年度,10000,群馬県,15.5,119
2010100000,2010年度,11000,埼玉県,15.8,111
2010100000,2010年度,12000,千葉県,16.6,107
2010100000,2010年度,13000,東京都,16.9,111
2010100000,2010年度,14000,神奈川県,16.5,107
2010100000,2010年度,15000,新潟県,14.4,191
2010100000,2010年度,16000,富山県,14.9,192
2010100000,2010年度,17000,石川県,15.1,197
2010100000,2010年度,18000,福井県,15,185
2010100000,2010年度,19000,山梨県,15.2,112
2010100000,2010年度,20000,長野県,12.6,130
2010100000,2010年度,21000,岐阜県,16.4,122
2010100000,2010年度,22000,静岡県,17.2,118
2010100000,2010年度,23000,愛知県,16.6,102
2010100000,2010年度,24000,三重県,16.6,97
2010100000,2010年度,25000,滋賀県,15.3,132
2010100000,2010年度,26000,京都府,16.4,106
2010100000,2010年度,27000,大阪府,17.3,100
2010100000,2010年度,28000,兵庫県,17.2,92
2010100000,2010年度,29000,奈良県,15.4,106
2010100000,2010年度,30000,和歌山県,17.1,93
2010100000,2010年度,31000,鳥取県,15.6,160
2010100000,2010年度,32000,島根県,15.5,155
2010100000,2010年度,33000,岡山県,16.7,92
2010100000,2010年度,34000,広島県,16.6,91
2010100000,2010年度,35000,山口県,16,118
2010100000,2010年度,36000,徳島県,17,99
2010100000,2010年度,37000,香川県,17,87
2010100000,2010年度,38000,愛媛県,16.9,104
2010100000,2010年度,39000,高知県,17.6,108
2010100000,2010年度,40000,福岡県,17.5,119
2010100000,2010年度,41000,佐賀県,17,120
2010100000,2010年度,42000,長崎県,17.5,124
2010100000,2010年度,43000,熊本県,17.4,132
2010100000,2010年度,44000,大分県,17,102
2010100000,2010年度,45000,宮崎県,17.7,145
2010100000,2010年度,46000,鹿児島県,18.9,143
2010100000,2010年度,47000,沖縄県,23.1,149
2009100000,2009年度,1000,北海道,9.4,149
2009100000,2009年度,2000,青森県,10.6,162
2009100000,2009年度,3000,岩手県,10.6,130
2009100000,2009年度,4000,宮城県,12.9,97
2009100000,2009年度,5000,秋田県,12,172
2009100000,2009年度,6000,山形県,12.1,135
2009100000,2009年度,7000,福島県,13.5,92
2009100000,2009年度,8000,茨城県,14.2,107
2009100000,2009年度,9000,栃木県,14.6,98
2009100000,2009年度,10000,群馬県,15.1,101
2009100000,2009年度,11000,埼玉県,15.5,96
2009100000,2009年度,12000,千葉県,16.3,110
2009100000,2009年度,13000,東京都,16.7,105
2009100000,2009年度,14000,神奈川県,16.3,108
2009100000,2009年度,15000,新潟県,14.1,170
2009100000,2009年度,16000,富山県,14.6,170
2009100000,2009年度,17000,石川県,14.8,163
2009100000,2009年度,18000,福井県,14.7,161
2009100000,2009年度,19000,山梨県,15.1,91
2009100000,2009年度,20000,長野県,12.4,111
2009100000,2009年度,21000,岐阜県,16.3,107
2009100000,2009年度,22000,静岡県,17,110
2009100000,2009年度,23000,愛知県,16.5,103
2009100000,2009年度,24000,三重県,16.3,101
2009100000,2009年度,25000,滋賀県,15,121
2009100000,2009年度,26000,京都府,16.1,109
2009100000,2009年度,27000,大阪府,17.1,105
2009100000,2009年度,28000,兵庫県,17.1,99
2009100000,2009年度,29000,奈良県,15.1,108
2009100000,2009年度,30000,和歌山県,16.9,99
2009100000,2009年度,31000,鳥取県,15,134
2009100000,2009年度,32000,島根県,15,140
2009100000,2009年度,33000,岡山県,16.6,83
2009100000,2009年度,34000,広島県,16.4,85
2009100000,2009年度,35000,山口県,15.8,109
2009100000,2009年度,36000,徳島県,16.9,99
2009100000,2009年度,37000,香川県,16.9,81
2009100000,2009年度,38000,愛媛県,16.9,97
2009100000,2009年度,39000,高知県,17.5,117
2009100000,2009年度,40000,福岡県,17.3,101
2009100000,2009年度,41000,佐賀県,16.9,92
2009100000,2009年度,42000,長崎県,17.4,105
2009100000,2009年度,43000,熊本県,17.5,99
2009100000,2009年度,44000,大分県,17,87
2009100000,2009年度,45000,宮崎県,17.8,106
2009100000,2009年度,46000,鹿児島県,19,110
2009100000,2009年度,47000,沖縄県,23.4,118
2008100000,2008年度,1000,北海道,9.5,121
2008100000,2008年度,2000,青森県,10.7,146
2008100000,2008年度,3000,岩手県,10.6,119
2008100000,2008年度,4000,宮城県,12.7,102
2008100000,2008年度,5000,秋田県,12.3,148
2008100000,2008年度,6000,山形県,12,135
2008100000,2008年度,7000,福島県,13.2,107
2008100000,2008年度,8000,茨城県,13.9,101
2008100000,2008年度,9000,栃木県,14.3,119
2008100000,2008年度,10000,群馬県,14.9,112
2008100000,2008年度,11000,埼玉県,15.4,106
2008100000,2008年度,12000,千葉県,16.1,119
2008100000,2008年度,13000,東京都,16.4,115
2008100000,2008年度,14000,神奈川県,16.1,110
2008100000,2008年度,15000,新潟県,14.2,157
2008100000,2008年度,16000,富山県,14.6,163
2008100000,2008年度,17000,石川県,14.9,165
2008100000,2008年度,18000,福井県,14.7,158
2008100000,2008年度,19000,山梨県,14.8,95
2008100000,2008年度,20000,長野県,12.2,109
2008100000,2008年度,21000,岐阜県,16.2,106
2008100000,2008年度,22000,静岡県,16.7,103
2008100000,2008年度,23000,愛知県,16.4,93
2008100000,2008年度,24000,三重県,16.3,101
2008100000,2008年度,25000,滋賀県,15,133
2008100000,2008年度,26000,京都府,16,115
2008100000,2008年度,27000,大阪府,17,108
2008100000,2008年度,28000,兵庫県,17,102
2008100000,2008年度,29000,奈良県,14.9,111
2008100000,2008年度,30000,和歌山県,16.7,106
2008100000,2008年度,31000,鳥取県,15,164
2008100000,2008年度,32000,島根県,15.1,151
2008100000,2008年度,33000,岡山県,16.6,92
2008100000,2008年度,34000,広島県,16.4,91
2008100000,2008年度,35000,山口県,15.8,116
2008100000,2008年度,36000,徳島県,16.8,105
2008100000,2008年度,37000,香川県,16.8,101
2008100000,2008年度,38000,愛媛県,16.7,104
2008100000,2008年度,39000,高知県,17.3,116
2008100000,2008年度,40000,福岡県,17.1,113
2008100000,2008年度,41000,佐賀県,16.8,96
2008100000,2008年度,42000,長崎県,17.3,103
2008100000,2008年度,43000,熊本県,17.2,107
2008100000,2008年度,44000,大分県,16.8,100
2008100000,2008年度,45000,宮崎県,17.4,127
2008100000,2008年度,46000,鹿児島県,18.7,112
2008100000,2008年度,47000,沖縄県,23.4,114
2007100000,2007年度,1000,北海道,9.4,132
2007100000,2007年度,2000,青森県,11.1,151
2007100000,2007年度,3000,岩手県,10.7,126
2007100000,2007年度,4000,宮城県,13.1,98
2007100000,2007年度,5000,秋田県,12.4,158
2007100000,2007年度,6000,山形県,12.2,133
2007100000,2007年度,7000,福島県,13.6,110
2007100000,2007年度,8000,茨城県,14.4,100
2007100000,2007年度,9000,栃木県,14.6,109
2007100000,2007年度,10000,群馬県,15.3,93
2007100000,2007年度,11000,埼玉県,15.8,90
2007100000,2007年度,12000,千葉県,16.6,101
2007100000,2007年度,13000,東京都,17,89
2007100000,2007年度,14000,神奈川県,16.5,100
2007100000,2007年度,15000,新潟県,14.4,157
2007100000,2007年度,16000,富山県,14.9,159
2007100000,2007年度,17000,石川県,15.1,160
2007100000,2007年度,18000,福井県,15,156
2007100000,2007年度,19000,山梨県,15.3,85
2007100000,2007年度,20000,長野県,12.5,102
2007100000,2007年度,21000,岐阜県,16.4,111
2007100000,2007年度,22000,静岡県,17.1,98
2007100000,2007年度,23000,愛知県,16.6,100
2007100000,2007年度,24000,三重県,16.6,100
2007100000,2007年度,25000,滋賀県,15.2,135
2007100000,2007年度,26000,京都府,16.3,109
2007100000,2007年度,27000,大阪府,17.6,98
2007100000,2007年度,28000,兵庫県,17.4,93
2007100000,2007年度,29000,奈良県,15.3,110
2007100000,2007年度,30000,和歌山県,17.3,93
2007100000,2007年度,31000,鳥取県,15.5,152
2007100000,2007年度,32000,島根県,15.7,131
2007100000,2007年度,33000,岡山県,17,85
2007100000,2007年度,34000,広島県,17,86
2007100000,2007年度,35000,山口県,16.2,103
2007100000,2007年度,36000,徳島県,17.4,85
2007100000,2007年度,37000,香川県,17.3,90
2007100000,2007年度,38000,愛媛県,17.3,93
2007100000,2007年度,39000,高知県,17.9,103
2007100000,2007年度,40000,福岡県,18,100
2007100000,2007年度,41000,佐賀県,17.4,87
2007100000,2007年度,42000,長崎県,18,98
2007100000,2007年度,43000,熊本県,18,96
2007100000,2007年度,44000,大分県,17.4,86
2007100000,2007年度,45000,宮崎県,18.1,113
2007100000,2007年度,46000,鹿児島県,19.3,120
2007100000,2007年度,47000,沖縄県,23.5,133
2006100000,2006年度,1000,北海道,9.1,143
2006100000,2006年度,2000,青森県,10.2,158
2006100000,2006年度,3000,岩手県,10.2,120
2006100000,2006年度,4000,宮城県,12.3,107
2006100000,2006年度,5000,秋田県,11.9,175
2006100000,2006年度,6000,山形県,11.7,138
2006100000,2006年度,7000,福島県,13,106
2006100000,2006年度,8000,茨城県,13.9,108
2006100000,2006年度,9000,栃木県,14.2,112
2006100000,2006年度,10000,群馬県,14.8,106
2006100000,2006年度,11000,埼玉県,15.3,95
2006100000,2006年度,12000,千葉県,16,112
2006100000,2006年度,13000,東京都,16.4,106
2006100000,2006年度,14000,神奈川県,16,107
2006100000,2006年度,15000,新潟県,13.9,172
2006100000,2006年度,16000,富山県,14.2,180
2006100000,2006年度,17000,石川県,14.6,173
2006100000,2006年度,18000,福井県,14.5,168
2006100000,2006年度,19000,山梨県,15.1,95
2006100000,2006年度,20000,長野県,12.1,113
2006100000,2006年度,21000,岐阜県,16,124
2006100000,2006年度,22000,静岡県,16.7,114
2006100000,2006年度,23000,愛知県,15.9,119
2006100000,2006年度,24000,三重県,16,109
2006100000,2006年度,25000,滋賀県,14.7,134
2006100000,2006年度,26000,京都府,15.9,114
2006100000,2006年度,27000,大阪府,17,112
2006100000,2006年度,28000,兵庫県,16.9,103
2006100000,2006年度,29000,奈良県,14.9,120
2006100000,2006年度,30000,和歌山県,16.8,104
2006100000,2006年度,31000,鳥取県,15,158
2006100000,2006年度,32000,島根県,15,155
2006100000,2006年度,33000,岡山県,16.4,100
2006100000,2006年度,34000,広島県,16.3,103
2006100000,2006年度,35000,山口県,15.8,119
2006100000,2006年度,36000,徳島県,16.7,110
2006100000,2006年度,37000,香川県,16.5,103
2006100000,2006年度,38000,愛媛県,16.7,110
2006100000,2006年度,39000,高知県,17.7,121
2006100000,2006年度,40000,福岡県,17.2,115
2006100000,2006年度,41000,佐賀県,17,109
2006100000,2006年度,42000,長崎県,17.5,119
2006100000,2006年度,43000,熊本県,17.6,130
2006100000,2006年度,44000,大分県,16.9,108
2006100000,2006年度,45000,宮崎県,17.9,112
2006100000,2006年度,46000,鹿児島県,19.2,126
2006100000,2006年度,47000,沖縄県,23.5,142
2005100000,2005年度,1000,北海道,8.9,141
2005100000,2005年度,2000,青森県,10.1,179
2005100000,2005年度,3000,岩手県,10,143
2005100000,2005年度,4000,宮城県,12.2,101
2005100000,2005年度,5000,秋田県,11.7,192
2005100000,2005年度,6000,山形県,11.6,160
2005100000,2005年度,7000,福島県,12.9,116
2005100000,2005年度,8000,茨城県,13.4,102
2005100000,2005年度,9000,栃木県,13.8,107
2005100000,2005年度,10000,群馬県,14.5,107
2005100000,2005年度,11000,埼玉県,15,87
2005100000,2005年度,12000,千葉県,15.8,95
2005100000,2005年度,13000,東京都,16.2,94
2005100000,2005年度,14000,神奈川県,15.8,96
2005100000,2005年度,15000,新潟県,13.8,179
2005100000,2005年度,16000,富山県,14.2,202
2005100000,2005年度,17000,石川県,14.8,200
2005100000,2005年度,18000,福井県,14.5,193
2005100000,2005年度,19000,山梨県,14.9,75
2005100000,2005年度,20000,長野県,11.6,116
2005100000,2005年度,21000,岐阜県,15.9,107
2005100000,2005年度,22000,静岡県,16.5,93
2005100000,2005年度,23000,愛知県,15.7,90
2005100000,2005年度,24000,三重県,16.1,82
2005100000,2005年度,25000,滋賀県,14.8,136
2005100000,2005年度,26000,京都府,15.9,93
2005100000,2005年度,27000,大阪府,17,92
2005100000,2005年度,28000,兵庫県,16.8,81
2005100000,2005年度,29000,奈良県,14.9,97
2005100000,2005年度,30000,和歌山県,16.6,85
2005100000,2005年度,31000,鳥取県,14.9,152
2005100000,2005年度,32000,島根県,15,154
2005100000,2005年度,33000,岡山県,16.4,71
2005100000,2005年度,34000,広島県,16.1,81
2005100000,2005年度,35000,山口県,15.5,93
2005100000,2005年度,36000,徳島県,16.7,82
2005100000,2005年度,37000,香川県,16.6,85
2005100000,2005年度,38000,愛媛県,16.6,82
2005100000,2005年度,39000,高知県,17,85
2005100000,2005年度,40000,福岡県,17.2,92
2005100000,2005年度,41000,佐賀県,16.6,98
2005100000,2005年度,42000,長崎県,17.2,99
2005100000,2005年度,43000,熊本県,17.1,94
2005100000,2005年度,44000,大分県,16.8,61
2005100000,2005年度,45000,宮崎県,17.4,98
2005100000,2005年度,46000,鹿児島県,18.5,105
2005100000,2005年度,47000,沖縄県,23.1,134
2004100000,2004年度,1000,北海道,9.7,150
2004100000,2004年度,2000,青森県,11.3,165
2004100000,2004年度,3000,岩手県,10.9,128
2004100000,2004年度,4000,宮城県,13.1,100
2004100000,2004年度,5000,秋田県,12.5,183
2004100000,2004年度,6000,山形県,12.6,134
2004100000,2004年度,7000,福島県,13.8,109
2004100000,2004年度,8000,茨城県,14.4,100
2004100000,2004年度,9000,栃木県,14.8,105
2004100000,2004年度,10000,群馬県,15.5,97
2004100000,2004年度,11000,埼玉県,16.1,92
2004100000,2004年度,12000,千葉県,16.8,95
2004100000,2004年度,13000,東京都,17.3,93
2004100000,2004年度,14000,神奈川県,16.9,91
2004100000,2004年度,15000,新潟県,14.7,170
2004100000,2004年度,16000,富山県,15.2,177
2004100000,2004年度,17000,石川県,15.8,171
2004100000,2004年度,18000,福井県,15.5,159
2004100000,2004年度,19000,山梨県,15.8,87
2004100000,2004年度,20000,長野県,12.7,114
2004100000,2004年度,21000,岐阜県,16.9,109
2004100000,2004年度,22000,静岡県,17.5,108
2004100000,2004年度,23000,愛知県,16.8,99
2004100000,2004年度,24000,三重県,17,98
2004100000,2004年度,25000,滋賀県,15.7,118
2004100000,2004年度,26000,京都府,16.8,95
2004100000,2004年度,27000,大阪府,17.9,95
2004100000,2004年度,28000,兵庫県,17.8,85
2004100000,2004年度,29000,奈良県,15.7,102
2004100000,2004年度,30000,和歌山県,17.6,89
2004100000,2004年度,31000,鳥取県,15.8,160
2004100000,2004年度,32000,島根県,15.8,151
2004100000,2004年度,33000,岡山県,17.1,89
2004100000,2004年度,34000,広島県,17,91
2004100000,2004年度,35000,山口県,16.3,108
2004100000,2004年度,36000,徳島県,17.5,97
2004100000,2004年度,37000,香川県,17.3,99
2004100000,2004年度,38000,愛媛県,17.3,99
2004100000,2004年度,39000,高知県,17.9,109
2004100000,2004年度,40000,福岡県,17.8,114
2004100000,2004年度,41000,佐賀県,17.3,101
2004100000,2004年度,42000,長崎県,17.9,97
2004100000,2004年度,43000,熊本県,17.9,113
2004100000,2004年度,44000,大分県,17.4,105
2004100000,2004年度,45000,宮崎県,18.2,116
2004100000,2004年度,46000,鹿児島県,19.2,106
2004100000,2004年度,47000,沖縄県,23.4,113
2003100000,2003年度,1000,北海道,8.8,121
2003100000,2003年度,2000,青森県,10.2,157
2003100000,2003年度,3000,岩手県,10.2,112
2003100000,2003年度,4000,宮城県,12.1,105
2003100000,2003年度,5000,秋田県,11.8,163
2003100000,2003年度,6000,山形県,11.7,128
2003100000,2003年度,7000,福島県,12.7,106
2003100000,2003年度,8000,茨城県,13.3,112
2003100000,2003年度,9000,栃木県,13.7,116
2003100000,2003年度,10000,群馬県,14.3,115
2003100000,2003年度,11000,埼玉県,14.9,120
2003100000,2003年度,12000,千葉県,15.5,125
2003100000,2003年度,13000,東京都,16,113
2003100000,2003年度,14000,神奈川県,15.6,116
2003100000,2003年度,15000,新潟県,13.8,166
2003100000,2003年度,16000,富山県,14.1,177
2003100000,2003年度,17000,石川県,14.8,171
2003100000,2003年度,18000,福井県,14.5,179
2003100000,2003年度,19000,山梨県,14.8,107
2003100000,2003年度,20000,長野県,11.9,119
2003100000,2003年度,21000,岐阜県,15.8,125
2003100000,2003年度,22000,静岡県,16.5,134
2003100000,2003年度,23000,愛知県,15.7,115
2003100000,2003年度,24000,三重県,15.9,122
2003100000,2003年度,25000,滋賀県,14.7,142
2003100000,2003年度,26000,京都府,15.8,120
2003100000,2003年度,27000,大阪府,16.9,103
2003100000,2003年度,28000,兵庫県,16.8,109
2003100000,2003年度,29000,奈良県,14.8,125
2003100000,2003年度,30000,和歌山県,16.6,110
2003100000,2003年度,31000,鳥取県,14.9,181
2003100000,2003年度,32000,島根県,14.8,166
2003100000,2003年度,33000,岡山県,16.2,106
2003100000,2003年度,34000,広島県,16.1,117
2003100000,2003年度,35000,山口県,15.6,135
2003100000,2003年度,36000,徳島県,16.5,116
2003100000,2003年度,37000,香川県,16.5,118
2003100000,2003年度,38000,愛媛県,16.5,118
2003100000,2003年度,39000,高知県,17.3,125
2003100000,2003年度,40000,福岡県,17.2,126
2003100000,2003年度,41000,佐賀県,16.8,124
2003100000,2003年度,42000,長崎県,17.4,125
2003100000,2003年度,43000,熊本県,17.4,121
2003100000,2003年度,44000,大分県,16.6,101
2003100000,2003年度,45000,宮崎県,18,117
2003100000,2003年度,46000,鹿児島県,18.9,120
2003100000,2003年度,47000,沖縄県,23.4,101
2002100000,2002年度,1000,北海道,9.1,126
2002100000,2002年度,2000,青森県,10.5,172
2002100000,2002年度,3000,岩手県,10.2,145
2002100000,2002年度,4000,宮城県,12.7,94
2002100000,2002年度,5000,秋田県,11.8,176
2002100000,2002年度,6000,山形県,12,139
2002100000,2002年度,7000,福島県,13.3,95
2002100000,2002年度,8000,茨城県,14,93
2002100000,2002年度,9000,栃木県,14.3,98
2002100000,2002年度,10000,群馬県,14.8,108
2002100000,2002年度,11000,埼玉県,15.4,84
2002100000,2002年度,12000,千葉県,16.1,101
2002100000,2002年度,13000,東京都,16.7,94
2002100000,2002年度,14000,神奈川県,16.1,105
2002100000,2002年度,15000,新潟県,14.2,173
2002100000,2002年度,16000,富山県,14.5,186
2002100000,2002年度,17000,石川県,15.2,179
2002100000,2002年度,18000,福井県,14.8,158
2002100000,2002年度,19000,山梨県,15,72
2002100000,2002年度,20000,長野県,12.3,106
2002100000,2002年度,21000,岐阜県,16.2,112
2002100000,2002年度,22000,静岡県,16.9,109
2002100000,2002年度,23000,愛知県,16.1,90
2002100000,2002年度,24000,三重県,16.3,101
2002100000,2002年度,25000,滋賀県,15.1,123
2002100000,2002年度,26000,京都府,16.3,95
2002100000,2002年度,27000,大阪府,17.3,96
2002100000,2002年度,28000,兵庫県,17.1,85
2002100000,2002年度,29000,奈良県,15.4,109
2002100000,2002年度,30000,和歌山県,17,107
2002100000,2002年度,31000,鳥取県,15.2,157
2002100000,2002年度,32000,島根県,15.3,151
2002100000,2002年度,33000,岡山県,16.6,83
2002100000,2002年度,34000,広島県,16.5,104
2002100000,2002年度,35000,山口県,15.9,104
2002100000,2002年度,36000,徳島県,16.8,98
2002100000,2002年度,37000,香川県,16.9,92
2002100000,2002年度,38000,愛媛県,17,91
2002100000,2002年度,39000,高知県,17.2,122
2002100000,2002年度,40000,福岡県,17.3,102
2002100000,2002年度,41000,佐賀県,16.9,99
2002100000,2002年度,42000,長崎県,17.5,118
2002100000,2002年度,43000,熊本県,17.4,98
2002100000,2002年度,44000,大分県,17,83
2002100000,2002年度,45000,宮崎県,18,109
2002100000,2002年度,46000,鹿児島県,18.8,125
2002100000,2002年度,47000,沖縄県,23.2,102
2001100000,2001年度,1000,北海道,8.3,139
2001100000,2001年度,2000,青森県,9.9,161
2001100000,2001年度,3000,岩手県,9.9,113
2001100000,2001年度,4000,宮城県,12.2,107
2001100000,2001年度,5000,秋田県,11.6,177
2001100000,2001年度,6000,山形県,11.6,124
2001100000,2001年度,7000,福島県,12.8,108
2001100000,2001年度,8000,茨城県,13.7,92
2001100000,2001年度,9000,栃木県,14,96
2001100000,2001年度,10000,群馬県,14.8,99
2001100000,2001年度,11000,埼玉県,15.2,86
2001100000,2001年度,12000,千葉県,15.8,98
2001100000,2001年度,13000,東京都,16.5,93
2001100000,2001年度,14000,神奈川県,15.9,98
2001100000,2001年度,15000,新潟県,14,175
2001100000,2001年度,16000,富山県,14.3,188
2001100000,2001年度,17000,石川県,14.8,182
2001100000,2001年度,18000,福井県,14.6,178
2001100000,2001年度,19000,山梨県,14.6,87
2001100000,2001年度,20000,長野県,11.8,119
2001100000,2001年度,21000,岐阜県,16,110
2001100000,2001年度,22000,静岡県,16.6,93
2001100000,2001年度,23000,愛知県,16,91
2001100000,2001年度,24000,三重県,16.1,93
2001100000,2001年度,25000,滋賀県,14.9,123
2001100000,2001年度,26000,京都府,16.1,94
2001100000,2001年度,27000,大阪府,17.1,86
2001100000,2001年度,28000,兵庫県,16.9,83
2001100000,2001年度,29000,奈良県,15.1,101
2001100000,2001年度,30000,和歌山県,16.7,90
2001100000,2001年度,31000,鳥取県,14.9,166
2001100000,2001年度,32000,島根県,15,154
2001100000,2001年度,33000,岡山県,16.3,88
2001100000,2001年度,34000,広島県,16.3,94
2001100000,2001年度,35000,山口県,15.6,116
2001100000,2001年度,36000,徳島県,16.5,98
2001100000,2001年度,37000,香川県,16.5,96
2001100000,2001年度,38000,愛媛県,16.6,98
2001100000,2001年度,39000,高知県,17.2,102
2001100000,2001年度,40000,福岡県,17.1,113
2001100000,2001年度,41000,佐賀県,16.7,110
2001100000,2001年度,42000,長崎県,17.4,102
2001100000,2001年度,43000,熊本県,17.2,107
2001100000,2001年度,44000,大分県,16.8,99
2001100000,2001年度,45000,宮崎県,17.7,115
2001100000,2001年度,46000,鹿児島県,18.9,119
2001100000,2001年度,47000,沖縄県,23.4,128
2000100000,2000年度,1000,北海道,9,160
2000100000,2000年度,2000,青森県,10.7,177
2000100000,2000年度,3000,岩手県,10.6,134
2000100000,2000年度,4000,宮城県,12.9,94
2000100000,2000年度,5000,秋田県,12.2,176
2000100000,2000年度,6000,山形県,12.2,143
2000100000,2000年度,7000,福島県,13.5,104
2000100000,2000年度,8000,茨城県,14.2,103
2000100000,2000年度,9000,栃木県,14.3,108
2000100000,2000年度,10000,群馬県,14.9,93
2000100000,2000年度,11000,埼玉県,15.5,79
2000100000,2000年度,12000,千葉県,16.2,100
2000100000,2000年度,13000,東京都,16.9,96
2000100000,2000年度,14000,神奈川県,16.2,96
2000100000,2000年度,15000,新潟県,14.3,170
2000100000,2000年度,16000,富山県,14.6,178
2000100000,2000年度,17000,石川県,15.1,160
2000100000,2000年度,18000,福井県,14.9,159
2000100000,2000年度,19000,山梨県,15.1,91
2000100000,2000年度,20000,長野県,12.2,105
2000100000,2000年度,21000,岐阜県,16.2,111
2000100000,2000年度,22000,静岡県,16.8,104
2000100000,2000年度,23000,愛知県,16.2,90
2000100000,2000年度,24000,三重県,16.4,96
2000100000,2000年度,25000,滋賀県,15.1,130
2000100000,2000年度,26000,京都府,16.2,94
2000100000,2000年度,27000,大阪府,17.2,93
2000100000,2000年度,28000,兵庫県,17,79
2000100000,2000年度,29000,奈良県,15.1,94
2000100000,2000年度,30000,和歌山県,16.8,94
2000100000,2000年度,31000,鳥取県,15.1,152
2000100000,2000年度,32000,島根県,15.3,138
2000100000,2000年度,33000,岡山県,16.5,78
2000100000,2000年度,34000,広島県,16.5,97
2000100000,2000年度,35000,山口県,15.7,118
2000100000,2000年度,36000,徳島県,16.7,98
2000100000,2000年度,37000,香川県,16.7,95
2000100000,2000年度,38000,愛媛県,16.7,101
2000100000,2000年度,39000,高知県,17.1,104
2000100000,2000年度,40000,福岡県,17.2,102
2000100000,2000年度,41000,佐賀県,16.7,107
2000100000,2000年度,42000,長崎県,17.3,111
2000100000,2000年度,43000,熊本県,17.1,104
2000100000,2000年度,44000,大分県,16.8,99
2000100000,2000年度,45000,宮崎県,17.9,113
2000100000,2000年度,46000,鹿児島県,18.8,116
2000100000,2000年度,47000,沖縄県,23,129
1999100000,1999年度,1000,北海道,9.4,143
1999100000,1999年度,2000,青森県,10.9,165
1999100000,1999年度,3000,岩手県,10.9,137
1999100000,1999年度,4000,宮城県,13.2,97
1999100000,1999年度,5000,秋田県,12.4,182
1999100000,1999年度,6000,山形県,12.4,151
1999100000,1999年度,7000,福島県,13.8,101
1999100000,1999年度,8000,茨城県,14.5,95
1999100000,1999年度,9000,栃木県,14.5,98
1999100000,1999年度,10000,群馬県,15.2,97
1999100000,1999年度,11000,埼玉県,15.7,87
1999100000,1999年度,12000,千葉県,16.6,97
1999100000,1999年度,13000,東京都,17,94
1999100000,1999年度,14000,神奈川県,16.5,90
1999100000,1999年度,15000,新潟県,14.4,180
1999100000,1999年度,16000,富山県,14.6,183
1999100000,1999年度,17000,石川県,15.3,181
1999100000,1999年度,18000,福井県,15,177
1999100000,1999年度,19000,山梨県,15.2,82
1999100000,1999年度,20000,長野県,12.4,92
1999100000,1999年度,21000,岐阜県,16.1,110
1999100000,1999年度,22000,静岡県,17,100
1999100000,1999年度,23000,愛知県,16.2,101
1999100000,1999年度,24000,三重県,16.5,93
1999100000,1999年度,25000,滋賀県,15,128
1999100000,1999年度,26000,京都府,16.4,98
1999100000,1999年度,27000,大阪府,17.3,90
1999100000,1999年度,28000,兵庫県,16.8,94
1999100000,1999年度,29000,奈良県,15.3,94
1999100000,1999年度,30000,和歌山県,17.3,89
1999100000,1999年度,31000,鳥取県,15.2,159
1999100000,1999年度,32000,島根県,15.2,142
1999100000,1999年度,33000,岡山県,16.5,76
1999100000,1999年度,34000,広島県,16.7,102
1999100000,1999年度,35000,山口県,15.6,114
1999100000,1999年度,36000,徳島県,17,95
1999100000,1999年度,37000,香川県,16.6,94
1999100000,1999年度,38000,愛媛県,16.6,102
1999100000,1999年度,39000,高知県,17.2,118
1999100000,1999年度,40000,福岡県,17.1,117
1999100000,1999年度,41000,佐賀県,16.6,113
1999100000,1999年度,42000,長崎県,17.3,128
1999100000,1999年度,43000,熊本県,17,116
1999100000,1999年度,44000,大分県,16.6,105
1999100000,1999年度,45000,宮崎県,17.9,118
1999100000,1999年度,46000,鹿児島県,18.8,130
1999100000,1999年度,47000,沖縄県,23.5,119
1998100000,1998年度,1000,北海道,8.8,138
1998100000,1998年度,2000,青森県,10.7,156
1998100000,1998年度,3000,岩手県,10.6,126
1998100000,1998年度,4000,宮城県,12.7,109
1998100000,1998年度,5000,秋田県,12.3,162
1998100000,1998年度,6000,山形県,12.5,131
1998100000,1998年度,7000,福島県,13.6,110
1998100000,1998年度,8000,茨城県,14.1,110
1998100000,1998年度,9000,栃木県,14.3,116
1998100000,1998年度,10000,群馬県,15.3,122
1998100000,1998年度,11000,埼玉県,15.5,120
1998100000,1998年度,12000,千葉県,16.3,117
1998100000,1998年度,13000,東京都,16.7,119
1998100000,1998年度,14000,神奈川県,16.3,117
1998100000,1998年度,15000,新潟県,14.5,186
1998100000,1998年度,16000,富山県,14.9,184
1998100000,1998年度,17000,石川県,15.6,184
1998100000,1998年度,18000,福井県,15.5,173
1998100000,1998年度,19000,山梨県,15.5,113
1998100000,1998年度,20000,長野県,12.8,113
1998100000,1998年度,21000,岐阜県,16.9,125
1998100000,1998年度,22000,静岡県,17.4,135
1998100000,1998年度,23000,愛知県,16.8,121
1998100000,1998年度,24000,三重県,17.2,120
1998100000,1998年度,25000,滋賀県,15.8,130
1998100000,1998年度,26000,京都府,17.1,112
1998100000,1998年度,27000,大阪府,17.8,109
1998100000,1998年度,28000,兵庫県,17.3,108
1998100000,1998年度,29000,奈良県,16,121
1998100000,1998年度,30000,和歌山県,18,108
1998100000,1998年度,31000,鳥取県,16,163
1998100000,1998年度,32000,島根県,16,145
1998100000,1998年度,33000,岡山県,17.3,98
1998100000,1998年度,34000,広島県,17.6,106
1998100000,1998年度,35000,山口県,16.7,119
1998100000,1998年度,36000,徳島県,17.7,105
1998100000,1998年度,37000,香川県,17.5,109
1998100000,1998年度,38000,愛媛県,17.6,103
1998100000,1998年度,39000,高知県,18.2,118
1998100000,1998年度,40000,福岡県,18.1,120
1998100000,1998年度,41000,佐賀県,17.8,112
1998100000,1998年度,42000,長崎県,18.4,104
1998100000,1998年度,43000,熊本県,18.2,105
1998100000,1998年度,44000,大分県,17.4,103
1998100000,1998年度,45000,宮崎県,19.2,121
1998100000,1998年度,46000,鹿児島県,19.8,124
1998100000,1998年度,47000,沖縄県,24.4,149
1997100000,1997年度,1000,北海道,9.1,139
1997100000,1997年度,2000,青森県,10.7,166
1997100000,1997年度,3000,岩手県,10.5,124
1997100000,1997年度,4000,宮城県,12.7,95
1997100000,1997年度,5000,秋田県,11.9,169
1997100000,1997年度,6000,山形県,12,130
1997100000,1997年度,7000,福島県,13.3,100
1997100000,1997年度,8000,茨城県,14,98
1997100000,1997年度,9000,栃木県,14.1,116
1997100000,1997年度,10000,群馬県,15,99
1997100000,1997年度,11000,埼玉県,15.4,100
1997100000,1997年度,12000,千葉県,16.3,94
1997100000,1997年度,13000,東京都,16.7,93
1997100000,1997年度,14000,神奈川県,16.2,96
1997100000,1997年度,15000,新潟県,14,178
1997100000,1997年度,16000,富山県,14.2,180
1997100000,1997年度,17000,石川県,14.7,178
1997100000,1997年度,18000,福井県,14.6,160
1997100000,1997年度,19000,山梨県,14.9,86
1997100000,1997年度,20000,長野県,12,105
1997100000,1997年度,21000,岐阜県,15.9,117
1997100000,1997年度,22000,静岡県,16.7,88
1997100000,1997年度,23000,愛知県,15.8,109
1997100000,1997年度,24000,三重県,16,101
1997100000,1997年度,25000,滋賀県,14.7,133
1997100000,1997年度,26000,京都府,16,104
1997100000,1997年度,27000,大阪府,16.8,104
1997100000,1997年度,28000,兵庫県,16.2,99
1997100000,1997年度,29000,奈良県,14.9,114
1997100000,1997年度,30000,和歌山県,17,104
1997100000,1997年度,31000,鳥取県,15.1,158
1997100000,1997年度,32000,島根県,15,146
1997100000,1997年度,33000,岡山県,16.1,85
1997100000,1997年度,34000,広島県,16.4,95
1997100000,1997年度,35000,山口県,15.6,116
1997100000,1997年度,36000,徳島県,16.7,95
1997100000,1997年度,37000,香川県,16.5,101
1997100000,1997年度,38000,愛媛県,16.7,102
1997100000,1997年度,39000,高知県,16.9,118
1997100000,1997年度,40000,福岡県,17.1,111
1997100000,1997年度,41000,佐賀県,16.6,100
1997100000,1997年度,42000,長崎県,17.3,100
1997100000,1997年度,43000,熊本県,17,106
1997100000,1997年度,44000,大分県,16.5,99
1997100000,1997年度,45000,宮崎県,17.9,123
1997100000,1997年度,46000,鹿児島県,18.7,109
1997100000,1997年度,47000,沖縄県,23,107
1996100000,1996年度,1000,北海道,8.3,137
1996100000,1996年度,2000,青森県,9.9,164
1996100000,1996年度,3000,岩手県,9.7,119
1996100000,1996年度,4000,宮城県,11.9,78
1996100000,1996年度,5000,秋田県,11.2,169
1996100000,1996年度,6000,山形県,11.2,128
1996100000,1996年度,7000,福島県,12.5,90
1996100000,1996年度,8000,茨城県,13,95
1996100000,1996年度,9000,栃木県,13.3,95
1996100000,1996年度,10000,群馬県,14.1,79
1996100000,1996年度,11000,埼玉県,14.5,75
1996100000,1996年度,12000,千葉県,15.3,86
1996100000,1996年度,13000,東京都,15.8,90
1996100000,1996年度,14000,神奈川県,15.4,94
1996100000,1996年度,15000,新潟県,13.3,174
1996100000,1996年度,16000,富山県,13.5,173
1996100000,1996年度,17000,石川県,14.2,176
1996100000,1996年度,18000,福井県,14.1,167
1996100000,1996年度,19000,山梨県,14.2,81
1996100000,1996年度,20000,長野県,11.4,97
1996100000,1996年度,21000,岐阜県,15.2,108
1996100000,1996年度,22000,静岡県,16,94
1996100000,1996年度,23000,愛知県,15.2,93
1996100000,1996年度,24000,三重県,15.2,92
1996100000,1996年度,25000,滋賀県,13.9,136
1996100000,1996年度,26000,京都府,15.3,99
1996100000,1996年度,27000,大阪府,16.3,93
1996100000,1996年度,28000,兵庫県,15.6,87
1996100000,1996年度,29000,奈良県,14.4,98
1996100000,1996年度,30000,和歌山県,16.2,94
1996100000,1996年度,31000,鳥取県,14.5,167
1996100000,1996年度,32000,島根県,14.4,139
1996100000,1996年度,33000,岡山県,15.6,87
1996100000,1996年度,34000,広島県,15.9,98
1996100000,1996年度,35000,山口県,15,111
1996100000,1996年度,36000,徳島県,16.1,91
1996100000,1996年度,37000,香川県,15.8,90
1996100000,1996年度,38000,愛媛県,16,96
1996100000,1996年度,39000,高知県,16.4,105
1996100000,1996年度,40000,福岡県,16.6,107
1996100000,1996年度,41000,佐賀県,16.1,106
1996100000,1996年度,42000,長崎県,16.9,98
1996100000,1996年度,43000,熊本県,16.5,109
1996100000,1996年度,44000,大分県,15.9,95
1996100000,1996年度,45000,宮崎県,17.4,109
1996100000,1996年度,46000,鹿児島県,18.3,112
1996100000,1996年度,47000,沖縄県,22.8,117
1995100000,1995年度,1000,北海道,9.2,159
1995100000,1995年度,2000,青森県,10.7,177
1995100000,1995年度,3000,岩手県,10.3,138
1995100000,1995年度,4000,宮城県,12.6,107
1995100000,1995年度,5000,秋田県,11.8,195
1995100000,1995年度,6000,山形県,11.6,161
1995100000,1995年度,7000,福島県,13,111
1995100000,1995年度,8000,茨城県,13.6,103
1995100000,1995年度,9000,栃木県,13.7,113
1995100000,1995年度,10000,群馬県,14.5,99
1995100000,1995年度,11000,埼玉県,15,99
1995100000,1995年度,12000,千葉県,15.9,90
1995100000,1995年度,13000,東京都,16.3,94
1995100000,1995年度,14000,神奈川県,15.8,90
1995100000,1995年度,15000,新潟県,13.7,196
1995100000,1995年度,16000,富山県,13.6,190
1995100000,1995年度,17000,石川県,14.3,190
1995100000,1995年度,18000,福井県,14,175
1995100000,1995年度,19000,山梨県,14.5,79
1995100000,1995年度,20000,長野県,11.5,116
1995100000,1995年度,21000,岐阜県,15.5,112
1995100000,1995年度,22000,静岡県,16.4,94
1995100000,1995年度,23000,愛知県,15.4,102
1995100000,1995年度,24000,三重県,15.6,93
1995100000,1995年度,25000,滋賀県,14.1,141
1995100000,1995年度,26000,京都府,15.4,87
1995100000,1995年度,27000,大阪府,16.6,91
1995100000,1995年度,28000,兵庫県,15.7,82
1995100000,1995年度,29000,奈良県,14.5,91
1995100000,1995年度,30000,和歌山県,16.2,85
1995100000,1995年度,31000,鳥取県,14.4,167
1995100000,1995年度,32000,島根県,14.4,162
1995100000,1995年度,33000,岡山県,15.6,80
1995100000,1995年度,34000,広島県,15.9,88
1995100000,1995年度,35000,山口県,15,108
1995100000,1995年度,36000,徳島県,16.3,78
1995100000,1995年度,37000,香川県,16,92
1995100000,1995年度,38000,愛媛県,16.1,85
1995100000,1995年度,39000,高知県,16.4,82
1995100000,1995年度,40000,福岡県,16.5,115
1995100000,1995年度,41000,佐賀県,16,99
1995100000,1995年度,42000,長崎県,16.6,106
1995100000,1995年度,43000,熊本県,16.2,106
1995100000,1995年度,44000,大分県,15.9,86
1995100000,1995年度,45000,宮崎県,17.3,100
1995100000,1995年度,46000,鹿児島県,17.8,111
1995100000,1995年度,47000,沖縄県,22.6,111
1994100000,1994年度,1000,北海道,9.5,143
1994100000,1994年度,2000,青森県,11.1,158
1994100000,1994年度,3000,岩手県,10.8,96
1994100000,1994年度,4000,宮城県,13.1,80
1994100000,1994年度,5000,秋田県,12.1,150
1994100000,1994年度,6000,山形県,12.4,120
1994100000,1994年度,7000,福島県,13.8,95
1994100000,1994年度,8000,茨城県,14.3,104
1994100000,1994年度,9000,栃木県,14.5,99
1994100000,1994年度,10000,群馬県,15.4,93
1994100000,1994年度,11000,埼玉県,15.6,92
1994100000,1994年度,12000,千葉県,16.4,96
1994100000,1994年度,13000,東京都,16.9,91
1994100000,1994年度,14000,神奈川県,16.4,105
1994100000,1994年度,15000,新潟県,14.5,150
1994100000,1994年度,16000,富山県,14.7,160
1994100000,1994年度,17000,石川県,15.3,160
1994100000,1994年度,18000,福井県,15.2,154
1994100000,1994年度,19000,山梨県,15.5,79
1994100000,1994年度,20000,長野県,12.7,85
1994100000,1994年度,21000,岐阜県,16.7,83
1994100000,1994年度,22000,静岡県,17.2,96
1994100000,1994年度,23000,愛知県,16.6,85
1994100000,1994年度,24000,三重県,16.7,69
1994100000,1994年度,25000,滋賀県,15.4,103
1994100000,1994年度,26000,京都府,16.7,83
1994100000,1994年度,27000,大阪府,17.7,74
1994100000,1994年度,28000,兵庫県,16.9,65
1994100000,1994年度,29000,奈良県,15.7,71
1994100000,1994年度,30000,和歌山県,17.3,74
1994100000,1994年度,31000,鳥取県,15.6,132
1994100000,1994年度,32000,島根県,15.5,132
1994100000,1994年度,33000,岡山県,16.8,59
1994100000,1994年度,34000,広島県,17.2,63
1994100000,1994年度,35000,山口県,16.1,93
1994100000,1994年度,36000,徳島県,17.3,83
1994100000,1994年度,37000,香川県,17.1,74
1994100000,1994年度,38000,愛媛県,17.1,71
1994100000,1994年度,39000,高知県,17.5,86
1994100000,1994年度,40000,福岡県,17.6,73
1994100000,1994年度,41000,佐賀県,17.3,71
1994100000,1994年度,42000,長崎県,17.7,85
1994100000,1994年度,43000,熊本県,17.4,82
1994100000,1994年度,44000,大分県,16.8,75
1994100000,1994年度,45000,宮崎県,18.2,95
1994100000,1994年度,46000,鹿児島県,18.7,94
1994100000,1994年度,47000,沖縄県,23,117
1993100000,1993年度,1000,北海道,8.7,148
1993100000,1993年度,2000,青森県,10,150
1993100000,1993年度,3000,岩手県,9.7,135
1993100000,1993年度,4000,宮城県,11.8,107
1993100000,1993年度,5000,秋田県,11.1,191
1993100000,1993年度,6000,山形県,11.2,142
1993100000,1993年度,7000,福島県,12.3,112
1993100000,1993年度,8000,茨城県,12.9,133
1993100000,1993年度,9000,栃木県,13,124
1993100000,1993年度,10000,群馬県,13.9,109
1993100000,1993年度,11000,埼玉県,14.2,111
1993100000,1993年度,12000,千葉県,15.1,122
1993100000,1993年度,13000,東京都,15.5,123
1993100000,1993年度,14000,神奈川県,15.1,128
1993100000,1993年度,15000,新潟県,13.2,179
1993100000,1993年度,16000,富山県,13.3,178
1993100000,1993年度,17000,石川県,13.9,185
1993100000,1993年度,18000,福井県,13.9,182
1993100000,1993年度,19000,山梨県,14.2,87
1993100000,1993年度,20000,長野県,11.3,114
1993100000,1993年度,21000,岐阜県,15.1,121
1993100000,1993年度,22000,静岡県,16,111
1993100000,1993年度,23000,愛知県,15,117
1993100000,1993年度,24000,三重県,15.2,117
1993100000,1993年度,25000,滋賀県,13.9,153
1993100000,1993年度,26000,京都府,15.2,122
1993100000,1993年度,27000,大阪府,16.3,112
1993100000,1993年度,28000,兵庫県,15.5,113
1993100000,1993年度,29000,奈良県,14.3,124
1993100000,1993年度,30000,和歌山県,16.1,103
1993100000,1993年度,31000,鳥取県,14.3,174
1993100000,1993年度,32000,島根県,14.2,160
1993100000,1993年度,33000,岡山県,15.3,115
1993100000,1993年度,34000,広島県,15.7,104
1993100000,1993年度,35000,山口県,14.9,124
1993100000,1993年度,36000,徳島県,16,107
1993100000,1993年度,37000,香川県,15.7,110
1993100000,1993年度,38000,愛媛県,15.8,114
1993100000,1993年度,39000,高知県,16.4,124
1993100000,1993年度,40000,福岡県,16.3,124
1993100000,1993年度,41000,佐賀県,16,115
1993100000,1993年度,42000,長崎県,16.6,123
1993100000,1993年度,43000,熊本県,16.2,124
1993100000,1993年度,44000,大分県,15.6,107
1993100000,1993年度,45000,宮崎県,17.2,129
1993100000,1993年度,46000,鹿児島県,17.7,141
1993100000,1993年度,47000,沖縄県,23.1,104
1992100000,1992年度,1000,北海道,8.8,149
1992100000,1992年度,2000,青森県,10.5,161
1992100000,1992年度,3000,岩手県,10.2,133
1992100000,1992年度,4000,宮城県,12.2,95
1992100000,1992年度,5000,秋田県,11.6,163
1992100000,1992年度,6000,山形県,11.7,131
1992100000,1992年度,7000,福島県,12.9,94
1992100000,1992年度,8000,茨城県,13.5,101
1992100000,1992年度,9000,栃木県,13.6,110
1992100000,1992年度,10000,群馬県,14.4,94
1992100000,1992年度,11000,埼玉県,14.7,96
1992100000,1992年度,12000,千葉県,15.6,101
1992100000,1992年度,13000,東京都,16,104
1992100000,1992年度,14000,神奈川県,15.6,117
1992100000,1992年度,15000,新潟県,13.8,172
1992100000,1992年度,16000,富山県,13.9,171
1992100000,1992年度,17000,石川県,14.5,170
1992100000,1992年度,18000,福井県,14.5,162
1992100000,1992年度,19000,山梨県,14.6,90
1992100000,1992年度,20000,長野県,11.8,107
1992100000,1992年度,21000,岐阜県,15.8,115
1992100000,1992年度,22000,静岡県,16.4,115
1992100000,1992年度,23000,愛知県,15.9,108
1992100000,1992年度,24000,三重県,15.9,114
1992100000,1992年度,25000,滋賀県,14.6,131
1992100000,1992年度,26000,京都府,15.9,104
1992100000,1992年度,27000,大阪府,16.9,99
1992100000,1992年度,28000,兵庫県,16,96
1992100000,1992年度,29000,奈良県,14.8,111
1992100000,1992年度,30000,和歌山県,16.5,102
1992100000,1992年度,31000,鳥取県,15,147
1992100000,1992年度,32000,島根県,14.9,150
1992100000,1992年度,33000,岡山県,15.8,97
1992100000,1992年度,34000,広島県,16.3,99
1992100000,1992年度,35000,山口県,15.4,125
1992100000,1992年度,36000,徳島県,16.5,110
1992100000,1992年度,37000,香川県,16.1,105
1992100000,1992年度,38000,愛媛県,16.3,108
1992100000,1992年度,39000,高知県,16.7,121
1992100000,1992年度,40000,福岡県,16.8,123
1992100000,1992年度,41000,佐賀県,16.5,110
1992100000,1992年度,42000,長崎県,17.1,112
1992100000,1992年度,43000,熊本県,16.8,110
1992100000,1992年度,44000,大分県,16.2,107
1992100000,1992年度,45000,宮崎県,17.6,114
1992100000,1992年度,46000,鹿児島県,18.1,117
1992100000,1992年度,47000,沖縄県,22.9,131
1991100000,1991年度,1000,北海道,9.5,137
1991100000,1991年度,2000,青森県,10.8,164
1991100000,1991年度,3000,岩手県,10.5,133
1991100000,1991年度,4000,宮城県,12.5,110
1991100000,1991年度,5000,秋田県,11.8,192
1991100000,1991年度,6000,山形県,12,137
1991100000,1991年度,7000,福島県,13.1,112
1991100000,1991年度,8000,茨城県,14,105
1991100000,1991年度,9000,栃木県,14.1,117
1991100000,1991年度,10000,群馬県,14.8,109
1991100000,1991年度,11000,埼玉県,15.2,102
1991100000,1991年度,12000,千葉県,15.9,112
1991100000,1991年度,13000,東京都,16.4,109
1991100000,1991年度,14000,神奈川県,15.9,118
1991100000,1991年度,15000,新潟県,13.9,179
1991100000,1991年度,16000,富山県,13.9,180
1991100000,1991年度,17000,石川県,14.7,191
1991100000,1991年度,18000,福井県,14.6,191
1991100000,1991年度,19000,山梨県,14.8,105
1991100000,1991年度,20000,長野県,12.2,115
1991100000,1991年度,21000,岐阜県,15.9,129
1991100000,1991年度,22000,静岡県,16.8,114
1991100000,1991年度,23000,愛知県,16.1,114
1991100000,1991年度,24000,三重県,16.1,119
1991100000,1991年度,25000,滋賀県,14.9,138
1991100000,1991年度,26000,京都府,16.1,110
1991100000,1991年度,27000,大阪府,17.1,108
1991100000,1991年度,28000,兵庫県,16.4,99
1991100000,1991年度,29000,奈良県,15.2,117
1991100000,1991年度,30000,和歌山県,16.8,106
1991100000,1991年度,31000,鳥取県,15,171
1991100000,1991年度,32000,島根県,14.7,158
1991100000,1991年度,33000,岡山県,16.1,92
1991100000,1991年度,34000,広島県,16.4,101
1991100000,1991年度,35000,山口県,15.3,140
1991100000,1991年度,36000,徳島県,16.7,107
1991100000,1991年度,37000,香川県,16.3,112
1991100000,1991年度,38000,愛媛県,16.5,115
1991100000,1991年度,39000,高知県,17.2,115
1991100000,1991年度,40000,福岡県,16.6,125
1991100000,1991年度,41000,佐賀県,16.5,124
1991100000,1991年度,42000,長崎県,17,128
1991100000,1991年度,43000,熊本県,16.8,129
1991100000,1991年度,44000,大分県,16.2,122
1991100000,1991年度,45000,宮崎県,17.9,124
1991100000,1991年度,46000,鹿児島県,18.4,133
1991100000,1991年度,47000,沖縄県,23.4,109
1990100000,1990年度,1000,北海道,10.1,141
1990100000,1990年度,2000,青森県,11.7,145
1990100000,1990年度,3000,岩手県,11.3,135
1990100000,1990年度,4000,宮城県,13.6,98
1990100000,1990年度,5000,秋田県,12.7,163
1990100000,1990年度,6000,山形県,12.9,127
1990100000,1990年度,7000,福島県,14.1,92
1990100000,1990年度,8000,茨城県,14.6,103
1990100000,1990年度,9000,栃木県,14.6,118
1990100000,1990年度,10000,群馬県,15.3,99
1990100000,1990年度,11000,埼玉県,15.6,97
1990100000,1990年度,12000,千葉県,16.6,108
1990100000,1990年度,13000,東京都,17,106
1990100000,1990年度,14000,神奈川県,16.6,114
1990100000,1990年度,15000,新潟県,14.9,167
1990100000,1990年度,16000,富山県,14.9,163
1990100000,1990年度,17000,石川県,15.5,169
1990100000,1990年度,18000,福井県,15.4,174
1990100000,1990年度,19000,山梨県,15.3,103
1990100000,1990年度,20000,長野県,12.9,108
1990100000,1990年度,21000,岐阜県,16.5,116
1990100000,1990年度,22000,静岡県,17.1,113
1990100000,1990年度,23000,愛知県,16.6,113
1990100000,1990年度,24000,三重県,16.6,110
1990100000,1990年度,25000,滋賀県,15.4,134
1990100000,1990年度,26000,京都府,16.6,112
1990100000,1990年度,27000,大阪府,17.4,109
1990100000,1990年度,28000,兵庫県,16.7,101
1990100000,1990年度,29000,奈良県,15.5,114
1990100000,1990年度,30000,和歌山県,17.3,105
1990100000,1990年度,31000,鳥取県,15.7,164
1990100000,1990年度,32000,島根県,15.6,163
1990100000,1990年度,33000,岡山県,16.8,108
1990100000,1990年度,34000,広島県,17,115
1990100000,1990年度,35000,山口県,16,121
1990100000,1990年度,36000,徳島県,17.2,108
1990100000,1990年度,37000,香川県,16.8,111
1990100000,1990年度,38000,愛媛県,17,114
1990100000,1990年度,39000,高知県,17.4,118
1990100000,1990年度,40000,福岡県,17.7,115
1990100000,1990年度,41000,佐賀県,17.2,109
1990100000,1990年度,42000,長崎県,17.8,107
1990100000,1990年度,43000,熊本県,17.5,111
1990100000,1990年度,44000,大分県,17,95
1990100000,1990年度,45000,宮崎県,18,121
1990100000,1990年度,46000,鹿児島県,18.8,110
1990100000,1990年度,47000,沖縄県,23,127
1989100000,1989年度,1000,北海道,9.4,125
1989100000,1989年度,2000,青森県,10.9,141
1989100000,1989年度,3000,岩手県,10.9,117
1989100000,1989年度,4000,宮城県,12.7,101
1989100000,1989年度,5000,秋田県,12.1,162
1989100000,1989年度,6000,山形県,12.1,125
1989100000,1989年度,7000,福島県,13.4,110
1989100000,1989年度,8000,茨城県,13.9,114
1989100000,1989年度,9000,栃木県,13.9,124
1989100000,1989年度,10000,群馬県,14.6,124
1989100000,1989年度,11000,埼玉県,15,118
1989100000,1989年度,12000,千葉県,15.9,123
1989100000,1989年度,13000,東京都,16.4,120
1989100000,1989年度,14000,神奈川県,15.9,127
1989100000,1989年度,15000,新潟県,14.2,162
1989100000,1989年度,16000,富山県,14.1,164
1989100000,1989年度,17000,石川県,14.7,173
1989100000,1989年度,18000,福井県,14.6,170
1989100000,1989年度,19000,山梨県,14.5,119
1989100000,1989年度,20000,長野県,12.2,117
1989100000,1989年度,21000,岐阜県,15.9,123
1989100000,1989年度,22000,静岡県,16.5,126
1989100000,1989年度,23000,愛知県,16,110
1989100000,1989年度,24000,三重県,15.9,110
1989100000,1989年度,25000,滋賀県,14.8,133
1989100000,1989年度,26000,京都府,15.8,120
1989100000,1989年度,27000,大阪府,16.9,110
1989100000,1989年度,28000,兵庫県,16,107
1989100000,1989年度,29000,奈良県,14.8,107
1989100000,1989年度,30000,和歌山県,16.6,102
1989100000,1989年度,31000,鳥取県,15,166
1989100000,1989年度,32000,島根県,14.8,166
1989100000,1989年度,33000,岡山県,16,102
1989100000,1989年度,34000,広島県,16.3,104
1989100000,1989年度,35000,山口県,15.4,122
1989100000,1989年度,36000,徳島県,16.6,106
1989100000,1989年度,37000,香川県,15.8,102
1989100000,1989年度,38000,愛媛県,16.3,113
1989100000,1989年度,39000,高知県,16.9,118
1989100000,1989年度,40000,福岡県,17,117
1989100000,1989年度,41000,佐賀県,16.7,105
1989100000,1989年度,42000,長崎県,17.2,106
1989100000,1989年度,43000,熊本県,16.9,108
1989100000,1989年度,44000,大分県,16.3,106
1989100000,1989年度,45000,宮崎県,17.5,114
1989100000,1989年度,46000,鹿児島県,18.4,113
1989100000,1989年度,47000,沖縄県,22.7,115
1988100000,1988年度,1000,北海道,8.2,148
1988100000,1988年度,2000,青森県,9.5,159
1988100000,1988年度,3000,岩手県,9.5,129
1988100000,1988年度,4000,宮城県,11.5,115
1988100000,1988年度,5000,秋田県,10.9,167
1988100000,1988年度,6000,山形県,10.8,147
1988100000,1988年度,7000,福島県,12,114
1988100000,1988年度,8000,茨城県,12.8,104
1988100000,1988年度,9000,栃木県,12.7,114
1988100000,1988年度,10000,群馬県,13.6,106
1988100000,1988年度,11000,埼玉県,14,100
1988100000,1988年度,12000,千葉県,14.9,105
1988100000,1988年度,13000,東京都,15.4,103
1988100000,1988年度,14000,神奈川県,15,106
1988100000,1988年度,15000,新潟県,13,172
1988100000,1988年度,16000,富山県,12.9,184
1988100000,1988年度,17000,石川県,13.7,194
1988100000,1988年度,18000,福井県,13.6,183
1988100000,1988年度,19000,山梨県,13.7,95
1988100000,1988年度,20000,長野県,11,120
1988100000,1988年度,21000,岐阜県,14.9,107
1988100000,1988年度,22000,静岡県,15.9,102
1988100000,1988年度,23000,愛知県,15,105
1988100000,1988年度,24000,三重県,15.2,103
1988100000,1988年度,25000,滋賀県,13.9,125
1988100000,1988年度,26000,京都府,15,100
1988100000,1988年度,27000,大阪府,16.1,97
1988100000,1988年度,28000,兵庫県,15.3,91
1988100000,1988年度,29000,奈良県,14.1,100
1988100000,1988年度,30000,和歌山県,15.9,97
1988100000,1988年度,31000,鳥取県,14,166
1988100000,1988年度,32000,島根県,14.1,160
1988100000,1988年度,33000,岡山県,15.3,75
1988100000,1988年度,34000,広島県,15.5,79
1988100000,1988年度,35000,山口県,14.6,106
1988100000,1988年度,36000,徳島県,15.8,99
1988100000,1988年度,37000,香川県,15.3,99
1988100000,1988年度,38000,愛媛県,15.7,100
1988100000,1988年度,39000,高知県,16.3,96
1988100000,1988年度,40000,福岡県,16.3,111
1988100000,1988年度,41000,佐賀県,15.9,113
1988100000,1988年度,42000,長崎県,16.7,107
1988100000,1988年度,43000,熊本県,16.2,120
1988100000,1988年度,44000,大分県,15.6,95
1988100000,1988年度,45000,宮崎県,17.1,105
1988100000,1988年度,46000,鹿児島県,17.8,126
1988100000,1988年度,47000,沖縄県,23,131
1987100000,1987年度,1000,北海道,8.2,135
1987100000,1987年度,2000,青森県,9.9,159
1987100000,1987年度,3000,岩手県,10.1,117
1987100000,1987年度,4000,宮城県,12.2,102
1987100000,1987年度,5000,秋田県,11.3,160
1987100000,1987年度,6000,山形県,11.7,140
1987100000,1987年度,7000,福島県,13.1,95
1987100000,1987年度,8000,茨城県,13.6,106
1987100000,1987年度,9000,栃木県,13.6,104
1987100000,1987年度,10000,群馬県,14.7,94
1987100000,1987年度,11000,埼玉県,14.9,88
1987100000,1987年度,12000,千葉県,15.6,103
1987100000,1987年度,13000,東京都,16.3,93
1987100000,1987年度,14000,神奈川県,15.8,105
1987100000,1987年度,15000,新潟県,13.9,148
1987100000,1987年度,16000,富山県,14.1,165
1987100000,1987年度,17000,石川県,14.7,157
1987100000,1987年度,18000,福井県,14.6,150
1987100000,1987年度,19000,山梨県,14.8,78
1987100000,1987年度,20000,長野県,12.2,85
1987100000,1987年度,21000,岐阜県,15.9,96
1987100000,1987年度,22000,静岡県,16.7,110
1987100000,1987年度,23000,愛知県,15.9,94
1987100000,1987年度,24000,三重県,16,93
1987100000,1987年度,25000,滋賀県,14.6,123
1987100000,1987年度,26000,京都府,15.9,103
1987100000,1987年度,27000,大阪府,16.8,98
1987100000,1987年度,28000,兵庫県,16,90
1987100000,1987年度,29000,奈良県,15,108
1987100000,1987年度,30000,和歌山県,16.6,93
1987100000,1987年度,31000,鳥取県,14.9,142
1987100000,1987年度,32000,島根県,14.7,147
1987100000,1987年度,33000,岡山県,16.1,84
1987100000,1987年度,34000,広島県,15.5,103
1987100000,1987年度,35000,山口県,15.1,124
1987100000,1987年度,36000,徳島県,16.5,89
1987100000,1987年度,37000,香川県,16,99
1987100000,1987年度,38000,愛媛県,16.3,105
1987100000,1987年度,39000,高知県,16.5,109
1987100000,1987年度,40000,福岡県,16.7,128
1987100000,1987年度,41000,佐賀県,16.3,115
1987100000,1987年度,42000,長崎県,17,122
1987100000,1987年度,43000,熊本県,16.5,131
1987100000,1987年度,44000,大分県,16.1,117
1987100000,1987年度,45000,宮崎県,17.6,130
1987100000,1987年度,46000,鹿児島県,18.2,137
1987100000,1987年度,47000,沖縄県,23.1,132
1986100000,1986年度,1000,北海道,7.7,147
1986100000,1986年度,2000,青森県,9.2,158
1986100000,1986年度,3000,岩手県,9.4,117
1986100000,1986年度,4000,宮城県,11.3,93
1986100000,1986年度,5000,秋田県,10.7,178
1986100000,1986年度,6000,山形県,10.7,125
1986100000,1986年度,7000,福島県,12,99
1986100000,1986年度,8000,茨城県,12.5,95
1986100000,1986年度,9000,栃木県,12.5,101
1986100000,1986年度,10000,群馬県,13.5,92
1986100000,1986年度,11000,埼玉県,13.7,94
1986100000,1986年度,12000,千葉県,14.6,99
1986100000,1986年度,13000,東京都,15.2,101
1986100000,1986年度,14000,神奈川県,14.6,101
1986100000,1986年度,15000,新潟県,12.9,169
1986100000,1986年度,16000,富山県,12.8,170
1986100000,1986年度,17000,石川県,13.7,170
1986100000,1986年度,18000,福井県,13.5,163
1986100000,1986年度,19000,山梨県,13.7,86
1986100000,1986年度,20000,長野県,11,84
1986100000,1986年度,21000,岐阜県,15,103
1986100000,1986年度,22000,静岡県,15.7,96
1986100000,1986年度,23000,愛知県,14.9,94
1986100000,1986年度,24000,三重県,15,88
1986100000,1986年度,25000,滋賀県,13.8,125
1986100000,1986年度,26000,京都府,15,98
1986100000,1986年度,27000,大阪府,15.8,96
1986100000,1986年度,28000,兵庫県,15.2,91
1986100000,1986年度,29000,奈良県,14.2,96
1986100000,1986年度,30000,和歌山県,15.8,95
1986100000,1986年度,31000,鳥取県,13.9,159
1986100000,1986年度,32000,島根県,13.8,141
1986100000,1986年度,33000,岡山県,15.2,78
1986100000,1986年度,34000,広島県,14.8,92
1986100000,1986年度,35000,山口県,14.3,113
1986100000,1986年度,36000,徳島県,15.8,85
1986100000,1986年度,37000,香川県,15.2,89
1986100000,1986年度,38000,愛媛県,15.5,88
1986100000,1986年度,39000,高知県,15.9,100
1986100000,1986年度,40000,福岡県,16,119
1986100000,1986年度,41000,佐賀県,15.7,114
1986100000,1986年度,42000,長崎県,16.3,114
1986100000,1986年度,43000,熊本県,16,119
1986100000,1986年度,44000,大分県,15.4,96
1986100000,1986年度,45000,宮崎県,16.9,111
1986100000,1986年度,46000,鹿児島県,17.5,119
1986100000,1986年度,47000,沖縄県,22.2,103
1985100000,1985年度,1000,北海道,8.3,129
1985100000,1985年度,2000,青森県,10,169
1985100000,1985年度,3000,岩手県,9.9,142
1985100000,1985年度,4000,宮城県,12,96
1985100000,1985年度,5000,秋田県,11.3,181
1985100000,1985年度,6000,山形県,11.3,134
1985100000,1985年度,7000,福島県,12.7,93
1985100000,1985年度,8000,茨城県,13.3,108
1985100000,1985年度,9000,栃木県,13.2,113
1985100000,1985年度,10000,群馬県,14.1,103
1985100000,1985年度,11000,埼玉県,14.3,94
1985100000,1985年度,12000,千葉県,15.1,102
1985100000,1985年度,13000,東京都,15.7,103
1985100000,1985年度,14000,神奈川県,15.2,112
1985100000,1985年度,15000,新潟県,13.4,177
1985100000,1985年度,16000,富山県,13.5,195
1985100000,1985年度,17000,石川県,14.3,189
1985100000,1985年度,18000,福井県,14.2,189
1985100000,1985年度,19000,山梨県,14.2,92
1985100000,1985年度,20000,長野県,11.7,120
1985100000,1985年度,21000,岐阜県,15.4,126
1985100000,1985年度,22000,静岡県,16.2,101
1985100000,1985年度,23000,愛知県,15.5,120
1985100000,1985年度,24000,三重県,15.5,114
1985100000,1985年度,25000,滋賀県,14.4,144
1985100000,1985年度,26000,京都府,15.7,113
1985100000,1985年度,27000,大阪府,16.6,104
1985100000,1985年度,28000,兵庫県,15.8,103
1985100000,1985年度,29000,奈良県,14.8,114
1985100000,1985年度,30000,和歌山県,16.5,93
1985100000,1985年度,31000,鳥取県,14.7,157
1985100000,1985年度,32000,島根県,14.6,160
1985100000,1985年度,33000,岡山県,15.8,92
1985100000,1985年度,34000,広島県,15.4,101
1985100000,1985年度,35000,山口県,15,135
1985100000,1985年度,36000,徳島県,16.2,107
1985100000,1985年度,37000,香川県,15.7,111
1985100000,1985年度,38000,愛媛県,16.2,114
1985100000,1985年度,39000,高知県,16.5,121
1985100000,1985年度,40000,福岡県,16.6,114
1985100000,1985年度,41000,佐賀県,16.3,112
1985100000,1985年度,42000,長崎県,16.9,130
1985100000,1985年度,43000,熊本県,16.7,129
1985100000,1985年度,44000,大分県,16,103
1985100000,1985年度,45000,宮崎県,17.3,122
1985100000,1985年度,46000,鹿児島県,18.1,129
1985100000,1985年度,47000,沖縄県,22.5,128
1984100000,1984年度,1000,北海道,8.1,120
1984100000,1984年度,2000,青森県,9.1,166
1984100000,1984年度,3000,岩手県,9.1,116
1984100000,1984年度,4000,宮城県,10.8,93
1984100000,1984年度,5000,秋田県,10.6,171
1984100000,1984年度,6000,山形県,10.4,124
1984100000,1984年度,7000,福島県,11.6,86
1984100000,1984年度,8000,茨城県,12.1,81
1984100000,1984年度,9000,栃木県,12.3,89
1984100000,1984年度,10000,群馬県,13.2,95
1984100000,1984年度,11000,埼玉県,13.5,85
1984100000,1984年度,12000,千葉県,13.8,86
1984100000,1984年度,13000,東京都,14.9,90
1984100000,1984年度,14000,神奈川県,14.3,86
1984100000,1984年度,15000,新潟県,12.7,172
1984100000,1984年度,16000,富山県,12.9,180
1984100000,1984年度,17000,石川県,13.5,167
1984100000,1984年度,18000,福井県,13.6,162
1984100000,1984年度,19000,山梨県,13.4,73
1984100000,1984年度,20000,長野県,10.8,103
1984100000,1984年度,21000,岐阜県,14.8,100
1984100000,1984年度,22000,静岡県,15.5,92
1984100000,1984年度,23000,愛知県,14.8,82
1984100000,1984年度,24000,三重県,14.8,93
1984100000,1984年度,25000,滋賀県,13.8,125
1984100000,1984年度,26000,京都府,14.9,88
1984100000,1984年度,27000,大阪府,15.8,77
1984100000,1984年度,28000,兵庫県,15.1,78
1984100000,1984年度,29000,奈良県,14,80
1984100000,1984年度,30000,和歌山県,15.6,76
1984100000,1984年度,31000,鳥取県,13.9,156
1984100000,1984年度,32000,島根県,13.9,141
1984100000,1984年度,33000,岡山県,15.3,74
1984100000,1984年度,34000,広島県,14.8,77
1984100000,1984年度,35000,山口県,14.5,89
1984100000,1984年度,36000,徳島県,15.6,79
1984100000,1984年度,37000,香川県,15.1,77
1984100000,1984年度,38000,愛媛県,15.6,79
1984100000,1984年度,39000,高知県,15.9,93
1984100000,1984年度,40000,福岡県,16.1,92
1984100000,1984年度,41000,佐賀県,15.9,87
1984100000,1984年度,42000,長崎県,16.4,91
1984100000,1984年度,43000,熊本県,16.1,88
1984100000,1984年度,44000,大分県,15.4,89
1984100000,1984年度,45000,宮崎県,16.6,121
1984100000,1984年度,46000,鹿児島県,17.6,113
1984100000,1984年度,47000,沖縄県,22.3,133
1983100000,1983年度,1000,北海道,8.3,134
1983100000,1983年度,2000,青森県,9.8,171
1983100000,1983年度,3000,岩手県,9.6,134
1983100000,1983年度,4000,宮城県,11.7,98
1983100000,1983年度,5000,秋田県,11.1,174
1983100000,1983年度,6000,山形県,11.1,143
1983100000,1983年度,7000,福島県,12.2,109
1983100000,1983年度,8000,茨城県,12.8,102
1983100000,1983年度,9000,栃木県,12.9,108
1983100000,1983年度,10000,群馬県,13.8,102
1983100000,1983年度,11000,埼玉県,14.2,99
1983100000,1983年度,12000,千葉県,14.7,108
1983100000,1983年度,13000,東京都,15.7,103
1983100000,1983年度,14000,神奈川県,14.9,112
1983100000,1983年度,15000,新潟県,13.4,186
1983100000,1983年度,16000,富山県,13.4,183
1983100000,1983年度,17000,石川県,14.1,191
1983100000,1983年度,18000,福井県,14.2,177
1983100000,1983年度,19000,山梨県,13.9,100
1983100000,1983年度,20000,長野県,11.4,121
1983100000,1983年度,21000,岐阜県,15.4,113
1983100000,1983年度,22000,静岡県,15.9,120
1983100000,1983年度,23000,愛知県,15.4,107
1983100000,1983年度,24000,三重県,15.2,100
1983100000,1983年度,25000,滋賀県,14.5,137
1983100000,1983年度,26000,京都府,15.4,109
1983100000,1983年度,27000,大阪府,16.5,87
1983100000,1983年度,28000,兵庫県,15.8,89
1983100000,1983年度,29000,奈良県,14.6,114
1983100000,1983年度,30000,和歌山県,16.3,87
1983100000,1983年度,31000,鳥取県,14.5,177
1983100000,1983年度,32000,島根県,14.4,160
1983100000,1983年度,33000,岡山県,16,86
1983100000,1983年度,34000,広島県,15.3,93
1983100000,1983年度,35000,山口県,14.9,111
1983100000,1983年度,36000,徳島県,16.2,95
1983100000,1983年度,37000,香川県,16,99
1983100000,1983年度,38000,愛媛県,16.2,95
1983100000,1983年度,39000,高知県,16.3,98
1983100000,1983年度,40000,福岡県,16.6,112
1983100000,1983年度,41000,佐賀県,16.3,98
1983100000,1983年度,42000,長崎県,16.8,117
1983100000,1983年度,43000,熊本県,16.5,103
1983100000,1983年度,44000,大分県,16,86
1983100000,1983年度,45000,宮崎県,17.4,119
1983100000,1983年度,46000,鹿児島県,17.8,129
1983100000,1983年度,47000,沖縄県,22.9,139
1982100000,1982年度,1000,北海道,8.9,130
1982100000,1982年度,2000,青森県,10.1,140
1982100000,1982年度,3000,岩手県,10.2,121
1982100000,1982年度,4000,宮城県,12.1,89
1982100000,1982年度,5000,秋田県,11.4,153
1982100000,1982年度,6000,山形県,11.2,110
1982100000,1982年度,7000,福島県,12.6,93
1982100000,1982年度,8000,茨城県,13.4,101
1982100000,1982年度,9000,栃木県,13.4,104
1982100000,1982年度,10000,群馬県,14.2,95
1982100000,1982年度,11000,埼玉県,14.5,93
1982100000,1982年度,12000,千葉県,15,107
1982100000,1982年度,13000,東京都,16,103
1982100000,1982年度,14000,神奈川県,15.3,102
1982100000,1982年度,15000,新潟県,13.6,146
1982100000,1982年度,16000,富山県,13.7,150
1982100000,1982年度,17000,石川県,14.2,166
1982100000,1982年度,18000,福井県,14.4,155
1982100000,1982年度,19000,山梨県,14,98
1982100000,1982年度,20000,長野県,11.7,95
1982100000,1982年度,21000,岐阜県,15.3,108
1982100000,1982年度,22000,静岡県,16,117
1982100000,1982年度,23000,愛知県,15.2,108
1982100000,1982年度,24000,三重県,14.8,104
1982100000,1982年度,25000,滋賀県,14.2,130
1982100000,1982年度,26000,京都府,15.2,109
1982100000,1982年度,27000,大阪府,16.1,94
1982100000,1982年度,28000,兵庫県,15.4,95
1982100000,1982年度,29000,奈良県,14.3,110
1982100000,1982年度,30000,和歌山県,15.9,98
1982100000,1982年度,31000,鳥取県,14.4,143
1982100000,1982年度,32000,島根県,14.4,138
1982100000,1982年度,33000,岡山県,-,-
1982100000,1982年度,34000,広島県,15.1,82
1982100000,1982年度,35000,山口県,14.7,107
1982100000,1982年度,36000,徳島県,15.8,100
1982100000,1982年度,37000,香川県,15.5,99
1982100000,1982年度,38000,愛媛県,15.8,95
1982100000,1982年度,39000,高知県,16.2,108
1982100000,1982年度,40000,福岡県,16.4,114
1982100000,1982年度,41000,佐賀県,16.1,94
1982100000,1982年度,42000,長崎県,16.8,104
1982100000,1982年度,43000,熊本県,16.4,102
1982100000,1982年度,44000,大分県,15.6,108
1982100000,1982年度,45000,宮崎県,17.2,113
1982100000,1982年度,46000,鹿児島県,17.8,121
1982100000,1982年度,47000,沖縄県,22.6,114
1981100000,1981年度,1000,北海道,7.8,153
1981100000,1981年度,2000,青森県,9.1,183
1981100000,1981年度,3000,岩手県,9,154
1981100000,1981年度,4000,宮城県,11.2,102
1981100000,1981年度,5000,秋田県,10.6,177
1981100000,1981年度,6000,山形県,10.4,138
1981100000,1981年度,7000,福島県,11.8,113
1981100000,1981年度,8000,茨城県,12.3,89
1981100000,1981年度,9000,栃木県,12.4,102
1981100000,1981年度,10000,群馬県,13.4,100
1981100000,1981年度,11000,埼玉県,13.7,87
1981100000,1981年度,12000,千葉県,14.3,95
1981100000,1981年度,13000,東京都,15,94
1981100000,1981年度,14000,神奈川県,14.9,104
1981100000,1981年度,15000,新潟県,12.6,191
1981100000,1981年度,16000,富山県,12.7,171
1981100000,1981年度,17000,石川県,13.4,192
1981100000,1981年度,18000,福井県,13.6,188
1981100000,1981年度,19000,山梨県,13.4,91
1981100000,1981年度,20000,長野県,10.7,105
1981100000,1981年度,21000,岐阜県,14.5,127
1981100000,1981年度,22000,静岡県,15.5,111
1981100000,1981年度,23000,愛知県,14.3,109
1981100000,1981年度,24000,三重県,14.3,104
1981100000,1981年度,25000,滋賀県,13.4,144
1981100000,1981年度,26000,京都府,14.6,106
1981100000,1981年度,27000,大阪府,15.8,107
1981100000,1981年度,28000,兵庫県,14.8,104
1981100000,1981年度,29000,奈良県,13.9,104
1981100000,1981年度,30000,和歌山県,15.5,99
1981100000,1981年度,31000,鳥取県,13.9,168
1981100000,1981年度,32000,島根県,13.8,161
1981100000,1981年度,33000,岡山県,14.2,95
1981100000,1981年度,34000,広島県,14.3,93
1981100000,1981年度,35000,山口県,14.2,120
1981100000,1981年度,36000,徳島県,15.4,99
1981100000,1981年度,37000,香川県,14.7,97
1981100000,1981年度,38000,愛媛県,15.3,98
1981100000,1981年度,39000,高知県,16.1,103
1981100000,1981年度,40000,福岡県,16.1,104
1981100000,1981年度,41000,佐賀県,15.6,104
1981100000,1981年度,42000,長崎県,16.2,109
1981100000,1981年度,43000,熊本県,15.7,110
1981100000,1981年度,44000,大分県,15.2,96
1981100000,1981年度,45000,宮崎県,17,105
1981100000,1981年度,46000,鹿児島県,17.4,124
1981100000,1981年度,47000,沖縄県,22.2,107
1980100000,1980年度,1000,北海道,7.9,155
1980100000,1980年度,2000,青森県,9.4,165
1980100000,1980年度,3000,岩手県,9.3,133
1980100000,1980年度,4000,宮城県,11.4,112
1980100000,1980年度,5000,秋田県,10.9,177
1980100000,1980年度,6000,山形県,10.7,152
1980100000,1980年度,7000,福島県,12.1,109
1980100000,1980年度,8000,茨城県,13,117
1980100000,1980年度,9000,栃木県,12.9,123
1980100000,1980年度,10000,群馬県,13.5,108
1980100000,1980年度,11000,埼玉県,13.9,113
1980100000,1980年度,12000,千葉県,14.9,109
1980100000,1980年度,13000,東京都,15.4,115
1980100000,1980年度,14000,神奈川県,15,114
1980100000,1980年度,15000,新潟県,12.9,190
1980100000,1980年度,16000,富山県,12.8,184
1980100000,1980年度,17000,石川県,13.5,200
1980100000,1980年度,18000,福井県,13.7,202
1980100000,1980年度,19000,山梨県,13.7,105
1980100000,1980年度,20000,長野県,11.1,120
1980100000,1980年度,21000,岐阜県,14.9,131
1980100000,1980年度,22000,静岡県,15.9,118
1980100000,1980年度,23000,愛知県,14.7,112
1980100000,1980年度,24000,三重県,14.5,119
1980100000,1980年度,25000,滋賀県,13.7,159
1980100000,1980年度,26000,京都府,14.8,120
1980100000,1980年度,27000,大阪府,15.9,117
1980100000,1980年度,28000,兵庫県,15,120
1980100000,1980年度,29000,奈良県,14,113
1980100000,1980年度,30000,和歌山県,15.7,118
1980100000,1980年度,31000,鳥取県,13.7,184
1980100000,1980年度,32000,島根県,13.5,165
1980100000,1980年度,33000,岡山県,14.1,111
1980100000,1980年度,34000,広島県,14.3,118
1980100000,1980年度,35000,山口県,14.1,140
1980100000,1980年度,36000,徳島県,15.4,120
1980100000,1980年度,37000,香川県,14.7,118
1980100000,1980年度,38000,愛媛県,15.1,135
1980100000,1980年度,39000,高知県,15.9,135
1980100000,1980年度,40000,福岡県,15.5,130
1980100000,1980年度,41000,佐賀県,15.6,117
1980100000,1980年度,42000,長崎県,16.1,143
1980100000,1980年度,43000,熊本県,15.6,123
1980100000,1980年度,44000,大分県,15.2,112
1980100000,1980年度,45000,宮崎県,16.7,129
1980100000,1980年度,46000,鹿児島県,17.4,140
1980100000,1980年度,47000,沖縄県,22.5,125
1979100000,1979年度,1000,北海道,8.4,129
1979100000,1979年度,2000,青森県,10.2,169
1979100000,1979年度,3000,岩手県,10.5,130
1979100000,1979年度,4000,宮城県,13.1,115
1979100000,1979年度,5000,秋田県,11.7,170
1979100000,1979年度,6000,山形県,12.1,142
1979100000,1979年度,7000,福島県,13.6,98
1979100000,1979年度,8000,茨城県,14.6,109
1979100000,1979年度,9000,栃木県,14.3,119
1979100000,1979年度,10000,群馬県,15.1,89
1979100000,1979年度,11000,埼玉県,15.4,93
1979100000,1979年度,12000,千葉県,16.2,91
1979100000,1979年度,13000,東京都,16.9,99
1979100000,1979年度,14000,神奈川県,16.2,101
1979100000,1979年度,15000,新潟県,14.1,200
1979100000,1979年度,16000,富山県,14.4,156
1979100000,1979年度,17000,石川県,14.8,186
1979100000,1979年度,18000,福井県,15.1,169
1979100000,1979年度,19000,山梨県,14.6,93
1979100000,1979年度,20000,長野県,12.4,98
1979100000,1979年度,21000,岐阜県,16.2,116
1979100000,1979年度,22000,静岡県,17,118
1979100000,1979年度,23000,愛知県,15.9,106
1979100000,1979年度,24000,三重県,15.6,114
1979100000,1979年度,25000,滋賀県,15,136
1979100000,1979年度,26000,京都府,16,119
1979100000,1979年度,27000,大阪府,17.1,107
1979100000,1979年度,28000,兵庫県,16.3,100
1979100000,1979年度,29000,奈良県,15,109
1979100000,1979年度,30000,和歌山県,16.6,99
1979100000,1979年度,31000,鳥取県,15.1,149
1979100000,1979年度,32000,島根県,14.9,137
1979100000,1979年度,33000,岡山県,15.4,84
1979100000,1979年度,34000,広島県,15.5,91
1979100000,1979年度,35000,山口県,15.1,107
1979100000,1979年度,36000,徳島県,16.5,101
1979100000,1979年度,37000,香川県,16,94
1979100000,1979年度,38000,愛媛県,16.2,107
1979100000,1979年度,39000,高知県,16.8,112
1979100000,1979年度,40000,福岡県,16.7,110
1979100000,1979年度,41000,佐賀県,16.5,100
1979100000,1979年度,42000,長崎県,17.1,117
1979100000,1979年度,43000,熊本県,16.6,106
1979100000,1979年度,44000,大分県,16.2,96
1979100000,1979年度,45000,宮崎県,17.2,120
1979100000,1979年度,46000,鹿児島県,17.9,129
1979100000,1979年度,47000,沖縄県,22.3,140
1978100000,1978年度,1000,北海道,8.2,137
1978100000,1978年度,2000,青森県,10,160
1978100000,1978年度,3000,岩手県,10.2,106
1978100000,1978年度,4000,宮城県,12.2,86
1978100000,1978年度,5000,秋田県,11.4,167
1978100000,1978年度,6000,山形県,11.5,120
1978100000,1978年度,7000,福島県,12.8,87
1978100000,1978年度,8000,茨城県,13.5,80
1978100000,1978年度,9000,栃木県,13.4,90
1978100000,1978年度,10000,群馬県,14.3,84
1978100000,1978年度,11000,埼玉県,14.6,76
1978100000,1978年度,12000,千葉県,15.4,79
1978100000,1978年度,13000,東京都,16.1,81
1978100000,1978年度,14000,神奈川県,15.5,90
1978100000,1978年度,15000,新潟県,13.6,150
1978100000,1978年度,16000,富山県,13.9,165
1978100000,1978年度,17000,石川県,14.4,170
1978100000,1978年度,18000,福井県,14.6,163
1978100000,1978年度,19000,山梨県,14.1,76
1978100000,1978年度,20000,長野県,11.6,106
1978100000,1978年度,21000,岐阜県,15.7,115
1978100000,1978年度,22000,静岡県,16.5,106
1978100000,1978年度,23000,愛知県,15.4,95
1978100000,1978年度,24000,三重県,15.3,90
1978100000,1978年度,25000,滋賀県,14.6,124
1978100000,1978年度,26000,京都府,15.7,100
1978100000,1978年度,27000,大阪府,16.8,74
1978100000,1978年度,28000,兵庫県,15.9,71
1978100000,1978年度,29000,奈良県,14.8,87
1978100000,1978年度,30000,和歌山県,16.3,79
1978100000,1978年度,31000,鳥取県,14.9,136
1978100000,1978年度,32000,島根県,14.9,137
1978100000,1978年度,33000,岡山県,15.2,75
1978100000,1978年度,34000,広島県,15.4,83
1978100000,1978年度,35000,山口県,15.1,99
1978100000,1978年度,36000,徳島県,16.2,96
1978100000,1978年度,37000,香川県,15.8,77
1978100000,1978年度,38000,愛媛県,16.1,77
1978100000,1978年度,39000,高知県,16.5,115
1978100000,1978年度,40000,福岡県,16.8,90
1978100000,1978年度,41000,佐賀県,16.6,78
1978100000,1978年度,42000,長崎県,17.2,100
1978100000,1978年度,43000,熊本県,16.6,80
1978100000,1978年度,44000,大分県,16.3,78
1978100000,1978年度,45000,宮崎県,17.1,120
1978100000,1978年度,46000,鹿児島県,17.9,105
1978100000,1978年度,47000,沖縄県,22.1,152
1977100000,1977年度,1000,北海道,7.8,130
1977100000,1977年度,2000,青森県,9.4,161
1977100000,1977年度,3000,岩手県,9.7,127
1977100000,1977年度,4000,宮城県,11.9,87
1977100000,1977年度,5000,秋田県,11,164
1977100000,1977年度,6000,山形県,11,130
1977100000,1977年度,7000,福島県,12.5,95
1977100000,1977年度,8000,茨城県,13.2,82
1977100000,1977年度,9000,栃木県,13.1,96
1977100000,1977年度,10000,群馬県,14.2,86
1977100000,1977年度,11000,埼玉県,14.4,88
1977100000,1977年度,12000,千葉県,15.2,100
1977100000,1977年度,13000,東京都,15.8,82
1977100000,1977年度,14000,神奈川県,15.4,101
1977100000,1977年度,15000,新潟県,13.1,169
1977100000,1977年度,16000,富山県,13.4,166
1977100000,1977年度,17000,石川県,14.2,165
1977100000,1977年度,18000,福井県,14.1,168
1977100000,1977年度,19000,山梨県,14.3,75
1977100000,1977年度,20000,長野県,11.5,103
1977100000,1977年度,21000,岐阜県,15.4,107
1977100000,1977年度,22000,静岡県,16.5,108
1977100000,1977年度,23000,愛知県,15.4,89
1977100000,1977年度,24000,三重県,15.4,93
1977100000,1977年度,25000,滋賀県,14.2,125
1977100000,1977年度,26000,京都府,15.7,101
1977100000,1977年度,27000,大阪府,16.7,94
1977100000,1977年度,28000,兵庫県,16,93
1977100000,1977年度,29000,奈良県,14.6,105
1977100000,1977年度,30000,和歌山県,16.3,95
1977100000,1977年度,31000,鳥取県,14.2,137
1977100000,1977年度,32000,島根県,14.4,152
1977100000,1977年度,33000,岡山県,14.9,91
1977100000,1977年度,34000,広島県,15.1,92
1977100000,1977年度,35000,山口県,14.7,107
1977100000,1977年度,36000,徳島県,16.1,100
1977100000,1977年度,37000,香川県,15.4,93
1977100000,1977年度,38000,愛媛県,15.8,95
1977100000,1977年度,39000,高知県,16.6,115
1977100000,1977年度,40000,福岡県,16.3,112
1977100000,1977年度,41000,佐賀県,16.1,95
1977100000,1977年度,42000,長崎県,16.8,102
1977100000,1977年度,43000,熊本県,16.4,107
1977100000,1977年度,44000,大分県,15.9,93
1977100000,1977年度,45000,宮崎県,17.1,116
1977100000,1977年度,46000,鹿児島県,17.9,110
1977100000,1977年度,47000,沖縄県,22.6,99
1976100000,1976年度,1000,北海道,7.9,133
1976100000,1976年度,2000,青森県,9.2,169
1976100000,1976年度,3000,岩手県,9.1,142
1976100000,1976年度,4000,宮城県,11.4,111
1976100000,1976年度,5000,秋田県,10.4,180
1976100000,1976年度,6000,山形県,10.5,144
1976100000,1976年度,7000,福島県,11.8,107
1976100000,1976年度,8000,茨城県,12.6,116
1976100000,1976年度,9000,栃木県,12.3,117
1976100000,1976年度,10000,群馬県,13.4,97
1976100000,1976年度,11000,埼玉県,13.6,104
1976100000,1976年度,12000,千葉県,14.6,99
1976100000,1976年度,13000,東京都,15,114
1976100000,1976年度,14000,神奈川県,14.8,113
1976100000,1976年度,15000,新潟県,12.4,171
1976100000,1976年度,16000,富山県,12.8,183
1976100000,1976年度,17000,石川県,13.5,180
1976100000,1976年度,18000,福井県,13.6,184
1976100000,1976年度,19000,山梨県,13.5,93
1976100000,1976年度,20000,長野県,10.8,121
1976100000,1976年度,21000,岐阜県,14.6,125
1976100000,1976年度,22000,静岡県,15.9,126
1976100000,1976年度,23000,愛知県,14.4,118
1976100000,1976年度,24000,三重県,14.7,109
1976100000,1976年度,25000,滋賀県,13.7,139
1976100000,1976年度,26000,京都府,14.9,121
1976100000,1976年度,27000,大阪府,15.9,102
1976100000,1976年度,28000,兵庫県,15.1,103
1976100000,1976年度,29000,奈良県,13.9,118
1976100000,1976年度,30000,和歌山県,15.5,103
1976100000,1976年度,31000,鳥取県,13.7,155
1976100000,1976年度,32000,島根県,13.7,158
1976100000,1976年度,33000,岡山県,14.1,99
1976100000,1976年度,34000,広島県,14.3,105
1976100000,1976年度,35000,山口県,14,133
1976100000,1976年度,36000,徳島県,15.3,101
1976100000,1976年度,37000,香川県,14.7,114
1976100000,1976年度,38000,愛媛県,15.1,109
1976100000,1976年度,39000,高知県,15.9,121
1976100000,1976年度,40000,福岡県,15.6,142
1976100000,1976年度,41000,佐賀県,15.4,118
1976100000,1976年度,42000,長崎県,16.1,142
1976100000,1976年度,43000,熊本県,15.7,128
1976100000,1976年度,44000,大分県,15.3,109
1976100000,1976年度,45000,宮崎県,16.5,127
1976100000,1976年度,46000,鹿児島県,17.2,137
1976100000,1976年度,47000,沖縄県,22,112
1975100000,1975年度,1000,北海道,8.3,134
1975100000,1975年度,2000,青森県,9.9,153
1975100000,1975年度,3000,岩手県,9.8,108
1975100000,1975年度,4000,宮城県,12.2,86
1975100000,1975年度,5000,秋田県,11.5,156
1975100000,1975年度,6000,山形県,11.5,106
1975100000,1975年度,7000,福島県,12.7,85
1975100000,1975年度,8000,茨城県,13,89
1975100000,1975年度,9000,栃木県,12.9,104
1975100000,1975年度,10000,群馬県,13.9,96
1975100000,1975年度,11000,埼玉県,14.2,92
1975100000,1975年度,12000,千葉県,15,94
1975100000,1975年度,13000,東京都,15.6,93
1975100000,1975年度,14000,神奈川県,15.1,96
1975100000,1975年度,15000,新潟県,13.4,167
1975100000,1975年度,16000,富山県,13.6,177
1975100000,1975年度,17000,石川県,14.2,179
1975100000,1975年度,18000,福井県,14.3,185
1975100000,1975年度,19000,山梨県,13.7,92
1975100000,1975年度,20000,長野県,11.5,108
1975100000,1975年度,21000,岐阜県,15.2,116
1975100000,1975年度,22000,静岡県,16.1,106
1975100000,1975年度,23000,愛知県,14.9,103
1975100000,1975年度,24000,三重県,15.2,110
1975100000,1975年度,25000,滋賀県,14.3,142
1975100000,1975年度,26000,京都府,15.5,123
1975100000,1975年度,27000,大阪府,16.3,110
1975100000,1975年度,28000,兵庫県,15.7,96
1975100000,1975年度,29000,奈良県,14.4,117
1975100000,1975年度,30000,和歌山県,16.1,108
1975100000,1975年度,31000,鳥取県,14.5,180
1975100000,1975年度,32000,島根県,14.5,173
1975100000,1975年度,33000,岡山県,14.9,93
1975100000,1975年度,34000,広島県,15.1,102
1975100000,1975年度,35000,山口県,15,127
1975100000,1975年度,36000,徳島県,16,103
1975100000,1975年度,37000,香川県,15.4,109
1975100000,1975年度,38000,愛媛県,15.8,110
1975100000,1975年度,39000,高知県,16.6,128
1975100000,1975年度,40000,福岡県,16.6,116
1975100000,1975年度,41000,佐賀県,16.3,109
1975100000,1975年度,42000,長崎県,16.9,125
1975100000,1975年度,43000,熊本県,16.4,110
1975100000,1975年度,44000,大分県,16.1,104
1975100000,1975年度,45000,宮崎県,16.9,145
1975100000,1975年度,46000,鹿児島県,17.7,144
1975100000,1975年度,47000,沖縄県,22.2,158
